experiment,task_key,source_id,domain,provider,model_id,method,repetition,run_success,technical_failure,final_text,final_semantic_fidelity,final_quality_pass,llm_call_count,total_input_tokens,total_output_tokens,total_tokens,total_llm_latency_sec,total_pipeline_latency_sec,estimated_api_cost_usd,raw_candidate_count,parsed_candidate_count,exact_duplicate_count,quality_valid_candidate_count,quality_rejected_candidate_count,semantic_cluster_count,semantic_duplicates_removed,selected_cluster_id,selected_original_candidate_index,selection_seed,semantic_threshold_used,kazdiv_attempt_used,failure_stage,error_message
Experiment_1_Kazakh_Paraphrase_Generation_FINAL,000a8338797e75a7c8b38cb385ff24726d3559ee231bfa9f0d874c2e1bfae88b,8,general,kazllm,issai/LLama-3.1-KazLLM-1.0-8B,baseline,3,True,False,Қоғамдық орындарда ортақ ережелерді сақтау басқаларға құрмет көрсетудің бір түрі болып саналады.,0.9959402084350586,True,1,515,69,584,1.0448002539997105,1.0506804739998188,0.0,1,1,0,1,0,,,,,,,,,
Experiment_1_Kazakh_Paraphrase_Generation_FINAL,001eced42d326a297d3d767d087062d4e442404f48d02d3f71d32ca570cbc82a,9,general,llama,NousResearch/Meta-Llama-3.1-8B-Instruct,kazdiv,1,True,False,"Адамның жаңа ортаға үйренуі үшін уақыт, тәжірибе және әркімнің ойына қауіпсіз келуі керек.",0.8526953458786011,True,1,597,880,1477,13.111745066998992,13.12365274700096,0.0,13,12,1,12,0,3,9,2,2,13645455551515406687,0.95,1,,
Experiment_1_Kazakh_Paraphrase_Generation_FINAL,0036c778831243603c0c7d5696b43c4274605473e9ced068da7f814d8106ff80,75,technology,llama,NousResearch/Meta-Llama-3.1-8B-Instruct,kazdiv,5,True,False,Деректер базасын жетілдіру ақпаратты сақтау мен іздеу кезінде қолданылатын технологияны жетілдіруге мүмкіндік береді.,0.8311294317245483,True,1,582,805,1387,11.980214901999716,11.992952392000007,0.0,13,13,0,9,4,7,2,4,5,17897320148647744263,0.95,1,,
Experiment_1_Kazakh_Paraphrase_Generation_FINAL,004bbb6682169ce682c2d50bb2c59e09be9b6ce3886779c1c29b2b255cbef627,81,news,llama,NousResearch/Meta-Llama-3.1-8B-Instruct,kazdiv,1,True,False,Қоғамдық көлік бағыттарын тұрғындардың ұсыныстарымен қайта қарастыруды қала әкімі жүзеге асыруды жоспарлады,0.8532690405845642,True,1,610,1056,1666,15.748249492000468,15.758021211999221,0.0,13,8,5,8,0,5,3,0,6,7493104167674350487,0.95,1,,
Experiment_1_Kazakh_Paraphrase_Generation_FINAL,006c53929d6427bac3c17453eee0c7c628500ff6a38deae8145b2cff93cbeda8,26,education,llama,NousResearch/Meta-Llama-3.1-8B-Instruct,kazdiv,3,True,False,Студенттерге білімінің нақты тәжірибеде қолданылуын қамтамасыз ететін жобалар практикалық болып табылады.,0.8862487077713013,True,1,594,881,1475,13.11708963899946,13.126532569000119,0.0,12,10,2,10,0,3,7,2,4,8307619903501096016,0.95,1,,
Experiment_1_Kazakh_Paraphrase_Generation_FINAL,006e5e9cb894b976bb08d3c4d2788e8a62f538b471f530f7f7da2636b54ac1c4,46,science,kazllm,issai/LLama-3.1-KazLLM-1.0-8B,kazdiv,4,True,False,Белгілі бір саладағы негізгі бағыттар мен зерттеу олқылықтарын анықтауға әдебиеттерге жүйелі шолу көмектеседі.,0.9186496734619141,True,1,631,888,1519,13.23202892800009,13.239436318000116,0.0,12,2,10,1,1,1,0,0,1,4221870638577209707,0.95,1,,
Experiment_1_Kazakh_Paraphrase_Generation_FINAL,0085b1404dba9820e5c352344447ab849952e2fae38fc7bb8cb0292574ab7b0a,88,news,llama,NousResearch/Meta-Llama-3.1-8B-Instruct,kazdiv,1,True,False,Қазіргі уақытта мектептерде цифрлық білімді арттыруға арналған сабақтар кезең-кезеңімен енгізілуде.,0.9244778156280518,True,1,600,696,1296,10.355707479000557,10.36894804900112,0.0,12,10,2,10,0,2,8,1,1,9961932594334004097,0.95,1,,
Experiment_1_Kazakh_Paraphrase_Generation_FINAL,00b2d80116442aac1aa0728f516f681be3c81ff99dafee90929fdb4e81b6b76b,28,education,kazllm,issai/LLama-3.1-KazLLM-1.0-8B,baseline,2,True,False,Жеке оқу траекториясы студенттің қабілеті мен білім алу қарқынын ескеруге мүмкіндік береді.,1.0,False,1,496,53,549,0.8032747150000432,0.8049863950000145,0.0,1,1,0,0,1,,,,,,,,,
Experiment_1_Kazakh_Paraphrase_Generation_FINAL,00e52ea6e6c255c96f167079dcd129a616ef16b1f5111e8889118fb7ad30a3fe,98,news,llama,NousResearch/Meta-Llama-3.1-8B-Instruct,baseline,4,True,False,Басқа сөздермен қайта жазылған сөйлем: Жоғары оқу орындары студенттердің өндірістік тәжірибесін күшейту үшін заң тұрақтылық келісімдер жасасты.,0.8552281260490417,True,1,485,97,582,1.4524175989990908,1.4589970590004668,0.0,1,1,0,1,0,,,,,,,,,
Experiment_1_Kazakh_Paraphrase_Generation_FINAL,00ff0c42b33e9331617c51319ed225bc8b75b3bfce322ab9013e25cc67d814d3,85,news,llama,NousResearch/Meta-Llama-3.1-8B-Instruct,kazdiv,2,True,False,Университет зерттеушілері жаңа цифрлық платформаны өндірістік үдерістерді талдауға арналған іске асырды.,0.9694216847419739,True,1,594,760,1354,11.317342218000704,11.330580178000673,0.0,12,11,1,11,0,5,6,1,1,3244843903659642932,0.95,1,,
Experiment_1_Kazakh_Paraphrase_Generation_FINAL,0135e7d63e7972e117d9d5fadf127bb1abc08a12adeb2481c6d6392059dbba88,81,news,llama,NousResearch/Meta-Llama-3.1-8B-Instruct,kazdiv,2,True,False,Қала әкімі тұрғындардың көлік жолдарына қатысты ұсыныстарын қарауға дайындалып жатыр,0.7763926386833191,True,1,610,918,1528,13.67882163899958,13.688126598999588,0.0,12,10,2,1,9,1,0,0,0,2500170400666242868,0.95,1,,
Experiment_1_Kazakh_Paraphrase_Generation_FINAL,0144aecc287e82f65100a34704e88de3f0cde953ca9054abb6ac59be4ec074be,80,technology,llama,NousResearch/Meta-Llama-3.1-8B-Instruct,baseline,4,True,False,"Сөйлемді жай ғана сөздердің орнын ауыстыру арқылы өзгертеміз. Бастапқы сөйлем: Жасанды деректер нақты деректер шектеулі болған жағдайда модельді оқыту мүмкіндігін кеңейте алады. Оқыту - білім беру, білім беру ісін жүзеге асыру процесі. Модельді оқыту – білім беру ісінде қолданылатын құрал-құрылымдардың бірі. Кеңейте алады – оқыту қызметін кеңейтеді, білім беруге жаңа мүмкіндіктер жасайды. Сөйлемді жай ғана сөздердің орнын ауыстыру арқылы өзгертілген сөйлем: Білім беру ісін жүзеге асыру мүмкіндігін кеңейте алады.",0.7371386289596558,False,1,474,320,794,4.741180401999372,4.749683381000068,0.0,1,1,0,0,1,,,,,,,,,
Experiment_1_Kazakh_Paraphrase_Generation_FINAL,014bfa2e1564b6eb5a156db0afb381e2f934148a049b8be5f09dbec55c86d67e,45,science,llama,NousResearch/Meta-Llama-3.1-8B-Instruct,baseline,5,True,False,"Талаптарды орындаған нәтижесінде жаңа сөйлем: Керекті зерттеу нәтижелеріне сүйеніп, бастапқы сұраққа нақты жауап беруі керек.",0.7757152318954468,True,1,477,84,561,1.2596116109998547,1.265920661000564,0.0,1,1,0,1,0,,,,,,,,,
Experiment_1_Kazakh_Paraphrase_Generation_FINAL,0152230720c0572dd658fe79dcf4df5f09d04418da69e598f5dd1efb6820346a,94,news,kazllm,issai/LLama-3.1-KazLLM-1.0-8B,baseline,3,True,False,Зерттеушілер ғылыми конференция барысында деректер қауіпсіздігі мен жасанды интеллект этикасын талқылады.,0.9804232716560364,True,1,496,52,548,0.7886850400000185,0.7944715309995445,0.0,1,1,0,1,0,,,,,,,,,
Experiment_1_Kazakh_Paraphrase_Generation_FINAL,015b28fb9c807f1e80812e1defc4bc1e36938cf79d0ec725faf209bd65880740,39,education,llama,NousResearch/Meta-Llama-3.1-8B-Instruct,kazdiv,1,True,False,Дәлелді жауап құрастыру қабілетін арттыру үшін оқу барысында ашық сұрақтар қойылады.,0.8865607976913452,True,1,599,843,1442,12.552506149000692,12.562326118999408,0.0,13,13,0,13,0,6,7,4,6,8494826127225444543,0.95,1,,
Experiment_1_Kazakh_Paraphrase_Generation_FINAL,016a126d03c1d2ae2f1a34ff88dbda9b3b21e42bf4bc56a4bb8e8ce18ffe68bd,15,general,llama,NousResearch/Meta-Llama-3.1-8B-Instruct,kazdiv,5,True,False,Қалада жаяу жүргіншілерге қолайлы орта тұрғындардың белсенді тіркелген құрлықтары бар,0.8542993068695068,True,1,592,813,1405,12.096366186999148,12.105331506998482,0.0,12,6,6,6,0,3,3,0,5,3556630016561321066,0.95,1,,
Experiment_1_Kazakh_Paraphrase_Generation_FINAL,019ee063d6755901cad3350ab72dacc714ba63a3663370e02239d53c6e2e03c6,51,science,kazllm,issai/LLama-3.1-KazLLM-1.0-8B,baseline,4,True,False,Деректерді алдын ала өңдеу кезінде қателер мен жетіспейтін мәндерді дұрыс анықтау маңызды.,1.0,False,1,502,59,561,0.8908249790001719,0.8925550290000501,0.0,1,1,0,0,1,,,,,,,,,
Experiment_1_Kazakh_Paraphrase_Generation_FINAL,01a1b5001af4bff7ca0d9389c252eb678a8c6f342f3c09538e425afcde047976,52,science,kazllm,issai/LLama-3.1-KazLLM-1.0-8B,kazdiv,4,True,False,Зерттеу нәтижелерін көрсету күрделі байланыстарды түсінуді жеңілдетеді.,0.927051305770874,True,1,610,571,1181,8.494122074999723,8.502289914999892,0.0,12,4,8,2,2,1,1,0,0,1875382488286675073,0.95,1,,
Experiment_1_Kazakh_Paraphrase_Generation_FINAL,01e3f1a7cca3cd568b40030d9a6854da33593d2bb7284e841dd73b74d017c120,75,technology,llama,NousResearch/Meta-Llama-3.1-8B-Instruct,kazdiv,3,True,False,Деректер базасын жәйілдетіп жобалау ақпаратты сақтау мен іздеу тезірек жүргізеді.,0.8706158995628357,True,1,582,678,1260,10.086791808000271,10.097658247999789,0.0,13,13,0,1,12,1,0,0,0,1093442521067449699,0.95,1,,
Experiment_1_Kazakh_Paraphrase_Generation_FINAL,01ea5eb0e32a0e0b0928c3651c2ce28b893a59e657fee8677437e6c1badc85fa,7,general,llama,NousResearch/Meta-Llama-3.1-8B-Instruct,kazdiv,4,True,False,Дұрыс тамақтану мен дұрыс демалыс күнделікті өмір сапасына оң әсер етеді.,0.9035763740539551,True,1,589,604,1193,8.983200332999331,8.993564852999043,0.0,12,10,2,10,0,7,3,3,4,10810142370338568213,0.95,1,,
Experiment_1_Kazakh_Paraphrase_Generation_FINAL,02166a08e43110625739cdcd5eb493ac746024682450635362c756a22228cc1f,32,education,llama,NousResearch/Meta-Llama-3.1-8B-Instruct,baseline,4,True,False,Қазақ тілі тәжірибесінде: Қорғау олардың тақырыпты қаншалықты түсінгенін анықтауға көмектеседі.,0.7840548157691956,True,1,490,72,562,1.0825820380014193,1.0888074679987767,0.0,1,1,0,1,0,,,,,,,,,
Experiment_1_Kazakh_Paraphrase_Generation_FINAL,0221725e5e3581d0a53e1dd0704b9fde503398b2a45544357e28aff850571fc2,55,science,kazllm,issai/LLama-3.1-KazLLM-1.0-8B,kazdiv,2,True,False,Зерттеушілер әдіс таңдағанда оның шектеулерімен қатар артықшылықтарын да ескеруі қажет.,0.9971820712089539,True,1,616,687,1303,10.23046898300072,10.238769452999804,0.0,12,3,9,2,1,1,1,0,0,11664324308693935859,0.95,1,,
Experiment_1_Kazakh_Paraphrase_Generation_FINAL,0299d21592ea46bd0c21b2438661776a66d6058e165f1478e228351fcd7a8610,85,news,kazllm,issai/LLama-3.1-KazLLM-1.0-8B,kazdiv,5,True,False,Өндірістік процесстерді талдау үшін университет зерттеушілері цифрлық платформаны ұсынды.,0.9536165595054626,True,1,619,517,1136,7.689804888999788,7.698750448999817,0.0,12,8,4,8,0,1,7,0,1,1430160453304831805,0.95,1,,
Experiment_1_Kazakh_Paraphrase_Generation_FINAL,02a0b6994f92485bec441f3cabd67a95e1ca4ecb33921b9ff9bb426f16b13b4d,41,science,kazllm,issai/LLama-3.1-KazLLM-1.0-8B,kazdiv,4,True,False,Зерттеу мәселесі нақты мәселені анықтаудан және тексерілетін зерттеу сұрағын тұжырымдаудан басталады.,0.9478161334991455,True,1,624,795,1419,11.842195084000195,11.850619243999972,0.0,12,5,7,4,1,2,2,1,2,4832645721810015839,0.95,1,,
Experiment_1_Kazakh_Paraphrase_Generation_FINAL,02a404f9ab577b89d3b7eea674b36bb6493bcb7657d30f1d3b71f938904e3975,88,news,kazllm,issai/LLama-3.1-KazLLM-1.0-8B,baseline,4,True,False,Мектептерде цифрлық сауаттылықты арттыруға арналған қосымша сабақтар кезең-кезеңімен енгізілуде.,1.0,False,1,507,64,571,0.9642827889992986,0.9660002689997782,0.0,1,1,0,0,1,,,,,,,,,
Experiment_1_Kazakh_Paraphrase_Generation_FINAL,02f5bf398a5c03b53e9c08ced683e141543d6fee733265d71dddc5cfcc0a4745,86,news,kazllm,issai/LLama-3.1-KazLLM-1.0-8B,baseline,3,True,False,Қалада жол қауіпсіздігін арттыру үшін бірнеше жаяу жүргінші өткелдері жаңартылды.,0.9828175902366638,True,1,499,55,554,0.8317638199996509,0.8379444400006832,0.0,1,1,0,1,0,,,,,,,,,
Experiment_1_Kazakh_Paraphrase_Generation_FINAL,030f938fa112d6896963a0ea168605b633a4494a0d9c0b1a45359d93b4df2b9d,71,technology,kazllm,issai/LLama-3.1-KazLLM-1.0-8B,kazdiv,4,True,False,Интернет заттары құрылғылар арасында деректерді автоматты түрде жинауға және алмасуға мүмкіндік береді.,0.9682968854904175,True,1,617,814,1431,12.120625346000452,12.129140856000049,0.0,13,4,9,4,0,1,3,0,1,17637522177270584089,0.95,1,,
Experiment_1_Kazakh_Paraphrase_Generation_FINAL,031a18d4f3cd8e5970616b317d91b053f3582dd1da0f2db39ff16317b5f51239,22,education,llama,NousResearch/Meta-Llama-3.1-8B-Instruct,kazdiv,2,True,False,Сабақ барысында белсенді тапсырмаларды қолдану оқу материалына қызығушылықты өсіруге ықпал етеді.,0.9439307451248169,True,1,595,885,1480,13.182538858000044,13.1916963879994,0.0,13,10,3,10,0,7,3,0,0,5378770159387459240,0.95,1,,
Experiment_1_Kazakh_Paraphrase_Generation_FINAL,03275866778797baee84dd41aa865d3b8bd77c6669a035e9f1441306b311381d,64,technology,llama,NousResearch/Meta-Llama-3.1-8B-Instruct,baseline,4,True,False,Қорғауға бағытталған ақпараттық ресурстарды рұқсатсыз қол жеткізуден.,0.7947181463241577,True,1,486,50,536,0.7594511420011258,0.7655760519992327,0.0,1,1,0,1,0,,,,,,,,,
Experiment_1_Kazakh_Paraphrase_Generation_FINAL,035317198a033e010469b43cb7ddfd537136e8f5f4e91b9eb720d5b592cec200,92,news,kazllm,issai/LLama-3.1-KazLLM-1.0-8B,baseline,1,True,False,Қалалық инфрақұрылымды дамытуға қатысты қоғамдық кеңестің мүшелері бірнеше ұсынысты қарастырды.,0.9814782738685608,True,1,508,68,576,1.0234798680003223,1.0303292580001653,0.0,1,1,0,1,0,,,,,,,,,
Experiment_1_Kazakh_Paraphrase_Generation_FINAL,0375e5322f53b2cb09042546f242acb13f3b755e705df5c07d13d08b6e69cdc8,23,education,kazllm,issai/LLama-3.1-KazLLM-1.0-8B,baseline,4,True,False,Мұғалімнің уақтылы пікірі студентке өзінің қателерін түсінуге және нәтижесін жақсартуға көмектеседі.,0.917699933052063,True,1,512,74,586,1.111364617000163,1.1172351669999898,0.0,1,1,0,1,0,,,,,,,,,
Experiment_1_Kazakh_Paraphrase_Generation_FINAL,03c0288bcd071556370ee375d8e03fe72aaa940b6495670d90bd6db54d70ed6b,19,general,kazllm,issai/LLama-3.1-KazLLM-1.0-8B,baseline,5,True,False,Жергілікті мәдени дәстүрлерді сақтау қоғамның тарихи естеліктерін келесі ұрпаққа жеткізеді.,0.9677037000656128,True,1,506,65,571,0.9797728799999277,0.9860027099998661,0.0,1,1,0,1,0,,,,,,,,,
Experiment_1_Kazakh_Paraphrase_Generation_FINAL,03d81ca99569954c33da0dd82b1f7c923cdb9de1fb64ae5b95122a0b712762c1,87,news,llama,NousResearch/Meta-Llama-3.1-8B-Instruct,kazdiv,5,True,False,Шағын және орта бизнесті қолдауға арналған оқыту бағдарламасы аймақта іске қосылды.,0.9597171545028687,True,1,597,738,1335,10.985836371000914,10.999890601000516,0.0,13,11,2,10,1,6,4,2,2,11871436811122181381,0.95,1,,
Experiment_1_Kazakh_Paraphrase_Generation_FINAL,03f6386c526b7312a90db5c43a1b6501d103a1a278d62c8dcaddd94f4db7af2f,54,science,kazllm,issai/LLama-3.1-KazLLM-1.0-8B,kazdiv,5,True,False,Ғылыми нәтижелерді тексеру және қайта пайдалану үшін ашық деректерді пайдалану,0.8234702348709106,True,1,616,585,1201,8.704766338999434,8.7128141889998,0.0,12,3,9,3,0,3,0,1,1,12241697187083767137,0.95,1,,
Experiment_1_Kazakh_Paraphrase_Generation_FINAL,04504b6190caf4e35e6689afd17a2adf7365dafcf01b21896c46c771cbf28717,94,news,llama,NousResearch/Meta-Llama-3.1-8B-Instruct,baseline,3,True,False,"Зерттеушілер конференцияда зерттеулерінің нәтижелерін ұсынып, деректерді қорғау және жасанды интеллекттің этикалық және құқықтық мәселелерін талқылайды.",0.8957619071006775,True,1,471,95,566,1.4230760789996566,1.429813168999317,0.0,1,1,0,1,0,,,,,,,,,
Experiment_1_Kazakh_Paraphrase_Generation_FINAL,048f0dda22828ba21914727578f1f9f48e81c7a91687c030569271767cf1ed06,48,science,llama,NousResearch/Meta-Llama-3.1-8B-Instruct,baseline,4,True,False,Қайта жазылған сөйлем: Зерттеу үлгісінің үлкені нәтижелердің статистикалық тұрақтылығына әсер етуі мүмкін.,0.8955751657485962,True,1,484,76,560,1.1426263510002173,1.1489000109995686,0.0,1,1,0,1,0,,,,,,,,,
Experiment_1_Kazakh_Paraphrase_Generation_FINAL,04b2b033f6d8a655e906b3899ef7891e198ad69ca0ca4a0aa316af1919f9b567,98,news,kazllm,issai/LLama-3.1-KazLLM-1.0-8B,baseline,3,True,False,Оқу орындары студенттердің өндірістік тәжірибесін күшейту үшін компаниялармен жаңа келісімдер жасасты.,0.9851943254470825,True,1,510,61,571,0.9215847719997328,0.9276677220004785,0.0,1,1,0,1,0,,,,,,,,,
Experiment_1_Kazakh_Paraphrase_Generation_FINAL,04d51842e0995e175ce7bc48cfdee0392a69717c93be16469d31508f26dfa780,64,technology,llama,NousResearch/Meta-Llama-3.1-8B-Instruct,kazdiv,4,True,False,Қауіпсіздік жүйелері ақпараттық ресурстарды бұзақылардан қорғауға арналған.,0.8965303301811218,True,1,604,814,1418,12.119341371999326,12.131300552000539,0.0,13,10,3,10,0,7,3,2,5,17494284481137097971,0.95,1,,
Experiment_1_Kazakh_Paraphrase_Generation_FINAL,0550b88f62e4a725fb4a6e828b63cdd301f551bb2e141f28a6b245577b495460,5,general,llama,NousResearch/Meta-Llama-3.1-8B-Instruct,baseline,3,True,False,Қоршаған ортаны таза ұстау әр адамның міндетінен басталады.,0.9841088056564331,True,1,461,37,498,0.5673129360002349,0.5735967260006873,0.0,1,1,0,1,0,,,,,,,,,
Experiment_1_Kazakh_Paraphrase_Generation_FINAL,0561759b0fe9802d99f03ff5a3a63031d439e2a136bc564d01ece6681326f262,35,education,llama,NousResearch/Meta-Llama-3.1-8B-Instruct,kazdiv,2,True,False,Әртүрлі салалардағы білімді біріктіру білімді даралайды.,0.7614803314208984,True,1,604,469,1073,6.97467209000024,6.984596180000153,0.0,12,9,3,8,1,5,3,2,3,17833116307397066085,0.95,1,,
Experiment_1_Kazakh_Paraphrase_Generation_FINAL,058ba6b1d07840c32e5fa7dbd43f73002bddfc8a53402188c45378e5ffced2b1,34,education,llama,NousResearch/Meta-Llama-3.1-8B-Instruct,baseline,2,True,False,Сөйлемді жаңа сөздермен қайта жазу: Оқушыларға құратын тақырыптарды жасаулардың көмегімен түсіну студенттерге жаңа білімдерді үйренуін жұмысқа оңайлатады.,0.7967972755432129,True,1,484,106,590,1.5827485230001912,1.589042743000391,0.0,1,1,0,1,0,,,,,,,,,
Experiment_1_Kazakh_Paraphrase_Generation_FINAL,0590679b7241171dec8132c0a791515e1e9144048e5028be74a596290d8119d2,14,general,llama,NousResearch/Meta-Llama-3.1-8B-Instruct,baseline,3,True,False,"Талаптарды орындаған жаңа сөйлем: Сондай-ақ, әртүрлі көзқарастардың көрінісі жан-жақты түсінуге мүмкіндік береді. Қазақ тілінің грамматикалық және орфографиялық нормаларын сақтай отырып, бастапқы сөйлемді жаңа сөздермен қайта жазу нәтижесінде жаңа сөйлем жарияланды.",0.665071964263916,False,1,473,179,652,2.6597401380004158,2.666368797001269,0.0,1,1,0,0,1,,,,,,,,,
Experiment_1_Kazakh_Paraphrase_Generation_FINAL,0592bb5034d9106bdf2a2cf947b7f3e6ec596a1c0e9ca768856a8146f1a20adb,4,general,kazllm,issai/LLama-3.1-KazLLM-1.0-8B,kazdiv,3,True,False,Адамның қайталанатын әдеттері оның ұзақ мерзімді мақсаттарына біртіндеп жетуіне мүмкіндік береді.,0.9166528582572937,True,1,623,691,1314,10.28851152299967,10.296888592999949,0.0,12,4,8,4,0,3,1,2,3,3991348954512345289,0.95,1,,
Experiment_1_Kazakh_Paraphrase_Generation_FINAL,05d2d342707f24f0a148d61bd26940cf95d3beb9a101c3640b7a667b717bffe2,84,news,kazllm,issai/LLama-3.1-KazLLM-1.0-8B,kazdiv,5,True,False,Ресми кездесуде жергілікті кәсіпкерлерге арналған жаңа қолдау бағдарламасының шарттары таныстырылды.,0.9755045771598816,True,2,1242,1336,2578,19.895916304999446,19.901399626000057,0.0,12,2,10,1,1,1,0,0,1,14400251514585697716,0.95,2,,
Experiment_1_Kazakh_Paraphrase_Generation_FINAL,05f0ec1ad43a8ee4a3590bf0847518d5e95de086531465f5521c6a0184273e3f,14,general,kazllm,issai/LLama-3.1-KazLLM-1.0-8B,kazdiv,2,True,False,Әртүрлі көзқарастарды тыңдау арқылы мәселені жан-жақты түсіну мүмкін болады.,0.9684339165687561,True,1,616,766,1382,11.400571181000032,11.409316280999974,0.0,14,6,8,5,1,2,3,1,2,16819029674482038208,0.95,1,,
Experiment_1_Kazakh_Paraphrase_Generation_FINAL,0630a1445e1fda55d28d15e40dec3a6f8b1ea9ead8b49cc057b9281492b67302,45,science,kazllm,issai/LLama-3.1-KazLLM-1.0-8B,baseline,1,True,False,Зерттеу нәтижелеріне негізделген ғылыми қорытынды бастапқы сұраққа нақты жауап беруі тиіс.,0.9658375978469849,True,1,502,56,558,0.8469796459999088,0.8537664959999347,0.0,1,1,0,1,0,,,,,,,,,
Experiment_1_Kazakh_Paraphrase_Generation_FINAL,0643dda53eb698b4186d0e6e683bc9c390be4f3694dc40936276564c41aa4e82,20,general,kazllm,issai/LLama-3.1-KazLLM-1.0-8B,baseline,3,True,False,Ауыр мәселені бірнеше кішігірім қадамға бөлу оны шешу процесін жеңілдетеді.,0.987096905708313,True,1,495,47,542,0.7147301649999918,0.7205454639999971,0.0,1,1,0,1,0,,,,,,,,,
Experiment_1_Kazakh_Paraphrase_Generation_FINAL,065b8db755c012eaaa69aaf2b63083ee9c85c8adde7d24dcdc3dde7a2a9112b4,94,news,kazllm,issai/LLama-3.1-KazLLM-1.0-8B,baseline,5,True,False,Ғылыми конференция барысында зерттеушілер деректер қауіпсіздігі мен жасанды интеллект этикасын талқылады.,0.9842150211334229,True,1,496,52,548,0.7890340109997851,0.7907530210004552,0.0,1,1,0,1,0,,,,,,,,,
Experiment_1_Kazakh_Paraphrase_Generation_FINAL,06b4a685f98e1d3d23547ae85a602c459d196b7dec45435fbe3630745d4b0d45,47,science,kazllm,issai/LLama-3.1-KazLLM-1.0-8B,kazdiv,2,True,False,Бірнеше көрсеткіш бойынша күрделі құбылыстарды талдауға мүмкіндік беретін үлкен деректер жиынтығы бар.,0.9242615699768066,True,1,628,841,1469,12.534121152999887,12.542545993000203,0.0,12,3,9,2,1,2,0,1,1,14496552061127388143,0.95,1,,
Experiment_1_Kazakh_Paraphrase_Generation_FINAL,06bd1492391b554d9427d548e4efcdcb2e5a2f0d276d1ada9ead7096ac69b74f,26,education,llama,NousResearch/Meta-Llama-3.1-8B-Instruct,kazdiv,5,True,False,Практикалық жобалар студенттердің білімін іске асырудағы қабілетін арттырады.,0.904025137424469,True,1,594,578,1172,8.59782434799854,8.607498597000813,0.0,13,10,3,10,0,2,8,1,5,4337212900187672696,0.95,1,,
Experiment_1_Kazakh_Paraphrase_Generation_FINAL,06c969e882c943127efaf7d4585d4513782dd08a8b9d31d047965708552aaeeb,85,news,kazllm,issai/LLama-3.1-KazLLM-1.0-8B,baseline,3,True,False,Зерттеушілер университеті өндірістік процестерді талдау үшін цифрлық платформаны енгізді.,0.9391601085662842,True,1,501,44,545,0.6706657820004693,0.6766758720004873,0.0,1,1,0,1,0,,,,,,,,,
Experiment_1_Kazakh_Paraphrase_Generation_FINAL,06f239bcb4087c54c0ff40d7481995bce12d7d5f47b22df4f2bf6cd69bde27d3,92,news,llama,NousResearch/Meta-Llama-3.1-8B-Instruct,kazdiv,3,True,False,Қоғамдық кеңестің мүшелері қаланы дамытуға байланысты ұсыныстарды қарастырды.,0.8951898217201233,True,1,601,711,1312,10.583816076999938,10.595612626999355,0.0,12,12,0,12,0,2,10,1,4,14869181166617206394,0.95,1,,
Experiment_1_Kazakh_Paraphrase_Generation_FINAL,072831057acc17ea7e08ca43244fa603ac36548a54a2f20303ec14f3f9bb9eda,79,technology,llama,NousResearch/Meta-Llama-3.1-8B-Instruct,baseline,4,True,False,"Берілген қазақ тіліндегі сөйлемді мағынасын толық сақтай отырып, табиғи қазақ тілінде басқа сөздермен қайта жазу: Қолжетімділік сервистердің пайдаланылуы пайдаланушылардың әртүрлі құрылғылардан қызмет алуына шарт жасайды.",0.7286396026611328,False,1,491,144,635,2.144708592000825,2.151376561998404,0.0,1,1,0,0,1,,,,,,,,,
Experiment_1_Kazakh_Paraphrase_Generation_FINAL,074431a7f2509dea60684a7ec63931550da62af9e439e6c066f0219f01ed8876,73,technology,llama,NousResearch/Meta-Llama-3.1-8B-Instruct,baseline,5,True,False,"Үлкен тілдік модельдер мәтінді талдау, жүйелендіру және ақпаратты өңдеу міндеттерінде кеңінен қолданылады.",0.9868854284286499,True,1,485,67,552,1.0105315809996682,1.016846381000505,0.0,1,1,0,1,0,,,,,,,,,
Experiment_1_Kazakh_Paraphrase_Generation_FINAL,077aa0905437c90b2ffc166f66aaa39864873ae8b8d3df3a4a0ccba48c0d68a0,63,technology,llama,NousResearch/Meta-Llama-3.1-8B-Instruct,baseline,4,True,False,Қосымша ресурстар күрделі бағдарламаларды жергілікті инфрақұрылымсыз іске қосуға мүмкіндік береді.,0.8373459577560425,True,1,492,60,552,0.9067034309991868,0.9129079809990799,0.0,1,1,0,1,0,,,,,,,,,
Experiment_1_Kazakh_Paraphrase_Generation_FINAL,07ba07cc069a5c5530fd29ed950627ee09cdaf342158a71f37f1722b10bc6e8f,57,science,llama,NousResearch/Meta-Llama-3.1-8B-Instruct,baseline,1,True,False,Талаптарға сай жаңа сөйлем: Жеткілікті деңгейде негіздеуі керек зерттеу тұжырымдарын ғылыми мақалада қолданылған дереккөздер.,0.828007698059082,True,1,478,79,557,1.186472600000343,1.19286424999882,0.0,1,1,0,1,0,,,,,,,,,
Experiment_1_Kazakh_Paraphrase_Generation_FINAL,07d85329658b83312103169a9e80cb4b6bb13754be17d905ddf6338e8611242c,94,news,llama,NousResearch/Meta-Llama-3.1-8B-Instruct,kazdiv,2,True,False,Ғылыми конференция кезінде зерттеушілер жасанды интеллекттің этикалық мәселелері мен деректерді қауіпсіздігін талқылап отырды.,0.9540846347808838,True,1,589,811,1400,12.079578635000871,12.08926310500101,0.0,12,11,1,11,0,1,10,0,10,3885058370342958158,0.95,1,,
Experiment_1_Kazakh_Paraphrase_Generation_FINAL,07db74ab629575dc6c31248e88fad1e55b37b68661de6d84658f0218362e9ecb,27,education,llama,NousResearch/Meta-Llama-3.1-8B-Instruct,baseline,5,True,False,Талаптарды орындаған нәтижесінде жаңа сөйлем: Тапсырма талаптарын алдын ала түсіндіргенде студенттер оны жақсырақ түсінеді.,0.8242456912994385,True,1,475,78,553,1.1717579070009378,1.1779864569998608,0.0,1,1,0,1,0,,,,,,,,,
Experiment_1_Kazakh_Paraphrase_Generation_FINAL,0810560b90e9ea343f3650be74a40a9cc876dcb2e7f649aa2c4a41de2b531d36,26,education,kazllm,issai/LLama-3.1-KazLLM-1.0-8B,kazdiv,1,True,False,Практикалық жобалар студенттерге алған білімін нақты мәселелерді шешуде қолдануға мүмкіндік береді.,0.9966397881507874,True,1,619,823,1442,12.260212453999884,12.269123843999978,0.0,12,6,6,6,0,1,5,0,3,3090977533942064370,0.95,1,,
Experiment_1_Kazakh_Paraphrase_Generation_FINAL,083315d22bbf0ebd7e30941062712d70c1585a8f9c90c3312b243b0415304686,57,science,kazllm,issai/LLama-3.1-KazLLM-1.0-8B,kazdiv,3,True,False,Ғылыми мақалада қолданылған дереккөздер зерттеу нәтижелерін жеткілікті деңгейде негіздеуі керек.,0.9819105863571167,True,1,621,715,1336,10.643130378999558,10.650324768000246,0.0,12,2,10,1,1,1,0,0,1,10474943072540566764,0.95,1,,
Experiment_1_Kazakh_Paraphrase_Generation_FINAL,083854dc4b6f3207b66cfcf042981df56cd1e4a983eeabca97705f4cd01e13fa,13,general,kazllm,issai/LLama-3.1-KazLLM-1.0-8B,kazdiv,4,True,False,Жұмыс сапасын жақсартуда кері байланыс уақтылы болған кезде тиімді болады.,0.9130693674087524,True,1,612,558,1170,8.297640410999975,8.306595941000069,0.0,12,12,0,12,0,3,9,0,0,11436018122995388528,0.95,1,,
Experiment_1_Kazakh_Paraphrase_Generation_FINAL,086da429cdfa203769395ca7ab64c0d5e6faf6f9a8dbd9dbd6028dee5daa8db0,15,general,kazllm,issai/LLama-3.1-KazLLM-1.0-8B,kazdiv,3,True,False,Қаладағы жаяу жүргіншілерге арналған орта тұрғындардың белсенді өмір салтын қолдайды.,0.9329096674919128,True,1,617,711,1328,10.582076126000175,10.590360026000099,0.0,12,6,6,5,1,2,3,1,2,2148909647271746847,0.95,1,,
Experiment_1_Kazakh_Paraphrase_Generation_FINAL,0887f3a532d5cad89baa47c22000ad274c42bbb81927373bde19f42ac5e6e488,85,news,kazllm,issai/LLama-3.1-KazLLM-1.0-8B,baseline,2,True,False,Университеттік зерттеушілер өндіріс процестерін зерттеу үшін жаңа цифрлық платформаны жасап шығарды.,0.9503047466278076,True,1,501,56,557,0.847387499999968,0.8536678000000393,0.0,1,1,0,1,0,,,,,,,,,
Experiment_1_Kazakh_Paraphrase_Generation_FINAL,08bdbeedd5756e25ca91caf3897527fed21bfb706adc6851dd21325781f79ff4,82,news,kazllm,issai/LLama-3.1-KazLLM-1.0-8B,baseline,2,True,False,"Өңірде жаңа білім беру орталығы ашылып, оқушыларға қосымша технологиялық курстар ұсыныла бастады.",0.9999999403953552,False,1,504,61,565,0.9204379089997019,0.9221483189994615,0.0,1,1,0,0,1,,,,,,,,,
Experiment_1_Kazakh_Paraphrase_Generation_FINAL,08dac06e1bf8f54022ddeff112aaef04403edd18e71590f63748db37c93b1e6d,60,science,kazllm,issai/LLama-3.1-KazLLM-1.0-8B,kazdiv,4,True,False,Зерттеу нәтижелерінің практикалық маңызын бағалау тек статистикалық маңыздылықты түсіндіруге шектелмеуі тиіс.,0.9759588241577148,True,1,628,825,1453,12.297541500999614,12.306277249999766,0.0,12,7,5,7,0,1,6,0,4,12924820919804609614,0.95,1,,
Experiment_1_Kazakh_Paraphrase_Generation_FINAL,08f86270490fbcdd4bda59af18eaff6dcf82385a39ac7bc4d6235095a1fa882d,91,news,kazllm,issai/LLama-3.1-KazLLM-1.0-8B,baseline,5,True,False,Өңірлік форумда білім беру мен өндірісте жасанды интеллектіні қолдану мәселелері талқыланды.,0.9917567372322083,True,1,497,54,551,0.8181954800002131,0.8199263099995733,0.0,1,1,0,1,0,,,,,,,,,
Experiment_1_Kazakh_Paraphrase_Generation_FINAL,08fb7e216bdc6582f4630730b957a64e881fb2d7a24011f530b09010020fe565,61,technology,kazllm,issai/LLama-3.1-KazLLM-1.0-8B,baseline,1,True,False,Жасанды интеллект үлкен көлемдегі деректерден күрделі заңдылықтарды автоматты түрде анықтауға мүмкіндік береді.,1.0,False,1,511,68,579,1.0240095589997509,1.0304490690004968,0.0,1,1,0,0,1,,,,,,,,,
Experiment_1_Kazakh_Paraphrase_Generation_FINAL,090141766c33b75da51bd1ea1c611d285184c5d04eb4a26ec54c3d56090f65dc,67,technology,kazllm,issai/LLama-3.1-KazLLM-1.0-8B,kazdiv,2,True,False,Шифрлау - бұл құпия ақпаратты үшінші тұлғалардың оқуынан қорғаудың негізгі тәсілдерінің бірі.,0.8794785737991333,True,1,640,966,1606,14.400588409000193,14.409778328999892,0.0,12,6,6,5,1,3,2,0,1,2029200812749037136,0.95,1,,
Experiment_1_Kazakh_Paraphrase_Generation_FINAL,092099e34b3f4f2f62e3d31914fdb2d493c37a59e61b33c7ef7d341c68b7da39,39,education,kazllm,issai/LLama-3.1-KazLLM-1.0-8B,kazdiv,2,False,False,,,False,2,1248,1748,2996,26.02445711199971,26.02956257200003,0.0,13,1,12,0,1,,,,,,0.95,,quality_filtering,No candidate passed predefined quality constraints.
Experiment_1_Kazakh_Paraphrase_Generation_FINAL,0925e882700693a6a699a361a8e44e6df9f16db6d29a6f9b38cdc3279ff1f7a3,89,news,llama,NousResearch/Meta-Llama-3.1-8B-Instruct,kazdiv,1,True,False,Еңбек нарығында сарапшылар талдамалық дағдыларына сүйеніп деректерді талдаудың өзгерістерін айтты.,0.8277993202209473,True,1,597,888,1485,13.225734636000197,13.23937420600123,0.0,13,11,2,11,0,5,6,4,9,1951312633412963272,0.95,1,,
Experiment_1_Kazakh_Paraphrase_Generation_FINAL,09318bdf334c90b96f275c561c3184ca0d01dc15bdf08d1079bcef06843ba0a4,89,news,kazllm,issai/LLama-3.1-KazLLM-1.0-8B,baseline,1,True,False,Сарапшылар еңбек нарығындағы деректерді талдау дағдыларына деген сұраныс артып келе жатқанын айтты.,0.9818958044052124,True,1,504,62,566,0.9351742689996172,0.9420003389996054,0.0,1,1,0,1,0,,,,,,,,,
Experiment_1_Kazakh_Paraphrase_Generation_FINAL,095a310a8359d46cfb0c4456526285cec4923af6baf5f595853b5a3be0c5aa36,88,news,kazllm,issai/LLama-3.1-KazLLM-1.0-8B,kazdiv,3,True,False,Мектептерде цифрлық сауаттылықты арттыруға арналған қосымша сабақтар қалыптасқан тәсілмен енгізілді.,0.9150212407112122,True,2,1250,938,2188,13.992407755000386,14.00227457499932,0.0,13,2,11,2,0,2,0,1,1,16199895340704319748,0.95,2,,
Experiment_1_Kazakh_Paraphrase_Generation_FINAL,09672d884b36ee3173303c56510b02129c1c2ebf98a7aa1e01298579e02b1fa3,72,technology,llama,NousResearch/Meta-Llama-3.1-8B-Instruct,kazdiv,4,True,False,Жасанды интеллект жүйелерін енгізу кезінде модельдің шешімдерін түсіндіру мүмкіндігі көптеген уақытты ұзақтата алады.,0.8446415662765503,True,1,606,878,1484,13.07985931300027,13.091466013000172,0.0,13,7,6,7,0,5,2,2,2,5729642822587057755,0.95,1,,
Experiment_1_Kazakh_Paraphrase_Generation_FINAL,0986c4addcf6d3669a2c727b51083d3fe6f27e7e5a59d85dd14c3922c046ddfd,26,education,kazllm,issai/LLama-3.1-KazLLM-1.0-8B,kazdiv,2,True,False,Практикалық жобалар студенттердің алған білімін нақты мәселелерді шешуде қолдануына мүмкіндік береді.,0.9933176040649414,True,1,619,758,1377,11.290786148999814,11.299378198999875,0.0,12,4,8,4,0,1,3,0,2,16860620829221208573,0.95,1,,
Experiment_1_Kazakh_Paraphrase_Generation_FINAL,09b33a15e5ca7cacd970e6a99f835b1ad119c89b606bf085b4f283c07d1d93e5,50,science,kazllm,issai/LLama-3.1-KazLLM-1.0-8B,kazdiv,3,True,False,Тәжірибені бірнеше рет қайталау қорытындыға кездейсоқ әсер қалдырмайды.,0.7953963279724121,True,1,619,583,1202,8.679873094999948,8.687777084999652,0.0,12,3,9,3,0,2,1,0,0,9283147585508884846,0.95,1,,
Experiment_1_Kazakh_Paraphrase_Generation_FINAL,09b8ff1fdde7a6f5e5ac1ed6ad99c0946eb6c574e3003505386c4cc39d91266f,9,general,kazllm,issai/LLama-3.1-KazLLM-1.0-8B,kazdiv,4,True,False,"Адам жаңа ортаға бейімделу үшін уақыт, тәжірибе және ашық қарым-қатынас қажет.",0.9896199703216553,True,1,622,719,1341,10.709020593999412,10.711749414000224,0.0,12,2,10,2,0,1,1,0,0,16989142470790558457,0.95,1,,
Experiment_1_Kazakh_Paraphrase_Generation_FINAL,0a17a4b698d603bbde01d4182b4d04bf6184341e055d23f06a3f06a3dcb47eae,25,education,llama,NousResearch/Meta-Llama-3.1-8B-Instruct,baseline,2,True,False,Онлайн платформаларда оқу материалдарына кез келген уақытта қол жетпейді.,0.7893131971359253,True,1,467,39,506,0.5966051440009323,0.6028829739989305,0.0,1,1,0,1,0,,,,,,,,,
Experiment_1_Kazakh_Paraphrase_Generation_FINAL,0a7edf9e560c517c2854fdb03319cd7df91fadc42945fa684d1ad3f80ebf9fcb,1,general,kazllm,issai/LLama-3.1-KazLLM-1.0-8B,kazdiv,1,True,False,Күнделікті өмірде уақытты тиімді пайдалану үшін дұрыс жоспарлау қажет.,0.924815833568573,True,1,611,610,1221,9.213540041999977,9.225835891999964,0.0,12,3,9,3,0,2,1,1,1,2831483414437997824,0.95,1,,
Experiment_1_Kazakh_Paraphrase_Generation_FINAL,0a9c9b74abdd2786616db0e488cfc217c2f3387b1d46e6fe4929526d585ae6eb,90,news,kazllm,issai/LLama-3.1-KazLLM-1.0-8B,kazdiv,4,True,False,Жаңа зертхана студенттер мен жас ғалымдарға тәжірибелік жобаларды өткізуге мүмкіндік береді.,0.997253954410553,True,1,616,699,1315,10.411577196999133,10.420315776999814,0.0,12,3,9,3,0,1,2,0,2,3660430305375163267,0.95,1,,
Experiment_1_Kazakh_Paraphrase_Generation_FINAL,0aa6a4de90b011cbb4c194963e3fbf5b947a8174449eab232b8a4556cb3f0833,27,education,kazllm,issai/LLama-3.1-KazLLM-1.0-8B,baseline,1,True,False,Оқушылар тапсырманың талаптарын бағалау критерийлері алдын ала айтылған кезде жақсырақ түсінеді.,0.9400936365127563,True,1,500,62,562,0.935424485999647,0.942217986000287,0.0,1,1,0,1,0,,,,,,,,,
Experiment_1_Kazakh_Paraphrase_Generation_FINAL,0b09d9a4af0f6eed8a7b7ea28ad735ca684935a0fc40a9f7dc9fbfbae7aca6bd,48,science,llama,NousResearch/Meta-Llama-3.1-8B-Instruct,baseline,1,True,False,Зерттеу үлгісінің көлемі алынған нәтижелердің статистикалық тұрақтылығына әсер етуі мүмкін.,1.0,False,1,484,66,550,0.9943539519990736,0.9962936720003199,0.0,1,1,0,0,1,,,,,,,,,
Experiment_1_Kazakh_Paraphrase_Generation_FINAL,0b2aea7d806c2474a0489618b913f4850fdc9a30c1675d44841e2189acb27b47,1,general,llama,NousResearch/Meta-Llama-3.1-8B-Instruct,baseline,2,True,False,"Сөйлемді тапсырманың талаптарына сәйкес жіберуге ұмтылып жазамыз: Сөйлемді қайта жазғанда: 1. Бастапқы сөйлемнің негізгі мағынасын толық сақтау керек, ол - уақытты тиімді пайдалануға көмектесу. 2. Бастапқы ақпаратты алып тастау керек, алайда бастапқы сөйлемге анықтама беруге және оның мағынасын толық сақтай отырып, басқа сөздермен қайта жазу керек. 3. Жаңа ақпарат қосылмауы керек, алайда сөйлемді басқа ойға ауыстыру мүмкін. 4. Сөйлемді жай ғана сөздердің орнын ауыстыру арқылы өзгерту керек. 5. Табиғи қайта тұжырымдау өзгертуге қолайлы. 6. Қазақ тілінің грамматикалық және орфографиялық нормаларын сақтау керек. 7. Тек бір қайта жазылған сөйлемді қайтару керек. 8. Түсіндірме, нөмірлеу, ескерту немесе қосымша мәтін қосылмауы керек. Сөйлемді тапсырманың талаптарына сәйкес жіберуге ұмтылып жазамыз. Сөйлемді қайта жазғанда: Уақытты тиімді пайдалануға дұрыс жоспарлау көмектеседі.",0.5255924463272095,False,1,468,571,1039,8.471582988999216,8.47944545899918,0.0,1,1,0,0,1,,,,,,,,,
Experiment_1_Kazakh_Paraphrase_Generation_FINAL,0b3a35f635266d9d7f5a74da906b4f94f8c3825c266d55995f3f8063c9ac62e0,30,education,llama,NousResearch/Meta-Llama-3.1-8B-Instruct,baseline,2,True,False,Тұлғалық құралдарды және компьютерді пайдалану дәстүрлі оқыту әдістерінің мүмкіндіктерін толықтыра алады.,0.8739815354347229,True,1,482,71,553,1.0684363889995439,1.074791748998905,0.0,1,1,0,1,0,,,,,,,,,
Experiment_1_Kazakh_Paraphrase_Generation_FINAL,0b4999eb58c26ad654fd3fe4d10d135dfa82994261e3056eaa3ae1bc33d3f7e6,52,science,llama,NousResearch/Meta-Llama-3.1-8B-Instruct,baseline,4,True,False,Күрделі байланыстарды түсіндіруді жеңілдететін нәтижелерді визуализациялау.,0.9052205681800842,True,1,467,45,512,0.6851189040007739,0.6916224640008295,0.0,1,1,0,1,0,,,,,,,,,
Experiment_1_Kazakh_Paraphrase_Generation_FINAL,0b65304c09904112b38ae45048ee1e84415695098f0ad9421efdcb5c30feefe8,49,science,llama,NousResearch/Meta-Llama-3.1-8B-Instruct,baseline,1,True,False,Ғылыми модель нақты құбылыстың басты сипаттарын ықшам түрде сипаттауға арналған.,0.9817533493041992,True,1,476,54,530,0.818102273000477,0.8243122229996516,0.0,1,1,0,1,0,,,,,,,,,
Experiment_1_Kazakh_Paraphrase_Generation_FINAL,0b66c8fe9c0b87921112816f1c6b9ed4f48acd7d82990add289b5a9d4381a4d4,73,technology,llama,NousResearch/Meta-Llama-3.1-8B-Instruct,kazdiv,1,True,False,"Мәтінді талдау, құрастыру және ақпаратты өңдеу ісінде үлкен тілдік модельдердің бірден-бір көмекші жағдайы.",0.837714672088623,True,1,603,857,1460,12.758920386000682,12.772710486000506,0.0,12,12,0,12,0,7,5,6,11,12209289222556501693,0.95,1,,
Experiment_1_Kazakh_Paraphrase_Generation_FINAL,0b7a3adc6b765ff0fb5e08f6226ac3d8226511b8b9167ee7c64c5fbcf6a6e8b3,30,education,kazllm,issai/LLama-3.1-KazLLM-1.0-8B,baseline,5,True,False,Бастапқы сөйлемнің қайта жазылған нұсқасы: «Дәстүрлі оқыту әдістерінің әлеуетін толықтыру үшін цифрлық құралдарды орынды пайдалану керек».,0.7549594044685364,True,1,507,98,605,1.4665183819997765,1.4726449120003053,0.0,1,1,0,1,0,,,,,,,,,
Experiment_1_Kazakh_Paraphrase_Generation_FINAL,0c0aea8d070237cec0efc088d2ab2c1e6278312e6bf6c4fe29b28bc95fdde246,72,technology,llama,NousResearch/Meta-Llama-3.1-8B-Instruct,kazdiv,5,True,False,Модельдің шешімдерін түсіндіру мүмкіндігі жасанды интеллект жүйелерін енгізу кезінде маңызды талапқа айналып келеді.,0.9524237513542175,True,1,606,819,1425,12.198459930999888,12.211032261000582,0.0,12,12,0,12,0,5,7,0,0,7412877140236003373,0.95,1,,
Experiment_1_Kazakh_Paraphrase_Generation_FINAL,0c65cb7d37b56ef5cfb21544cabc5ff347a11cca5f1a52ee12941ca31e39f7c2,30,education,llama,NousResearch/Meta-Llama-3.1-8B-Instruct,baseline,3,True,False,Құралдарды орынды пайдалану дәстүрлі ұқыту әдістерінің құралын толықтыра алады.,0.8686562776565552,True,1,482,57,539,0.8625102109999716,0.8688559709989931,0.0,1,1,0,1,0,,,,,,,,,
Experiment_1_Kazakh_Paraphrase_Generation_FINAL,0c9fa5e85ad84ba3cdae6d4abb8bf870424399149e86150a7da37935cda064fb,56,science,llama,NousResearch/Meta-Llama-3.1-8B-Instruct,kazdiv,5,True,False,Мақалалық деректердің машиналық оқыту моделдерін объективті тұрғыда бағалау үшін сапалы түсініктемелер мен баяндамалар қажет.,0.7535444498062134,True,1,583,1044,1627,15.551792324000417,15.562281703998451,0.0,13,13,0,2,11,2,0,0,2,7126818756398076512,0.95,1,,
Experiment_1_Kazakh_Paraphrase_Generation_FINAL,0cf381f688e3a2ac665709d53af8b1b5a276a8208e2de5c932cc03b3b22b8a7d,61,technology,kazllm,issai/LLama-3.1-KazLLM-1.0-8B,kazdiv,1,True,False,Жасанды интеллект үлкен көлемдегі деректерден күрделі заңдылықтарды автоматты түрде анықтайды.,0.9616873264312744,True,1,629,750,1379,11.172716892000608,11.18022755200036,0.0,12,2,10,2,0,1,1,0,1,16642886017419690143,0.95,1,,
Experiment_1_Kazakh_Paraphrase_Generation_FINAL,0d0a74ef0b18efda82fbd8421c3afacec6a53bd45cdaac894eefcf336d3774b0,18,general,kazllm,issai/LLama-3.1-KazLLM-1.0-8B,baseline,4,True,False,"Қарым-қатынастың сапасы адамның ойын анық түсіндіріп, өзгелерді мұқият тыңдауына байланысты.",0.8570587635040283,True,1,512,66,578,0.9932361379999293,0.9992944680000164,0.0,1,1,0,1,0,,,,,,,,,
Experiment_1_Kazakh_Paraphrase_Generation_FINAL,0d20d56e2cf622eb468d6f85e82995a7c16450c250e57ec0eab2f255e59cd9cf,51,science,llama,NousResearch/Meta-Llama-3.1-8B-Instruct,baseline,1,True,False,Деректерді алдын ала өңдеу кезінде қателер мен жетіспейтін мәндерді дұрыс анықтау маңызды. Деректерді алдын ала өңдеу кезінде түсініксізтер мен жетіспейтін мәндерді дұрыс анықтау маңызды.,0.9334387183189392,True,1,477,120,597,1.7898454659989511,1.7963749749997078,0.0,1,1,0,1,0,,,,,,,,,
Experiment_1_Kazakh_Paraphrase_Generation_FINAL,0d31f1409d465fddcc95f29701e99cfda5f0f70170c94b8ac7444e27dfca24d6,32,education,kazllm,issai/LLama-3.1-KazLLM-1.0-8B,kazdiv,2,True,False,Студенттердің өз жұмыстарын қорғауы олардың тақырыпты түсінгенін анықтауға көмектеседі.,0.964512825012207,True,1,633,886,1519,13.191741659999934,13.19884589000003,0.0,13,1,12,1,0,1,0,0,0,16686879718237467286,0.95,1,,
Experiment_1_Kazakh_Paraphrase_Generation_FINAL,0d4ffa9476d5341c3d019c4e5fa0c1abd003ba4acc0e897df8248c71b8189dc4,40,education,llama,NousResearch/Meta-Llama-3.1-8B-Instruct,kazdiv,2,True,False,Білім беру орны әрбір студенттің оқу үдерісіне тең қатысуына жағдай жасайды,0.7747137546539307,True,1,597,639,1236,9.507120061000023,9.516143621000083,0.0,13,6,7,3,3,2,1,1,2,4269955282218586768,0.95,1,,
Experiment_1_Kazakh_Paraphrase_Generation_FINAL,0d537ebc421e3783e81a9f28a5af7a9b51e039e2546d131c7809ac82c20b62fe,28,education,kazllm,issai/LLama-3.1-KazLLM-1.0-8B,kazdiv,3,True,False,Жеке оқу жолы студенттің қабілеті мен оқу қарқынын ескеруге мүмкіндік береді.,0.9311347007751465,True,1,614,594,1208,8.8409010700002,8.85162334000006,0.0,12,4,8,4,0,1,3,0,0,6409627084743036040,0.95,1,,
Experiment_1_Kazakh_Paraphrase_Generation_FINAL,0d56e9a518306d67ee9a24fdd5ba4a8d12f8d06fd7ff9c375aa8958bae6033ab,15,general,llama,NousResearch/Meta-Llama-3.1-8B-Instruct,baseline,5,True,False,Қаладағы жаяу жүргінші халыққа қолайлы орта тұрғындардың белсенді өмір салтын қолдайды.,0.9849375486373901,True,1,474,60,534,0.9063893620004819,0.912688012000217,0.0,1,1,0,1,0,,,,,,,,,
Experiment_1_Kazakh_Paraphrase_Generation_FINAL,0d6702d0f10110e1b95e5eb820e1060c47ae45ccb80482b8370715cab9b274d9,32,education,kazllm,issai/LLama-3.1-KazLLM-1.0-8B,baseline,4,True,False,Оқушылардың жұмысын қорғау тақырыпты түсінігінің дәрежесін айқындауға ықпал етеді.,0.8699274063110352,True,1,515,68,583,1.029791404000207,1.0357943040003192,0.0,1,1,0,1,0,,,,,,,,,
Experiment_1_Kazakh_Paraphrase_Generation_FINAL,0d7d7d3941c699a58b0bb8ebebf663090d33298f66cd63075e419fe94c1355a6,95,news,llama,NousResearch/Meta-Llama-3.1-8B-Instruct,baseline,4,True,False,Қала кітапханаларында жастарға арналған тегін цифрлық дағдылар курстары ұйымдастырыла бастады. Қала кітапханаларында жастарға арналған тегін дағдылар курстары ұйымдастырыла бастады.,0.94732666015625,True,1,476,110,586,1.6446064470001147,1.6511295870004687,0.0,1,1,0,1,0,,,,,,,,,
Experiment_1_Kazakh_Paraphrase_Generation_FINAL,0d825ee833e28d101515a6d96197fa33ec83c637a7f182d4cab6343f26c37292,43,science,kazllm,issai/LLama-3.1-KazLLM-1.0-8B,kazdiv,3,True,False,Зерттеуде қолданылған әдістерді сипаттау арқылы басқа ғалымдар нәтижелерді қайта тексере алады.,0.9286297559738159,True,1,620,838,1458,12.485009191000245,12.497312591000082,0.0,12,2,10,2,0,2,0,1,1,2481047656599259870,0.95,1,,
Experiment_1_Kazakh_Paraphrase_Generation_FINAL,0da0f79440c96190eab690792b4a0d7824f436cdad4420b0d785c7cf372c0c92,77,technology,kazllm,issai/LLama-3.1-KazLLM-1.0-8B,kazdiv,2,True,False,Модельді өндірістік ортаға енгізгеннен кейін оның сапасын үнемі бақылап отыру қажет.,0.9775317311286926,True,1,621,599,1220,8.917686232999586,8.92657537299965,0.0,12,7,5,7,0,1,6,0,0,827383943259547823,0.95,1,,
Experiment_1_Kazakh_Paraphrase_Generation_FINAL,0db882c0c8bf275031f5096839541fe4abf1e7e6fe796e66f4884a941caa7f43,32,education,llama,NousResearch/Meta-Llama-3.1-8B-Instruct,baseline,2,True,False,Сөйлемді жаңа тілдік құралдармен қайта жазу: Оқушылардың өз жұмысын қорғауы олардың тақырыпты қаншалықты түсінгенін анықтауға көмектеседі.,0.8316956758499146,True,1,490,105,595,1.5687120630009304,1.5749231730005704,0.0,1,1,0,1,0,,,,,,,,,
Experiment_1_Kazakh_Paraphrase_Generation_FINAL,0dcf135308794c150f449e50308133510f70147ce51f292f350b0a93b0eea303,69,technology,kazllm,issai/LLama-3.1-KazLLM-1.0-8B,baseline,4,True,False,Компьютерлік көру алгоритмдері кескіндерден объектілерді автоматты түрде анықтау үшін қолданылады.,0.9842430949211121,True,1,496,52,548,0.7881676560000415,0.7899775249998129,0.0,1,1,0,1,0,,,,,,,,,
Experiment_1_Kazakh_Paraphrase_Generation_FINAL,0de89484bbaf5069223b3916bbe143a60cad1ccb8ff91a1f97cbac28d813cdf6,50,science,kazllm,issai/LLama-3.1-KazLLM-1.0-8B,kazdiv,4,True,False,Тәжірибені бірнеше рет қайталап жасау кездейсоқ ауытқулардың қорытындыға әсерін төмендетеді,0.9445787668228149,True,1,619,750,1369,11.173772923999877,11.182487753999794,0.0,12,8,4,7,1,1,6,0,3,9622067882071192647,0.95,1,,
Experiment_1_Kazakh_Paraphrase_Generation_FINAL,0e23eeed4cbb75adda434b31dbf8356443f41818cd1fa13744eb3a26aea4b938,54,science,kazllm,issai/LLama-3.1-KazLLM-1.0-8B,kazdiv,1,True,False,Ғылыми нәтижелерді тексеру және қайта пайдалану үшін ашық деректер қажет.,0.8848759531974792,True,1,616,639,1255,9.509130739999819,9.517672990000392,0.0,12,6,6,6,0,3,3,1,2,3473687220313243462,0.95,1,,
Experiment_1_Kazakh_Paraphrase_Generation_FINAL,0e310a13621c844304935ead16a4fc9f6bc82b4d16bc1dfb5b57befd957f22f5,88,news,llama,NousResearch/Meta-Llama-3.1-8B-Instruct,baseline,2,True,False,Жауап: Мектептерде сауатсыздықты арттыруға арналған қосымша сабақтар кезең-кезеңімен енгізілуде.,0.8554027080535889,True,1,482,64,546,0.9655736929998966,0.9719912029995612,0.0,1,1,0,1,0,,,,,,,,,
Experiment_1_Kazakh_Paraphrase_Generation_FINAL,0e4509fc901dedc045ad6b3dd9580ddb96e0089f8999ae56a025b042f9c42fe6,21,education,kazllm,issai/LLama-3.1-KazLLM-1.0-8B,baseline,2,True,False,Заманауи білім беру жүйесі студенттердің теориялық білімін практикалық дағдылармен ұштастыруға бағытталған.,0.9929996728897095,True,1,505,63,568,0.9495053850000659,0.9552292430000762,0.0,1,1,0,1,0,,,,,,,,,
Experiment_1_Kazakh_Paraphrase_Generation_FINAL,0e4c82d74caba92a2b6494a58d9b5ec273e90e9aa5e6fa2fab8e7e09680ce25d,82,news,kazllm,issai/LLama-3.1-KazLLM-1.0-8B,kazdiv,2,True,False,"Оқушыларға қосымша технологиялық курстар ұсына бастаған жаңа білім беру орталығы ашылып, аймақта тұрды.",0.9391148686408997,True,2,1244,1663,2907,24.76815897799952,24.77928774799966,0.0,12,6,6,6,0,2,4,1,3,7625184724995933692,0.95,2,,
Experiment_1_Kazakh_Paraphrase_Generation_FINAL,0ec7119e81736471d1f4421977efaa5c1322b5c4de8958e5b4ee04497e87be60,29,education,llama,NousResearch/Meta-Llama-3.1-8B-Instruct,baseline,4,True,False,Қайта жазылған сөйлем: Оқыту студенттерді сыни ойлау және ақпаратты талдау дағдыларын қалыптастырады.,0.8225768804550171,True,1,476,63,539,0.9509199599997373,0.9570812700003444,0.0,1,1,0,1,0,,,,,,,,,
Experiment_1_Kazakh_Paraphrase_Generation_FINAL,0ecb2c5387bbab727472c4a5a5cd18efe46b76ec36db750443da051d7160927e,12,general,kazllm,issai/LLama-3.1-KazLLM-1.0-8B,baseline,5,True,False,"Табиғаттың ауқымында демалу адамның көңіл күйін жақсартып, күнделікті күйзелісті азайтады.",0.9554959535598755,True,1,509,65,574,0.9792784280000433,0.9849944070001584,0.0,1,1,0,1,0,,,,,,,,,
Experiment_1_Kazakh_Paraphrase_Generation_FINAL,0ef4f329123511c1d3c54c8f1f26bf50e450a3ca3923266a6f58fd4c5a419e0f,97,news,llama,NousResearch/Meta-Llama-3.1-8B-Instruct,baseline,5,True,False,Мамандар жаңа экологиялық жоба қалдықтарды сұрыптау мәдениетін дамытуға ықпал етеді деп есептейді. Ауыстырылған сөйлем: Мамандар жаңа экологиялық жоба қалдықтарды тазалау мәдениетін дамытуға ықпал етеді деп есептейді.,0.9062093496322632,True,1,482,140,622,2.0851245730009396,2.0918561830003455,0.0,1,1,0,1,0,,,,,,,,,
Experiment_1_Kazakh_Paraphrase_Generation_FINAL,0f0f1bab937701d477d530da53bb3031bacc2e2f6a09002508c29d18ca7c6f19,58,science,llama,NousResearch/Meta-Llama-3.1-8B-Instruct,kazdiv,2,True,False,"Айнымалының корреляциялық байланысы байланысты білдіреді, бірақ себептілік қатынасын өзінен өзгеріссіз дәлелдемейді.",0.8747192025184631,True,1,600,744,1344,11.07337514000028,11.083573329999126,0.0,12,10,2,10,0,7,3,1,1,14555949072891807886,0.95,1,,
Experiment_1_Kazakh_Paraphrase_Generation_FINAL,0f1671cac08fbe67c0d7a6659f26451fca290945d2326848555caf338ae962e6,77,technology,kazllm,issai/LLama-3.1-KazLLM-1.0-8B,baseline,4,True,False,Модельді өндірістік ортаға енгізгеннен кейін оның сапасын тұрақты түрде бақылау керек.,0.990639328956604,True,1,503,56,559,0.8475057350005955,0.8533789849998357,0.0,1,1,0,1,0,,,,,,,,,
Experiment_1_Kazakh_Paraphrase_Generation_FINAL,0f534136bd19abdb012afd9efa07d6ad417c3e1390bfec7af75c25080a6d5734,69,technology,kazllm,issai/LLama-3.1-KazLLM-1.0-8B,baseline,2,True,False,Компьютердің көру алгоритмдері кескіндерден заттарды автоматты түрде анықтау үшін қолданылады.,0.9514963626861572,True,1,496,52,548,0.7884093560005567,0.7945026659999712,0.0,1,1,0,1,0,,,,,,,,,
Experiment_1_Kazakh_Paraphrase_Generation_FINAL,0f7c4909c1b1978eeafbabcf9bc4e48f6ca9547ae1650594ff5810b0eb998710,67,technology,llama,NousResearch/Meta-Llama-3.1-8B-Instruct,kazdiv,2,True,False,Деректерді шифрлау құпия ақпаратты үшінші тұлғалардың оқуынан қорғаудың бірінші нәрсесі,0.9109659790992737,True,1,615,787,1402,11.719719706001342,11.730026885999905,0.0,12,11,1,11,0,7,4,0,0,11834812590093228129,0.95,1,,
Experiment_1_Kazakh_Paraphrase_Generation_FINAL,0f7ccb097a0562d8994816ac573afac9b55f8aba0009211cf87a9aab29fb5d3b,35,education,llama,NousResearch/Meta-Llama-3.1-8B-Instruct,baseline,4,True,False,Пәнаралық тапсырмалар әртүрлі салалардағы білімді бір мәселе төңірегінде біріктіруге мүмкіндік береді.,1.0,False,1,486,68,554,1.0256517519992485,1.027406962999521,0.0,1,1,0,0,1,,,,,,,,,
Experiment_1_Kazakh_Paraphrase_Generation_FINAL,0f8e223c78f418e0007d43099f2336789546e32a57352858a1a49669092ea5a9,43,science,llama,NousResearch/Meta-Llama-3.1-8B-Instruct,kazdiv,2,True,False,"Қолданылатын әдістердің әдістемелік сипатын ашылғаннан кейін, басқа ғалымдар оларды қайта талдап шығады.",0.8139267563819885,True,1,595,801,1396,11.920897743999376,11.931596623999212,0.0,13,12,1,12,0,7,5,3,3,6243250493630302931,0.95,1,,
Experiment_1_Kazakh_Paraphrase_Generation_FINAL,0fa6b58ad5790a64b015ce4b70f607ad4559153d55e7c3a6ff4fa60577807dfe,19,general,kazllm,issai/LLama-3.1-KazLLM-1.0-8B,baseline,3,True,False,Жергілікті мәдени дәстүрлерді сақтау қоғамның тарихи жадын келесі ұрпаққа жеткізеді.,1.0,False,1,506,63,569,0.9492387590000817,0.9509693990000869,0.0,1,1,0,0,1,,,,,,,,,
Experiment_1_Kazakh_Paraphrase_Generation_FINAL,0fae280c9568592724ee4e3257c3e7be6b9025653eefae49f9035409f513feec,50,science,kazllm,issai/LLama-3.1-KazLLM-1.0-8B,baseline,3,True,False,Тәжірибені қайталау кездейсоқ ауытқулардың қорытындыға әсерін төмендетеді.,0.9737393856048584,True,1,501,51,552,0.7743647390002479,0.7800813789999665,0.0,1,1,0,1,0,,,,,,,,,
Experiment_1_Kazakh_Paraphrase_Generation_FINAL,0fba63f41159a9a19e9e416c964afc7792d7aa1e6d2f62f7adb4ebe2a953fa61,64,technology,llama,NousResearch/Meta-Llama-3.1-8B-Instruct,kazdiv,1,True,False,Рұқсатсыз ақпаратты қол жеткізуден қорғау үшін қолданылатын Киберқауіпсіздік жүйелері.,0.8809781670570374,True,1,604,698,1302,10.393193687999883,10.404302008000741,0.0,12,9,3,8,1,6,2,3,4,4545154765297953594,0.95,1,,
Experiment_1_Kazakh_Paraphrase_Generation_FINAL,0fc5697f5748d8b1150a13fb57aec42a6f2c97e34cbd5a1b626490f398469807,89,news,kazllm,issai/LLama-3.1-KazLLM-1.0-8B,baseline,5,True,False,"Сарапшылардың айтуынша, жұмыс нарығында деректерді талдау қабілетіне талап күшейе түсуде.",0.9309642314910889,True,1,504,59,563,0.8919590499999686,0.8978037100005167,0.0,1,1,0,1,0,,,,,,,,,
Experiment_1_Kazakh_Paraphrase_Generation_FINAL,0fc8fb044b8b11dae5eb52226b460ae47b646f0cfa17cd732459a6991f16f3db,16,general,kazllm,issai/LLama-3.1-KazLLM-1.0-8B,kazdiv,1,True,False,"Еріктілік қызметі адамның әлеуметтік тәжірибесін кеңейтіп қана қоймай, қоғамға да пайда әкеледі.",0.9325270652770996,True,1,625,1047,1672,15.605542053999898,15.614711793999959,0.0,13,9,4,9,0,6,3,0,0,12741247432113233753,0.95,1,,
Experiment_1_Kazakh_Paraphrase_Generation_FINAL,0feb40b044423ff682ba30afd8b32dd0928fe3a7d6b7c5f61a2004a9060e207d,93,news,kazllm,issai/LLama-3.1-KazLLM-1.0-8B,baseline,1,True,False,Жергілікті билік ауаның сапасын бақылау үшін қосымша өлшеу бекеттерін орнатуды жоспарлап отыр.,0.9971675276756287,True,1,506,58,564,0.8768423290002829,0.8836272889993779,0.0,1,1,0,1,0,,,,,,,,,
Experiment_1_Kazakh_Paraphrase_Generation_FINAL,10729155c839416171cc7732e15dc20c15d46d7fcd2ae76df42ff96d15781ae7,11,general,llama,NousResearch/Meta-Llama-3.1-8B-Instruct,baseline,2,True,False,Қаржыны алдын ала жоспарлау шығындарды азайтады.,0.9108431339263916,True,1,465,31,496,0.4789143360012531,0.48499516599986237,0.0,1,1,0,1,0,,,,,,,,,
Experiment_1_Kazakh_Paraphrase_Generation_FINAL,10a68f639f79e51388338c4d3cc78178b45e9269ce5c995612ec3aa61096b6c6,81,news,llama,NousResearch/Meta-Llama-3.1-8B-Instruct,kazdiv,4,True,False,Қала әкімдігі тұрғындардың ұсыныстарына сүйеніп қала көлік бағыттарын қайта қарастыру жоспарын жасауда.,0.9528278112411499,True,1,610,1050,1660,15.657704503000787,15.671143601999574,0.0,13,7,6,7,0,3,4,1,4,13250498154886736999,0.95,1,,
Experiment_1_Kazakh_Paraphrase_Generation_FINAL,10ad6d7f1cc76e5fc75cd7bee4211f9533de9e20656eafe915d142be91081f35,9,general,llama,NousResearch/Meta-Llama-3.1-8B-Instruct,baseline,1,True,False,"Бастапқы сөйлемді жаңа сөздермен қайта жазу: Адамға жаңа ортаға бейімделу үшін қажеттілік, тәжірибе және ашық қарым-қатынас.",0.840385913848877,True,1,479,90,569,1.3493340389995865,1.3559832589999132,0.0,1,1,0,1,0,,,,,,,,,
Experiment_1_Kazakh_Paraphrase_Generation_FINAL,11042ce4810f5ccec458b495ca55564459e46f15efaea15f01581bbca03b8805,59,science,kazllm,issai/LLama-3.1-KazLLM-1.0-8B,baseline,5,True,False,Бақылау тобы эксперименттік әсерді басқа факторлардан ажыратуға көмектеседі.,0.9900081157684326,True,1,494,45,539,0.6860979729999599,0.6919469430004028,0.0,1,1,0,1,0,,,,,,,,,
Experiment_1_Kazakh_Paraphrase_Generation_FINAL,11113a672d82999012b3906f78fb04b7330b4b29a22f36b48e0497ff86adbbf6,5,general,llama,NousResearch/Meta-Llama-3.1-8B-Instruct,kazdiv,4,True,False,Таза ортаны ұстау әр адамның жауапкершілігінен басталады.,0.9799158573150635,True,1,579,520,1099,7.731341107000844,7.740265767000892,0.0,12,12,0,12,0,1,11,0,0,834727617270907332,0.95,1,,
Experiment_1_Kazakh_Paraphrase_Generation_FINAL,112e52a9ded4061bff216b9bb80474522c2eea322ef7cb6a39f18cbba9b0b9f2,70,technology,llama,NousResearch/Meta-Llama-3.1-8B-Instruct,baseline,5,True,False,Қайта жазылған сөйлем: Бағдарламаның оңтайландырылуы өнімділігін есептеу ресурстарын тиімді пайдалануға мүмкіндік береді.,0.9170334935188293,True,1,476,76,552,1.1425714979995973,1.148919448000015,0.0,1,1,0,1,0,,,,,,,,,
Experiment_1_Kazakh_Paraphrase_Generation_FINAL,113c517f26da926e425c18bb3fabcaa70b9f9c6bed918ef86cd37da642142e20,10,general,kazllm,issai/LLama-3.1-KazLLM-1.0-8B,kazdiv,3,True,False,Отбасындағы өзара қолдау қиын жағдайларды жеңуге көмектеседі.,0.9729940891265869,True,1,614,566,1180,8.421504927,8.429938758000048,0.0,12,6,6,6,0,1,5,0,2,16434240573775456499,0.95,1,,
Experiment_1_Kazakh_Paraphrase_Generation_FINAL,118cfa293524542841f508d5cb7186e268354c93209cf3feb7e23c1beda3a442,11,general,llama,NousResearch/Meta-Llama-3.1-8B-Instruct,baseline,4,True,False,"Кейбір шығындарды алдын ала өлшеп, жоспарлау жұмысынан қалса, қажетсіз шығындар азайып, қаражатты экономиялауға көмектеседі.",0.8610032200813293,True,1,465,82,547,1.2313532790012687,1.2379343189986685,0.0,1,1,0,1,0,,,,,,,,,
Experiment_1_Kazakh_Paraphrase_Generation_FINAL,118d6080e2e5fb887b9007f5d1c236ebe4864d6a9aa54144f100bdb4bd35725e,68,technology,llama,NousResearch/Meta-Llama-3.1-8B-Instruct,baseline,1,True,False,Қайталанатын операцияларды қолмен атқаруға жағдай жасайтын жүйелер.,0.7220314741134644,False,1,477,43,520,0.6561935839999933,0.6627194539996708,0.0,1,1,0,0,1,,,,,,,,,
Experiment_1_Kazakh_Paraphrase_Generation_FINAL,119e067dd399cb11eb8887decc053a2b5af457656a82b864b418f08990fee25c,83,news,kazllm,issai/LLama-3.1-KazLLM-1.0-8B,baseline,2,True,False,Мамандар алдағы маусымда су ресурстарын үнемді пайдалану қажеттігіне назар аударды.,0.9986598491668701,True,1,486,42,528,0.6409968930001924,0.6471511620002275,0.0,1,1,0,1,0,,,,,,,,,
Experiment_1_Kazakh_Paraphrase_Generation_FINAL,11b34ef65489a451966699731ee7d10da51b897280964b382e96aa1f693aa134,1,general,llama,NousResearch/Meta-Llama-3.1-8B-Instruct,kazdiv,1,True,False,"Дұрыс жоспарлау, күнделікті өмірде уақытты экономияға көмектеседі.",0.9048861265182495,True,1,586,558,1144,8.406736199000079,8.416863358999763,0.0,12,12,0,12,0,8,4,6,8,7148287895382968686,0.95,1,,
Experiment_1_Kazakh_Paraphrase_Generation_FINAL,11beeb8a7f05bae9c06ce7b9abe3b7ee938fc640a90a5dc976d2effcfa362bfa,28,education,llama,NousResearch/Meta-Llama-3.1-8B-Instruct,kazdiv,3,True,False,Жеке оқу траекториясы студенттің қабілетін және білім алу қарқынын ескеруге мүмкіндік береді.,0.9876432418823242,True,1,589,802,1391,11.93228332199942,11.941577792000317,0.0,12,12,0,7,5,7,0,0,0,1845952529290531474,0.95,1,,
Experiment_1_Kazakh_Paraphrase_Generation_FINAL,1250ee24f3a991af6aa9b9a2b3f0afb078133c3f5cd0bf40643d1d28171ea5a7,21,education,llama,NousResearch/Meta-Llama-3.1-8B-Instruct,kazdiv,1,True,False,"Заманауи білім беру жүйесі қазіргі уақыттағы білімді практикалық іс-әрекеттермен біріктіріп, теорияны іске асыруға бағытталған.",0.9114259481430054,True,1,598,1004,1602,14.964527434000047,14.974165253999672,0.0,13,12,1,12,0,3,9,1,1,8445133749518584400,0.95,1,,
Experiment_1_Kazakh_Paraphrase_Generation_FINAL,12c17f0728be460f2f47b6fb18f765e5cef63a153152f0d1042cb3e75b8313e4,21,education,kazllm,issai/LLama-3.1-KazLLM-1.0-8B,kazdiv,4,True,False,Заманауи білім беру жүйесі студенттердің практикалық дағдыларды теориялық білімімен ұштастыруға бағытталған.,0.9852551221847534,True,1,623,876,1499,13.045365459000095,13.05389703800006,0.0,13,5,8,5,0,1,4,0,0,6934743891230993667,0.95,1,,
Experiment_1_Kazakh_Paraphrase_Generation_FINAL,141b91db596440189f7092aa892f3caf6034b44f62a710c655668ddb318a92fe,100,news,llama,NousResearch/Meta-Llama-3.1-8B-Instruct,baseline,4,True,False,Өңірде қоғамдық кеңістіктерді жаңарту жұмыстары келесі кезеңде бірнеше ауданға дейін кеңейтіледі. Қайта жазылған сөйлем: Өңірде қоғамдық кеңістіктерді өзара ыңғайластыру жұмыстары келесі кезеңде кеңейтіледі.,0.8787072896957397,True,1,488,151,639,2.2474813310000172,2.254062641000928,0.0,1,1,0,1,0,,,,,,,,,
Experiment_1_Kazakh_Paraphrase_Generation_FINAL,144260c0d1fd1d9da4ddc617f34cb93e03f33360489ac67c01d08380164331bc,56,science,llama,NousResearch/Meta-Llama-3.1-8B-Instruct,kazdiv,2,True,False,"Маңыздылығымен, сапалы аннотацияланған деректер машиналық оқыту моделдерін объективті бағаға ие етеді.",0.8871368169784546,True,2,1166,1913,3079,28.51196416899984,28.52861457799918,0.0,13,12,1,12,0,9,3,1,1,930838925979783169,0.95,2,,
Experiment_1_Kazakh_Paraphrase_Generation_FINAL,144ba69ef229ddb269638c3018e635150bfece53557f3215c6f12b57fe3578db,17,general,llama,NousResearch/Meta-Llama-3.1-8B-Instruct,baseline,3,True,False,"Күн тәртібін сақтау жұмыс пен демалыс арасындағы тепе-теңдікті қалыптастыруға көмектеседі. Көрсетілген сөйлемді табиғи қазақ тілінде жаңа сөздермен қайта жазсақ, мынағанше болғанда: Күн тәртібін сақтау жұмыс пен демалыс арасындағы тепе-теңдікті қалыптастыруға көмектеседі. Ал жаңа сөйлемді басқа сөздермен жазсақ, мынағанше болғанда: Құрлықтық күн тәртібін сақтау жұмыс пен демалыс арасындағы қолайлылықты қалыптастыруға көмектеседі. Алайда, былайша қайта жазуға да рұқсат етілмейді: - Көптеген жаңа сөздер қосылып, бастапқы сөйлемнің мағынасы өзгерсін. - Күн тәртібін сақтау жұмыс пен демалыс арасындағы тепе-теңдікті қалыптастыруға көмектеседі. - Басқа сөздермен қайта жазылған сөйлемнің мағынасынан бастапқы сөйлемде кемінде біреуі ауысып кетсін. Өйбеншесі тұрғыда, әрбір сөйлемді қайта жазып жаңа сөйлем жариялауға рұқсат етілмейді.",0.8252190351486206,False,1,481,585,1066,8.681230925998534,8.690517336000994,0.0,1,1,0,0,1,,,,,,,,,
Experiment_1_Kazakh_Paraphrase_Generation_FINAL,1483474e2030a007fbac70d9303f1a600039e4718bc06b62212cbe12ea95228f,22,education,llama,NousResearch/Meta-Llama-3.1-8B-Instruct,baseline,2,True,False,Қайта жазылған сөйлем: Оқу материалына қызығушылықты арттыру үшін сабақ барысында белсенді тапсырмаларды қолдану керек.,0.819042444229126,True,1,477,73,550,1.0985928580012114,1.1048239080009807,0.0,1,1,0,1,0,,,,,,,,,
Experiment_1_Kazakh_Paraphrase_Generation_FINAL,1489f43352be217f19d0caf31d78786e74556c37fdedea86bddb6bde2d40ce04,32,education,kazllm,issai/LLama-3.1-KazLLM-1.0-8B,baseline,5,True,False,Студенттердің өз жұмысын қорғауы олардың тақырыпты қаншалықты түсінгенін анықтауға көмектеседі.,1.0,False,1,515,72,587,1.0890346849996604,1.090754525000193,0.0,1,1,0,0,1,,,,,,,,,
Experiment_1_Kazakh_Paraphrase_Generation_FINAL,14caccc9caeecc6781ba66fc294f00d8ed5861384caf29269990d6846b35365c,36,education,kazllm,issai/LLama-3.1-KazLLM-1.0-8B,kazdiv,5,True,False,Оқыту мақсаттары нақты белгіленген жағдайда оқыту мазмұны мен бағалау әдістерін үйлестіру оңайырақ болады.,0.9809783697128296,True,2,1268,1769,3037,26.353547849999813,26.36459659000002,0.0,12,4,8,4,0,1,3,0,0,16238257311988183504,0.95,2,,
Experiment_1_Kazakh_Paraphrase_Generation_FINAL,14de27a1990a752afeba1caedd53a7edda0126c6aa65eddbf42ced496616b923,97,news,llama,NousResearch/Meta-Llama-3.1-8B-Instruct,baseline,1,True,False,Мамандар жаңа экологиялық жоба қалдықтарды сұрыптау мәдениетін дамытуға ықпал етеді деп есептейді. Қайта жазылған сөйлем: Мамандар экологиялық жоба қалдықтарды сұрыптау мәдениетін дамытуға ықпал етеді деп есептейді.,0.9094947576522827,True,1,482,138,620,2.055526543999804,2.062307944001077,0.0,1,1,0,1,0,,,,,,,,,
Experiment_1_Kazakh_Paraphrase_Generation_FINAL,1521fe24391404bdd5c74940fd1b8329e221777119505152d4972ea3a8494900,28,education,llama,NousResearch/Meta-Llama-3.1-8B-Instruct,baseline,5,True,False,Жеке оқу траекториясы студенттің білім алу қарқынын ескеруге мүмкіндік береді.,0.9550125598907471,True,1,471,46,517,0.7001406920007867,0.7020454120010982,0.0,1,1,0,1,0,,,,,,,,,
Experiment_1_Kazakh_Paraphrase_Generation_FINAL,154521ad53f716cba6d25d8553afafab4b3dd94e3817dddbfbd7b495a76139cf,32,education,kazllm,issai/LLama-3.1-KazLLM-1.0-8B,kazdiv,4,True,False,Оқушылардың өз жұмысын қорғауы олардың тақырыпты қаншалықты түсінгенін анықтауға көмектеседі.,0.9762979745864868,True,2,1266,2139,3405,31.887932221000483,31.899093921000258,0.0,12,5,7,5,0,2,3,0,4,9733437032544820473,0.95,2,,
Experiment_1_Kazakh_Paraphrase_Generation_FINAL,154f71c6173931060c6fdc8803a5d6f3252c0119fd22b9499e18044e13f71a1e,12,general,kazllm,issai/LLama-3.1-KazLLM-1.0-8B,kazdiv,4,True,False,Табиғат аясында демалу адамның көңіл-күйін жақсартуға және күнделікті күйзелісті төмендетуге әкелуі мүмкін.,0.9873376488685608,True,1,627,942,1569,14.040274156999999,14.048891556999934,0.0,12,6,6,6,0,1,5,0,5,13807517715761796067,0.95,1,,
Experiment_1_Kazakh_Paraphrase_Generation_FINAL,15e1e038bb4ae1bcc0e997b0c1673bd36fb880809b7376b6cab82440aac565df,77,technology,llama,NousResearch/Meta-Llama-3.1-8B-Instruct,baseline,3,True,False,Кәсіпорынға қолданылатын технологияның сапасын тұрақты түрде бақылау қажет.,0.7521301507949829,True,1,478,51,529,0.7745928239983186,0.781046043999595,0.0,1,1,0,1,0,,,,,,,,,
Experiment_1_Kazakh_Paraphrase_Generation_FINAL,1660d14759bb15bdaf1d32935eef5070240f38f97bb8d3b2d2c594b045389f64,85,news,kazllm,issai/LLama-3.1-KazLLM-1.0-8B,baseline,1,True,False,Университет зерттеушілері өндірістік процестерді талдауға арналған жаңа цифрлық платформаны ұсынды.,0.9956262111663818,True,1,501,56,557,0.8482284000001528,0.8549126899997646,0.0,1,1,0,1,0,,,,,,,,,
Experiment_1_Kazakh_Paraphrase_Generation_FINAL,166d3f7559b7761107d57b8703ed5349f6d897ec5032a718e8d7692f07b09608,57,science,kazllm,issai/LLama-3.1-KazLLM-1.0-8B,kazdiv,4,True,False,Зерттеу тұжырымдарын негіздеу үшін ғылыми мақалада пайдаланылған дереккөздер жеткілікті болуы керек.,0.9599360227584839,True,1,621,753,1374,11.209332262999851,11.21799816299972,0.0,12,6,6,6,0,1,5,0,0,8692717536276275865,0.95,1,,
Experiment_1_Kazakh_Paraphrase_Generation_FINAL,168bb9c20ad7cd5fbd1c0937d6410c3a00bea6bd84b2ee8be5760df3bbd07d26,85,news,llama,NousResearch/Meta-Llama-3.1-8B-Instruct,baseline,3,True,False,Қайта жазылған сөйлем: Университет ғалымдары өндірістік процестерді зерттеуге арналған жаңа цифрлық дөңгелек жүйені ұсынды.,0.862887978553772,True,1,476,81,557,1.2159273800007213,1.2223957700007304,0.0,1,1,0,1,0,,,,,,,,,
Experiment_1_Kazakh_Paraphrase_Generation_FINAL,16a2216812513f70222e22e77e72ebe5447aa350dd1fae2c4517e290e998dcdd,93,news,llama,NousResearch/Meta-Llama-3.1-8B-Instruct,kazdiv,4,True,False,Ауаның сапасын өлшеуге арналған қосымша бекеттерді орнату жөніндегі жұмыстар жоспарлануда.,0.9077037572860718,True,1,599,1020,1619,15.209139010001309,15.22167386000001,0.0,13,13,0,13,0,7,6,3,6,11751330094276585586,0.95,1,,
Experiment_1_Kazakh_Paraphrase_Generation_FINAL,16a7c37eabbe5eead32a7eb56622292aa672ea1e985b1a1b22ee9b5051c0fd2c,19,general,llama,NousResearch/Meta-Llama-3.1-8B-Instruct,kazdiv,3,True,False,Мәдени тәжірибені сақтау қоғамның тарихи жадын келесі ұрпаққа жеткізеді.,0.9115474820137024,True,1,599,734,1333,10.927584228000342,10.937012948001211,0.0,12,12,0,12,0,9,3,6,8,8865161182588214898,0.95,1,,
Experiment_1_Kazakh_Paraphrase_Generation_FINAL,16ad660ff50344165db441fde53bc6774101d80dc37d16b81fff4f22ae1ffb4d,74,technology,llama,NousResearch/Meta-Llama-3.1-8B-Instruct,baseline,1,True,False,Сөйлемді қайта жазу: Бағдарламалық интерфейстер әртүрлі ақпараттық жүйелердің арасында автоматты дерек алмасуды ұйымдастыруға көмектеседі.,0.8890682458877563,True,1,490,90,580,1.348126806999062,1.3544928270002856,0.0,1,1,0,1,0,,,,,,,,,
Experiment_1_Kazakh_Paraphrase_Generation_FINAL,16d764f69ad18f281c52a24a581babcf90d7b029ad2933c1ad3070168ab2b8e3,28,education,kazllm,issai/LLama-3.1-KazLLM-1.0-8B,baseline,1,True,False,Жеке оқу траекториясы студенттің қабілеті мен білім алу қарқынын ескеруге мүмкіндік береді.,1.0,False,1,496,53,549,0.803022074999717,0.8089090849998684,0.0,1,1,0,0,1,,,,,,,,,
Experiment_1_Kazakh_Paraphrase_Generation_FINAL,16f29811027c051b23044c085467652a792b67f09511c40682d5d90bc78aed01,30,education,llama,NousResearch/Meta-Llama-3.1-8B-Instruct,kazdiv,3,True,False,"Видықтан бас тасып, оқыту процесінде цифрлық құралдарды дұрыс пайдалану оқыту үрдісін толықтыра алады.",0.7825679779052734,True,1,600,1036,1636,15.437414093999905,15.448511913999027,0.0,13,12,1,6,6,5,1,1,3,3394295691382934788,0.95,1,,
Experiment_1_Kazakh_Paraphrase_Generation_FINAL,16fd51240181d863716ffa4628e977fca49ed9a1987382d5e3201949d356c644,45,science,llama,NousResearch/Meta-Llama-3.1-8B-Instruct,kazdiv,4,True,False,"Ғылыми қорытындылардың нәтижелеріне сүйеніп, сұраққа жауап беруге болады.",0.8331893086433411,True,1,595,574,1169,8.532823327999722,8.542356637999546,0.0,12,7,5,6,1,1,5,0,3,848040339992445490,0.95,1,,
Experiment_1_Kazakh_Paraphrase_Generation_FINAL,171d01144012c4f599b2dd0d50c4b46117533537bdc6973c8c9815ce10cfe860,96,news,llama,NousResearch/Meta-Llama-3.1-8B-Instruct,kazdiv,1,True,False,Кәсіпорын өндірістің тиімділігін арттыруға жаңа технологияны іске қосты.,0.854870080947876,True,1,600,659,1259,9.812252112998976,9.824085102998652,0.0,12,10,2,10,0,7,3,2,2,15561767766202616517,0.95,1,,
Experiment_1_Kazakh_Paraphrase_Generation_FINAL,172ee166e63fabc9b61a9933b0259133132ec635f89bd687a83dc3a8458ffde3,71,technology,kazllm,issai/LLama-3.1-KazLLM-1.0-8B,baseline,3,True,False,"Интернетте заттар құрылғылар арасында деректерді автоматты түрде жинап, алмастыруға мүмкіндік береді.",0.9600940942764282,True,1,499,56,555,0.8465773450006964,0.8526184450001892,0.0,1,1,0,1,0,,,,,,,,,
Experiment_1_Kazakh_Paraphrase_Generation_FINAL,174d775458b322d77c4c005b870547d0f8a6574cb05896bb1cf60caff6707307,15,general,kazllm,issai/LLama-3.1-KazLLM-1.0-8B,baseline,3,True,False,Қаладағы тұрғындардың белсенді өмір сүру үлгісін жаяу жүргіншілер үшін қолайлы орта қолдайды.,0.9665780067443848,True,1,499,66,565,0.9932379260001198,0.9990764960000433,0.0,1,1,0,1,0,,,,,,,,,
Experiment_1_Kazakh_Paraphrase_Generation_FINAL,1777465294c53e7658101ac038c5de0af1cd219588c0b53779fc3ce568d440c1,26,education,kazllm,issai/LLama-3.1-KazLLM-1.0-8B,baseline,3,True,False,Студенттердің практикалық жобаларда алатын білімін нақты мәселелерді шешу кезінде қолдануына жағдай жасайды.,0.9262043237686157,True,1,501,63,564,0.9509337350000351,0.9569456849999369,0.0,1,1,0,1,0,,,,,,,,,
Experiment_1_Kazakh_Paraphrase_Generation_FINAL,177e1ea0df78c89ab850e27d68259d579ff6ac826b556bd2a9170f7eca19491a,80,technology,llama,NousResearch/Meta-Llama-3.1-8B-Instruct,baseline,1,True,False,Бастапқы сөйлем: Жасанды деректер нақты деректер шектеулі болған жағдайда модельді оқыту мүмкіндігін кеңейте алады. Қайта жазылған сөйлем: Модельді оқыту мүмкіндігін нақты деректер шектеулі болған жағдайда жасанды деректер кеңейтеді.,0.8773000240325928,False,1,474,140,614,2.085818372999711,2.09254156300085,0.0,1,1,0,0,1,,,,,,,,,
Experiment_1_Kazakh_Paraphrase_Generation_FINAL,1789a67eb733fa80cb33eff4fd32147b845da9f226b131b6efdfbd56ea6016b6,28,education,kazllm,issai/LLama-3.1-KazLLM-1.0-8B,kazdiv,2,True,False,Білім алу қарқынын ескеретін жеке оқу траекториясы студенттің қабілетіне мүмкіндік береді.,0.9400879144668579,True,1,614,716,1330,10.662663947000055,10.669926897000096,0.0,13,2,11,1,1,1,0,0,1,12853230646084765895,0.95,1,,
Experiment_1_Kazakh_Paraphrase_Generation_FINAL,17d22f26b3ee084e7f652bbe05cf9233f6998ccd0ba7254f4ec606a31511fd5a,59,science,llama,NousResearch/Meta-Llama-3.1-8B-Instruct,baseline,5,True,False,Бақылау тобы әсерді басқа ықтимал факторлардан ажыратуға көмектеседі.,0.9596712589263916,True,1,469,46,515,0.7003453939996689,0.7065556239995203,0.0,1,1,0,1,0,,,,,,,,,
Experiment_1_Kazakh_Paraphrase_Generation_FINAL,17d322ba4b817b89d10917ece733c1e5bd207bf602b6fb3e4a6a7e83908047be,51,science,llama,NousResearch/Meta-Llama-3.1-8B-Instruct,kazdiv,4,True,False,Деректерді өңдеу кезінде қателерді анықтау қатарында мәліметтің дұрыстығын сақтау қажет.,0.8252660632133484,True,1,595,736,1331,10.952311740998994,10.962848241000756,0.0,12,12,0,10,2,9,1,4,6,4790598536354078121,0.95,1,,
Experiment_1_Kazakh_Paraphrase_Generation_FINAL,17d3c22809bf1135cb1d4ccaab2b6d700a3dc01554ed6c475a25caf84a275735,74,technology,kazllm,issai/LLama-3.1-KazLLM-1.0-8B,baseline,2,True,False,Ақпараттық жүйелердің әртүрлі бағдарламалық интерфейстері деректерді автоматты түрде алмасуға мүмкіндік береді.,0.8736196160316467,True,1,515,71,586,1.0755309449996275,1.0824549650005793,0.0,1,1,0,1,0,,,,,,,,,
Experiment_1_Kazakh_Paraphrase_Generation_FINAL,17e8b2c6506a343576a204f7aa8751c843de598bf50f47a987ed346364727b98,78,technology,kazllm,issai/LLama-3.1-KazLLM-1.0-8B,kazdiv,1,True,False,Жүйенің резервтік көшірмелері техникалық ақаулар кезінде маңызды деректерді қалпына келтіруге мүмкіндік береді.,0.997871458530426,True,1,627,839,1466,12.504263513999831,12.513030744000389,0.0,12,3,9,2,1,1,1,0,2,6233041161049993779,0.95,1,,
Experiment_1_Kazakh_Paraphrase_Generation_FINAL,1803bd9fc8dc8a1a1b747afbce91a0299ff8f6837d68db90ced176273edadbe0,1,general,llama,NousResearch/Meta-Llama-3.1-8B-Instruct,baseline,3,True,False,Талаптарды орындау нәтижесінде жаңа сөйлем: Қазіргі өмірде тиімді уақытты пайдалануға уәдеге көмектеседі.,0.7050813436508179,False,1,468,73,541,1.0976774610007851,1.1043189209995035,0.0,1,1,0,0,1,,,,,,,,,
Experiment_1_Kazakh_Paraphrase_Generation_FINAL,1819b2626a1aa7d4df1058fda967cf2614c9c2c41bbe2f6185f31a4e56ef1e69,13,general,kazllm,issai/LLama-3.1-KazLLM-1.0-8B,kazdiv,2,True,False,Уақытында кері байланыс жұмыстың сапасын жақсартуға ықпал етеді.,0.9846973419189453,True,1,612,643,1255,9.56543614799989,9.573520648000112,0.0,13,4,9,4,0,3,1,0,0,4256237057025734689,0.95,1,,
Experiment_1_Kazakh_Paraphrase_Generation_FINAL,1866ce30aff986e48efcafeb3ba600d3af4a5cf79aa1ddaba5bec2a703c7dbbe,98,news,llama,NousResearch/Meta-Llama-3.1-8B-Instruct,kazdiv,1,True,False,Оқушыларды өндірістік тәжірибеге қатыстыру үшін жаңа келісімдер компаниялармен жасалынды.,0.9000746607780457,True,1,603,719,1322,10.707737185999576,10.72048466600063,0.0,13,13,0,13,0,5,8,2,4,1476166487757392404,0.95,1,,
Experiment_1_Kazakh_Paraphrase_Generation_FINAL,1868f0436914d7225922c9bb4f1d9d43373652cc91c9ba3f316c57b85bc09215,96,news,llama,NousResearch/Meta-Llama-3.1-8B-Instruct,baseline,1,True,False,Бірінші қайта жазылған сөйлем: Кәсіпорын қарапайым автоматтандырылған желіні іске қосты. Қайта жазылған сөйлемде жаңа ақпарат қосылған жоқ.,0.5712398886680603,False,1,482,92,574,1.378658618999907,1.3867772289995628,0.0,1,1,0,0,1,,,,,,,,,
Experiment_1_Kazakh_Paraphrase_Generation_FINAL,186b28e59a87baa63f2d74b823f4e4964ab23739e4fcfd4146b9fc8c0eee90e5,28,education,kazllm,issai/LLama-3.1-KazLLM-1.0-8B,kazdiv,1,True,False,Жеке оқу траекториясы студенттің жеке қажеттіліктерін қанағаттандыру үшін жасалған.,0.8219389915466309,True,1,614,754,1368,11.220556544000374,11.229697673000373,0.0,13,9,4,9,0,6,3,2,2,16705801986790474379,0.95,1,,
Experiment_1_Kazakh_Paraphrase_Generation_FINAL,1886a410fd2042dbae67ee5433db0c2c6ff67e98bc53cb3b821a1043dc6eb501,77,technology,llama,NousResearch/Meta-Llama-3.1-8B-Instruct,kazdiv,2,True,False,Өндірістік ортаға енгізілген модельдің сапасын тұрақты түрде бақылау қажет.,0.919928789138794,True,1,596,797,1393,11.859261964000325,11.869493403000888,0.0,13,13,0,12,1,2,10,1,3,8233036199592846389,0.95,1,,
Experiment_1_Kazakh_Paraphrase_Generation_FINAL,1899b44838b3d8c1bd113396eb9e57da81d65adcdc4657ae470c2f1c7564486c,43,science,kazllm,issai/LLama-3.1-KazLLM-1.0-8B,kazdiv,4,True,False,"Зерттеуде қолданылған әдістер толық сипатталған болса, басқа ғалымдар нәтижелерді қайта тексере алады.",0.9959300756454468,True,1,620,797,1417,11.870763504000024,11.87986455400005,0.0,12,6,6,5,1,2,3,1,2,1865237370242103833,0.95,1,,
Experiment_1_Kazakh_Paraphrase_Generation_FINAL,18b9cd5b4a5797c2f5e34d5c737e9a5c30cfb9b9c09ce1676205649bb2a24e35,98,news,llama,NousResearch/Meta-Llama-3.1-8B-Instruct,kazdiv,5,True,False,"Жоғары оқу орындары студенттердің өндірістік тәжірибесін күшейту үшін жаңа келісімдер жасап, компаниялармен қызметтестікке келді.",0.9791489839553833,True,1,603,1072,1675,15.990235424000275,16.00395913400098,0.0,12,9,3,9,0,1,8,0,2,3604694767383686474,0.95,1,,
Experiment_1_Kazakh_Paraphrase_Generation_FINAL,19556ddc956caa674bbc71092c34b9127f14921c3f87838ae493b66584d7c5a1,2,general,kazllm,issai/LLama-3.1-KazLLM-1.0-8B,kazdiv,1,True,False,Адамдар маңызды шешім қабылдағанда қолда бар мәліметтерді мұқият салыстыруы керек.,0.9905064702033997,True,1,610,670,1280,9.966678024000203,9.973712973000147,0.0,13,2,11,1,1,1,0,0,1,4718483938476729181,0.95,1,,
Experiment_1_Kazakh_Paraphrase_Generation_FINAL,195d4743067f458adcbe5dc1ee367063dd2fbc595a36383d17480bfe791349a3,49,science,kazllm,issai/LLama-3.1-KazLLM-1.0-8B,baseline,1,True,False,Нақты құбылыстың басым ерекшеліктерін қысқаша сипаттау үшін ғылыми модель құрастырылған.,0.8671449422836304,True,1,501,55,556,0.8333627790002538,0.8396242590001748,0.0,1,1,0,1,0,,,,,,,,,
Experiment_1_Kazakh_Paraphrase_Generation_FINAL,198d0ec0b28811b8333bdfa5aa433071b33f088b2cea655519f65e2c0fbc24e9,48,science,llama,NousResearch/Meta-Llama-3.1-8B-Instruct,baseline,5,True,False,Үлгіге байланысты алынған нәтижелердің статистикалық тұрақтылығына әсер етуі мүмкін.,0.8737375736236572,True,1,484,59,543,0.8915308930008905,0.8976785329996346,0.0,1,1,0,1,0,,,,,,,,,
Experiment_1_Kazakh_Paraphrase_Generation_FINAL,19a98818b61a58b568079b68550759cbe75fdcd619a7adac4c8187bce9b141c5,28,education,llama,NousResearch/Meta-Llama-3.1-8B-Instruct,baseline,4,True,False,Талаптарды орындағаннан кейін жаңа сөйлем: Сынықтанған қабілетіне қарай студенттің оқу жолын өзгертуіне мүмкіндік береді.,0.6104433536529541,False,1,471,83,554,1.2470104770000034,1.2532563770000706,0.0,1,1,0,0,1,,,,,,,,,
Experiment_1_Kazakh_Paraphrase_Generation_FINAL,19d1856c248a6547cd4161c10b42b075ce493479f796e1c6f4b93c29516fe5ba,15,general,kazllm,issai/LLama-3.1-KazLLM-1.0-8B,baseline,2,True,False,Өндірістің белсенділігі қала тұрғындарына қолайлы жаяу жүргіншілерге арналған жолдарды қолдайды.,0.819192111492157,True,1,499,63,562,0.949283024999886,0.9550340559999313,0.0,1,1,0,1,0,,,,,,,,,
Experiment_1_Kazakh_Paraphrase_Generation_FINAL,1a1874a14790252040be657f234f970c9ce893f1796b83fc5245639fa1d7390e,22,education,kazllm,issai/LLama-3.1-KazLLM-1.0-8B,kazdiv,4,True,False,Оқу барысында студенттердің белсенді қатысуы оқу материалына қызығушылық тудырады.,0.8857131004333496,True,2,1240,1968,3208,29.32573100700006,29.336671727000066,0.0,12,4,8,4,0,2,2,0,0,4857530515997818461,0.95,2,,
Experiment_1_Kazakh_Paraphrase_Generation_FINAL,1a8d5843503b4ccc0caa6fff64d7a443336d642cbb5c5bfd8971532f1365e02d,97,news,llama,NousResearch/Meta-Llama-3.1-8B-Instruct,kazdiv,3,True,False,Қалдықтарды сұрыптау мәдениетін дамытуға мамандардың көзқарасында жаңа жоба ықпал етеді.,0.851722240447998,True,1,600,846,1446,12.606707440998434,12.62007094099863,0.0,13,13,0,12,1,9,3,8,11,1662462809506578295,0.95,1,,
Experiment_1_Kazakh_Paraphrase_Generation_FINAL,1a985ee5001bb5b95176edd91fb1b8b78b231d5f4242a246cb976390b7772a40,13,general,kazllm,issai/LLama-3.1-KazLLM-1.0-8B,baseline,1,True,False,Жұмыстың сапасын жақсартуға уақытында берілген кері байланыс ықпал етеді.,0.978670597076416,True,1,494,51,545,0.7744864080000298,0.781183227999918,0.0,1,1,0,1,0,,,,,,,,,
Experiment_1_Kazakh_Paraphrase_Generation_FINAL,1ae839ab9d1c5487d4aab8991c49473a303de729640df78731fe71ec76144755,45,science,kazllm,issai/LLama-3.1-KazLLM-1.0-8B,kazdiv,2,True,False,"Бастапқы сұраққа нақты жауап беру үшін ғылыми қорытынды зерттеу нәтижелеріне сүйеніп, бастапқы сұраққа нақты жауап беруі керек.",0.9486846327781677,True,1,620,861,1481,12.831913930000155,12.843885060000048,0.0,13,8,5,7,1,2,5,1,6,7957640435605299905,0.95,1,,
Experiment_1_Kazakh_Paraphrase_Generation_FINAL,1b057e90ba58510f9bdb773ad84ecd59326f641c1db20760ef00b825afc3458b,78,technology,kazllm,issai/LLama-3.1-KazLLM-1.0-8B,kazdiv,5,True,False,Жүйенің резервтік көшірмелері техникалық ақауға қарсы тұру үшін маңызды деректерді қалпына келтіруге мүмкіндік береді.,0.9601041078567505,True,1,627,1102,1729,16.440214062999985,16.44765098300013,0.0,14,1,13,1,0,1,0,0,0,6027048878207346902,0.95,1,,
Experiment_1_Kazakh_Paraphrase_Generation_FINAL,1b128921e9a1dd6eab59c7864fe78a7325d4b95ae7bad4f8ff4e1b432a028df0,37,education,llama,NousResearch/Meta-Llama-3.1-8B-Instruct,kazdiv,4,True,False,Оқу орнында маңызды дағдының бірі – студенттің өз бетінше білім алу дағдысын жоғары деңгейде дамыту.,0.7982179522514343,True,1,595,982,1577,14.628181494001183,14.63835296400066,0.0,12,12,0,12,0,8,4,6,6,12941560874655134433,0.95,1,,
Experiment_1_Kazakh_Paraphrase_Generation_FINAL,1b61d8d874b91ff9f1c0ca6bd4cec57ef8932ffc1e5acfae2c2133141ee74b34,87,news,kazllm,issai/LLama-3.1-KazLLM-1.0-8B,baseline,5,True,False,Өңірде шағын және орта бизнесті қолдауға бағытталған оқыту бағдарламасы іске қосылды.,0.9872428774833679,True,1,504,61,565,0.9199651789995187,0.9257140690006054,0.0,1,1,0,1,0,,,,,,,,,
Experiment_1_Kazakh_Paraphrase_Generation_FINAL,1b6fa0162a63774abcfb5d597e7fc0963c446689a83d3d7c1502043047dea401,86,news,kazllm,issai/LLama-3.1-KazLLM-1.0-8B,baseline,5,True,False,Қала бойынша жол қауіпсіздігін арттыру мақсатында бірнеше жаяу жүргінші өткелі жаңартылды.,0.9894347190856934,True,1,499,59,558,0.891154390000338,0.8970683899997312,0.0,1,1,0,1,0,,,,,,,,,
Experiment_1_Kazakh_Paraphrase_Generation_FINAL,1b6fa8ad565e586b96311e66ea56ba243a440680e03363afd266354f298b59e3,24,education,llama,NousResearch/Meta-Llama-3.1-8B-Instruct,kazdiv,5,True,False,Студенттердің топтасып жұмыс істеуі олардың бірлесіп шешім қабылдау дағдыларын дамытады.,0.9177054166793823,True,1,592,1011,1603,15.066446587999963,15.077436328001568,0.0,14,13,1,13,0,3,10,1,1,18129647780121337158,0.95,1,,
Experiment_1_Kazakh_Paraphrase_Generation_FINAL,1b93dbfe9745e090391921c9f4797f6ed13a0621b52458a3363aedd8c87a3056,26,education,kazllm,issai/LLama-3.1-KazLLM-1.0-8B,kazdiv,4,True,False,Практикалық жобалар арқылы студенттерге алған білімдерін нақты әлемдегі мәселелерді шешу үшін пайдалануға болады,0.8902652263641357,True,2,1238,2094,3332,31.222483538000233,31.233988167999996,0.0,13,7,6,7,0,3,4,1,6,14106660311797859439,0.95,2,,
Experiment_1_Kazakh_Paraphrase_Generation_FINAL,1b94cede672f4ef10afe0d6f5cdb6684fd9cf25b65945fc9c112fe5439a3643a,28,education,llama,NousResearch/Meta-Llama-3.1-8B-Instruct,kazdiv,2,True,False,Сол студенттің білім алу қарқынын ескеруге мүмкіндік береді.,0.7670309543609619,True,1,589,618,1207,9.19260684100118,9.203486391001206,0.0,12,10,2,8,2,3,5,2,3,13682672838691320631,0.95,1,,
Experiment_1_Kazakh_Paraphrase_Generation_FINAL,1bced9068a6c90363be7aef089b1167ed677888546d7a301bcda1cbec4f5ae7f,56,science,llama,NousResearch/Meta-Llama-3.1-8B-Instruct,baseline,4,True,False,Сөйлемді жаңа сөздермен қайта жазу: Деректердің түсінікті ақпараттары машиналық оқыту модельдерін бағалауға маңызды.,0.6962153911590576,False,1,465,75,540,1.1265818510000827,1.1327955209999345,0.0,1,1,0,0,1,,,,,,,,,
Experiment_1_Kazakh_Paraphrase_Generation_FINAL,1bd2f8f8247284c6af545eb04b337e918bcf5d99659d0a8ee07995a96878369a,29,education,kazllm,issai/LLama-3.1-KazLLM-1.0-8B,kazdiv,3,True,False,Зерттеуге негізделген оқыту студенттердің сыни ойлау және ақпаратты талдау дағдыларын дамытуға көмектеседі.,0.9731731414794922,True,1,619,896,1515,13.348548391999884,13.35623488200008,0.0,14,2,12,2,0,1,1,0,0,8469521587444014612,0.95,1,,
Experiment_1_Kazakh_Paraphrase_Generation_FINAL,1bd6ed7bf16ae5bd4708fde206fa8c1ff1e4326425518a64c73bdba8f152421b,3,general,kazllm,issai/LLama-3.1-KazLLM-1.0-8B,baseline,5,True,False,Қоғамдағы өзара сенім өзара байланысты нығайтады.,0.9046295881271362,True,1,499,37,536,0.567052725999929,0.5725614860002679,0.0,1,1,0,1,0,,,,,,,,,
Experiment_1_Kazakh_Paraphrase_Generation_FINAL,1bdd14f9d8cf57eb055b76cc44ac9b3ad8f8de27527bb758a8f52376dfbb6739,11,general,llama,NousResearch/Meta-Llama-3.1-8B-Instruct,kazdiv,3,True,False,Қаржылық жоспарлау көмегімен қажетсіз шығындардың құны төмендейді.,0.8585118651390076,True,1,583,659,1242,9.801063216998955,9.81041428699973,0.0,13,12,1,11,1,6,5,2,2,13436137736598351274,0.95,1,,
Experiment_1_Kazakh_Paraphrase_Generation_FINAL,1bdef246f55648906cc58117ba1d8250381e7123d8286c49a38f65bd5422a365,60,science,llama,NousResearch/Meta-Llama-3.1-8B-Instruct,baseline,4,True,False,Зерттеу нәтижелерінің практикалық маңызын бағалау статистикалық мәнділікті түсіндірумен ғана шектелмеуі тиіс.,1.0,False,1,485,67,552,1.0101752720001969,1.0120666620005068,0.0,1,1,0,0,1,,,,,,,,,
Experiment_1_Kazakh_Paraphrase_Generation_FINAL,1bf33bf6a1d9d6e200e494467e540217abf0ec6c079fb161de7abc640fe8162b,39,education,llama,NousResearch/Meta-Llama-3.1-8B-Instruct,baseline,4,True,False,Талаптарды орындаған сөйлем: Оқу барысында қойылатын ашық сұрақтар студенттердің дәлелді жауап құрастыруға қабілетін дамытады.,0.9279991388320923,True,1,481,84,565,1.2596983409985114,1.2658788209992053,0.0,1,1,0,1,0,,,,,,,,,
Experiment_1_Kazakh_Paraphrase_Generation_FINAL,1c09424a1f36201ac3c0032fe04932b94ee66691877af594de9d2b0ea53bb1be,32,education,llama,NousResearch/Meta-Llama-3.1-8B-Instruct,baseline,1,True,False,Бастапқы сөйлемді қайта жазған сөйлем: Олардың тақырыпты қаншалықты түсінгенін анықтауға көмектесетін студенттердің өз жұмысын қорғауы.,0.8543803691864014,True,1,490,98,588,1.4656202940004732,1.472604754000713,0.0,1,1,0,1,0,,,,,,,,,
Experiment_1_Kazakh_Paraphrase_Generation_FINAL,1c4d799c8bc17f47bb0425550a9d960d5cc285d3b45c7bfff10d06b0d8302789,84,news,llama,NousResearch/Meta-Llama-3.1-8B-Instruct,kazdiv,5,True,False,Кездесуде жергілікті кәсіпкерлерге арналған жаңа қолдау бағдарламасының шарттары таныстырылды.,0.9342976212501526,True,2,1192,1914,3106,28.512585498998305,28.52466216799985,0.0,13,11,2,11,0,5,6,2,3,16383442856250438551,0.95,2,,
Experiment_1_Kazakh_Paraphrase_Generation_FINAL,1c6deacdbd8ae74d5c4ce029aa859e2189b15091d28d2a031807e62be71eae4a,29,education,llama,NousResearch/Meta-Llama-3.1-8B-Instruct,kazdiv,3,True,False,Зерттеу негізінде оқыту сыни ойлау және ақпаратты талдау дағдыларын қалыптастырады.,0.8938090801239014,True,1,594,834,1428,12.422163806999379,12.431778586000291,0.0,12,9,3,9,0,6,3,0,0,10039968539944942462,0.95,1,,
Experiment_1_Kazakh_Paraphrase_Generation_FINAL,1c7d3d7092a1a2cd3cba727d434b61bee6fd9e58a93d732eb925565ac535c03f,54,science,llama,NousResearch/Meta-Llama-3.1-8B-Instruct,kazdiv,2,True,False,Деректердің ашық болуы ғылыми зерттеулердің нәтижелерінің қадағаласуына және қайта пайдаланылуына қолайлылық тудырады.,0.8798943758010864,True,1,591,738,1329,10.984659240999463,10.99580503100151,0.0,12,11,1,8,3,6,2,0,0,16675575742400350943,0.95,1,,
Experiment_1_Kazakh_Paraphrase_Generation_FINAL,1c96de1f04bf4dfdf9f16022f0c173c7663f866a2e807f146cf313ab97c2889a,10,general,kazllm,issai/LLama-3.1-KazLLM-1.0-8B,baseline,5,True,False,Отбасындағы өзара қолдау қиын жағдайларды бірге еңсеру үшін мүмкіндік береді.,0.9951896667480469,True,1,496,56,552,0.8472124280000344,0.8530249579999918,0.0,1,1,0,1,0,,,,,,,,,
Experiment_1_Kazakh_Paraphrase_Generation_FINAL,1cd8d00edc70cb809fce2c9cf8c5781b8759391eb292fa25c9df15b3680880f0,7,general,kazllm,issai/LLama-3.1-KazLLM-1.0-8B,baseline,2,True,False,Салауатты тамақтану және белсенді қозғалыс күнделікті өмірдің сапасына оң әсер етеді.,0.9682624340057373,True,1,496,59,555,0.8912754250004582,0.8971895949998725,0.0,1,1,0,1,0,,,,,,,,,
Experiment_1_Kazakh_Paraphrase_Generation_FINAL,1cea368457949723d8c6bb6244145371d0e5f0439e69e61443bc50df969da6e0,61,technology,llama,NousResearch/Meta-Llama-3.1-8B-Instruct,kazdiv,1,True,False,Үлкен көлемдегі деректерді пайдаланған жасанды интеллект күрделі заңдылықтарды анықтауға мүмкіндік береді.,0.8737653493881226,True,1,604,980,1584,14.596511197998552,14.611756288000834,0.0,12,12,0,11,1,9,2,5,7,10349488212731118350,0.95,1,,
Experiment_1_Kazakh_Paraphrase_Generation_FINAL,1cf1fd699839197e2e94dcb308684bb57d951c0e581db72e501824b0c80cfb8c,46,science,llama,NousResearch/Meta-Llama-3.1-8B-Instruct,kazdiv,2,True,False,Әдебиеттерге жүйелі шолу саладағы ғылыми тұжырымдардың дамуына және олқылықтардың көрінісіне үлесін қосады,0.7709378004074097,True,1,606,837,1443,12.469574819999252,12.479451679999329,0.0,12,12,0,9,3,7,2,6,11,11898732648499797299,0.95,1,,
Experiment_1_Kazakh_Paraphrase_Generation_FINAL,1d06f41b426b0c9ec12b2836f215f14df754546417752b5bdcab2466b01a443c,74,technology,kazllm,issai/LLama-3.1-KazLLM-1.0-8B,kazdiv,5,True,False,Бағдарламалық интерфейстер әртүрлі ақпараттық жүйелердің арасында деректерді автоматты түрде алмасуды ұйымдастыруға көмектеседі.,0.9869027733802795,True,1,633,1107,1740,16.514285743000073,16.52315898300003,0.0,14,2,12,2,0,1,1,0,0,2811521868199117568,0.95,1,,
Experiment_1_Kazakh_Paraphrase_Generation_FINAL,1d362369f42eaf59b471bec118685fe32f79c14471226baf7323bd0fbaf4e267,5,general,llama,NousResearch/Meta-Llama-3.1-8B-Instruct,kazdiv,3,True,False,Қоршаған ортаны сақтау - адамдардың бірден-бір жауапкершілігі,0.76157546043396,True,1,579,600,1179,8.923682357999496,8.932168698000169,0.0,12,5,7,2,3,2,0,1,4,6744785686570510967,0.95,1,,
Experiment_1_Kazakh_Paraphrase_Generation_FINAL,1d43244cb83f807a5402993e3364a5b55ee27a5a5d700eacbd12b5f6cb2c14a6,65,technology,kazllm,issai/LLama-3.1-KazLLM-1.0-8B,kazdiv,5,True,False,Бағдарламалық жасақтаманы жүйелі түрде тексеру өнімдегі қателерді ерте анықтауға көмектеседі.,0.973278284072876,True,1,623,807,1430,12.023922194000079,12.032540373999836,0.0,12,6,6,6,0,3,3,2,2,9202968842697210746,0.95,1,,
Experiment_1_Kazakh_Paraphrase_Generation_FINAL,1d5932502e5e2c32f0bcfa665b25b9ab5934e2525536219519f4c2a9db9d81f5,2,general,llama,NousResearch/Meta-Llama-3.1-8B-Instruct,baseline,3,True,False,Адайғанда қолда бар ақпаратты мұқият салыстыру керек.,0.8489069938659668,True,1,467,33,500,0.5079830960003164,0.5140153349984757,0.0,1,1,0,1,0,,,,,,,,,
Experiment_1_Kazakh_Paraphrase_Generation_FINAL,1d5d8f52540c10a01ba9094820ce06ff4b0d086ca8a63069b7a6cf271bc0a9d3,71,technology,llama,NousResearch/Meta-Llama-3.1-8B-Instruct,kazdiv,4,True,False,Интернет арқылы заттар құрылғылар арасында деректер алмасу қолайлы жағдай туғызады.,0.8436540365219116,True,1,592,712,1304,10.600856787001248,10.61118361699846,0.0,13,9,4,7,2,6,1,3,8,16146624008080922357,0.95,1,,
Experiment_1_Kazakh_Paraphrase_Generation_FINAL,1d8a43e7501dd697b33c30dc32f53308a929a29acca892649cc85fca0bdcfc35,97,news,kazllm,issai/LLama-3.1-KazLLM-1.0-8B,kazdiv,5,True,False,Қалдықтарды сұрыптау мәдениетін дамытуға ықпал ететін жаңа экологиялық жоба туралы мамандардың пікірі бар.,0.8936673402786255,True,1,625,887,1512,13.21908092600006,13.231530406000275,0.0,13,3,10,3,0,2,1,1,1,6193613097043747686,0.95,1,,
Experiment_1_Kazakh_Paraphrase_Generation_FINAL,1de17f4bf36408fcf0c931b76ee2e0b7197fa9a7f2319d87b54f6dcebabeea23,94,news,kazllm,issai/LLama-3.1-KazLLM-1.0-8B,baseline,1,True,False,Ғылыми конференция барысында зерттеушілер деректер қауіпсіздігі мен жасанды интеллект этикасын талқылады.,0.9842150211334229,True,1,496,52,548,0.7888679410007171,0.7956740310000896,0.0,1,1,0,1,0,,,,,,,,,
Experiment_1_Kazakh_Paraphrase_Generation_FINAL,1de740e73bffa387e6637d660923d5855d52f4c9c7a0806bd5619313fd033d05,100,news,kazllm,issai/LLama-3.1-KazLLM-1.0-8B,baseline,2,True,False,Өңірдің қоғамдық орындарын жаңарту жұмыстары келесі кезеңде бірнеше ауданға кеңейтіледі.,0.9736283421516418,True,1,513,67,580,1.0152738330000375,1.0215185529999644,0.0,1,1,0,1,0,,,,,,,,,
Experiment_1_Kazakh_Paraphrase_Generation_FINAL,1e1904fcf07be9c4a717abc0442cfd1cc6df96b28f6c1aad4ab74b03e929560a,48,science,llama,NousResearch/Meta-Llama-3.1-8B-Instruct,kazdiv,4,True,False,Зерттеу үлгісінің көлемі алынған нәтижелердің статистикалық тұрақтылығына әсері мүмкін.,0.9978953003883362,True,1,602,855,1457,12.738673846000893,12.75075521600047,0.0,13,11,2,11,0,1,10,0,0,17278939226063862300,0.95,1,,
Experiment_1_Kazakh_Paraphrase_Generation_FINAL,1e2b068c9f2630cc2dbe2871d8169920abb7f974769952d3cf73cec416c57a8c,91,news,llama,NousResearch/Meta-Llama-3.1-8B-Instruct,kazdiv,5,True,False,Жасанды интеллектті білім беру мен өндірісте қолдану мәселелері өңірлік форумда талқыланды.,0.9096639156341553,True,1,590,830,1420,12.359053572999983,12.372212782000133,0.0,13,11,2,11,0,2,9,1,7,16351926180806228001,0.95,1,,
Experiment_1_Kazakh_Paraphrase_Generation_FINAL,1e51861b37b41cc2327002be531c89f3465b6d04a7931881326695eb305243f9,72,technology,llama,NousResearch/Meta-Llama-3.1-8B-Instruct,kazdiv,2,True,False,Модельдің шешімдерін түсіндіру мүмкіндігі жасанды интеллектті енгізу кезінде маңыздығына орын береді.,0.8780899047851562,True,1,606,806,1412,12.00836706300106,12.021411763000287,0.0,12,10,2,10,0,2,8,1,7,11087269895394556950,0.95,1,,
Experiment_1_Kazakh_Paraphrase_Generation_FINAL,1e5f94fed9e5ea3bdb65e8572272baa305694da2daeede51b8484578f4c3b33f,82,news,llama,NousResearch/Meta-Llama-3.1-8B-Instruct,kazdiv,2,True,False,"Өңірде біріккен білім беру орталығы ашылып, оқушылар технологиялық білімді қосымша үйренді.",0.8988775610923767,True,1,597,709,1306,10.554566865001107,10.564319233999413,0.0,12,10,2,10,0,7,3,2,2,12681125655755383011,0.95,1,,
Experiment_1_Kazakh_Paraphrase_Generation_FINAL,1e7c087fec0344c78147a345533cbc1ed5327755f6a589f024079ce8aa4b7288,79,technology,llama,NousResearch/Meta-Llama-3.1-8B-Instruct,kazdiv,5,True,False,Қолжетімді сервистер пайдаланушылардың құрылғылардан қызмет алуына оң шара болып табылады.,0.7911728024482727,True,1,609,797,1406,11.875224942999921,11.887935952998305,0.0,13,13,0,11,2,10,1,9,12,837976504729394234,0.95,1,,
Experiment_1_Kazakh_Paraphrase_Generation_FINAL,1e8116fc995df0c9fc8bd7da543e7d14ac3b9702c157b06a23821bacbce2473d,76,technology,kazllm,issai/LLama-3.1-KazLLM-1.0-8B,baseline,3,True,False,Жасанды интеллект тілінің үлгісі ретінде мен күрделі үлгілерді үйрену үшін өзара байланысқан көптеген есептеу қабаттарын пайдаланамын.,0.7891533374786377,True,1,513,86,599,1.294434743000238,1.3004349029997684,0.0,1,1,0,1,0,,,,,,,,,
Experiment_1_Kazakh_Paraphrase_Generation_FINAL,1ed6b9a969e50e893a56303d071c32365505fac33fd141d67332a361dc7d1d4d,14,general,llama,NousResearch/Meta-Llama-3.1-8B-Instruct,baseline,4,True,False,"Аймақтық көзқарастарды талқылағанда, тарихи және әлеуметтік жағдайларды ұмытпағанда, олардың бір-біріне қатысып жататынын түсіне ала алмайсың.",0.5229920148849487,False,1,473,101,574,1.5109742269996786,1.517792616999941,0.0,1,1,0,0,1,,,,,,,,,
Experiment_1_Kazakh_Paraphrase_Generation_FINAL,1ef72e1efcdfef5036cb73dc992b444a69f88c9e6ea6ebae3d277d34c1e4c691,84,news,llama,NousResearch/Meta-Llama-3.1-8B-Instruct,baseline,1,True,False,Жергілікті кәсіпкерлерге арналған жаңа қолдау бағдарламасы шарттарын ресми кездесуде таныстырғанда.,0.971017599105835,True,1,478,60,538,0.9071885729990754,0.913896983000086,0.0,1,1,0,1,0,,,,,,,,,
Experiment_1_Kazakh_Paraphrase_Generation_FINAL,1f0c4ecbc38e08645c005ee31352a12ddb5d3e628f1dd010efaa246c889cc3e2,44,science,llama,NousResearch/Meta-Llama-3.1-8B-Instruct,kazdiv,2,True,False,Талдау статистикалық деректерді зерттеуге және олардың заңдылықтарын тануға мүмкіндік береді.,0.8702527284622192,True,1,601,729,1330,10.84899773199868,10.858746511999925,0.0,13,12,1,12,0,3,9,1,1,16699510491294052192,0.95,1,,
Experiment_1_Kazakh_Paraphrase_Generation_FINAL,1f13fa71ab504b947ffc6b1204aa3c3a5ef81f25899124e3d35849bcaa602fc8,6,general,kazllm,issai/LLama-3.1-KazLLM-1.0-8B,kazdiv,1,True,False,"Кітап оқу сөздік қорын кеңейтіп, адамның ойлау қабілетін арттыруға көмектеседі",0.9299076795578003,True,1,617,666,1283,9.913915704999454,9.922573525000189,0.0,12,6,6,6,0,2,4,1,1,14947508408033803316,0.95,1,,
Experiment_1_Kazakh_Paraphrase_Generation_FINAL,1f241085b0681b400b177f581f1421916745eb122fb7b6cedfb307ffbd9875b1,97,news,kazllm,issai/LLama-3.1-KazLLM-1.0-8B,baseline,1,True,False,Мамандар жаңа экологиялық жоба қалдықтарды сұрыптау мәдениетін дамытуға ықпал етеді деп есептейді.,1.0,False,1,507,64,571,0.9647757319999073,0.9707921420003913,0.0,1,1,0,0,1,,,,,,,,,
Experiment_1_Kazakh_Paraphrase_Generation_FINAL,1f42cdb670f4db0b4027d8847bc78fb429fd00e6efc1ad99b023fa8b189a8ca2,96,news,kazllm,issai/LLama-3.1-KazLLM-1.0-8B,kazdiv,1,True,False,Компания жаңа автоматтандырылған желіні іске қосу арқылы өндіріс тиімділігін арттыруды жоспарлап отыр,0.9279417395591736,True,1,625,680,1305,10.129984251999304,10.138868412000193,0.0,12,5,7,5,0,2,3,1,2,9822285892955026847,0.95,1,,
Experiment_1_Kazakh_Paraphrase_Generation_FINAL,1f45b6ca8f6c5be0e914425e3e326d4deb99ffd52e3e72153d3acfdbfb8283ff,31,education,kazllm,issai/LLama-3.1-KazLLM-1.0-8B,baseline,1,True,False,Академиялық адалдық ережелерін сақтау білім нәтижелерінің сапасын қамтамасыз етеді.,0.9561053514480591,True,1,506,56,562,0.8472299150002982,0.8540346350000618,0.0,1,1,0,1,0,,,,,,,,,
Experiment_1_Kazakh_Paraphrase_Generation_FINAL,1f74a899f847f9b383c9c7ad4068260146b3c846869eda207adf336e6a813271,24,education,llama,NousResearch/Meta-Llama-3.1-8B-Instruct,kazdiv,2,True,False,Студенттердің бірге жұмыс қылуының нәтижесінде олардың пікір алмасу және шешім қабылдау дағдылары дамиды.,0.8684006929397583,True,1,592,886,1478,13.188477617999524,13.20032462800009,0.0,13,7,6,6,1,4,2,1,2,7948774535855406346,0.95,1,,
Experiment_1_Kazakh_Paraphrase_Generation_FINAL,1fca0eb2ee00209da726e7fe168d16783dc5a5e673a3a0e8520bb60579ec1504,63,technology,llama,NousResearch/Meta-Llama-3.1-8B-Instruct,kazdiv,1,True,False,Бұлттағы есептеу ресурстары іске қосу күрделі бағдарламаларды іске қосуға жергілікті инфрақұрылымсыз ресурстар іске қосу мүмкін.,0.7909119129180908,True,1,610,904,1514,13.465472349000265,13.47900380899955,0.0,13,12,1,7,5,5,2,4,11,4240707288800558305,0.95,1,,
Experiment_1_Kazakh_Paraphrase_Generation_FINAL,1fd6ab14221816e2b62fefbbda6ee983685994563c63f8e6a80397298e0f5ce2,43,science,kazllm,issai/LLama-3.1-KazLLM-1.0-8B,baseline,2,True,False,"Зерттеуде пайдаланылған әдістер толық сипатталса, басқа ғалымдар нәтижелерді қайта тексере алады.",0.9985842108726501,True,1,502,59,561,0.891106886000216,0.8971124959998633,0.0,1,1,0,1,0,,,,,,,,,
Experiment_1_Kazakh_Paraphrase_Generation_FINAL,1fe1d69dd0c14acc48b7c4a2d0e07625de2a98caf202fbbf747f0928825115a6,33,education,kazllm,issai/LLama-3.1-KazLLM-1.0-8B,baseline,5,True,False,Қысқа бақылау тапсырмалары оқу материалын жүйелі түрде қайталауға ынталандырады.,1.0,False,1,498,55,553,0.83277503599993,0.8344630960000359,0.0,1,1,0,0,1,,,,,,,,,
Experiment_1_Kazakh_Paraphrase_Generation_FINAL,1fe4bbf88bbda4311a02f56ff407fb3b06eb562cf27250af29b59819e6696ecb,39,education,llama,NousResearch/Meta-Llama-3.1-8B-Instruct,kazdiv,4,True,False,Оқу барысында қойылатын ашық сұрақтар студенттердің дәлелді жауап құрастыру қабілетін көтереді.,0.9851453304290771,True,1,599,999,1598,14.885986971999955,14.895755671999723,0.0,13,12,1,12,0,1,11,0,0,14141702135882959281,0.95,1,,
Experiment_1_Kazakh_Paraphrase_Generation_FINAL,1fed970f178db5ba00f9324aa66f896d7936885c210ee1be863806da837e5a21,76,technology,kazllm,issai/LLama-3.1-KazLLM-1.0-8B,baseline,4,True,False,Нейрондық желілер өзара байланысқан есептеу қабаттарының көмегімен күрделі үлгілерді меңгереді.,0.8986499905586243,True,1,513,64,577,0.9712226250003368,0.9772680349997245,0.0,1,1,0,1,0,,,,,,,,,
Experiment_1_Kazakh_Paraphrase_Generation_FINAL,1ff859084ffbeb64966898e63c227d629eaa56ac54ce62a7a851b418e2c3a483,81,news,kazllm,issai/LLama-3.1-KazLLM-1.0-8B,kazdiv,1,True,False,Қала әкімдігі тұрғындардың ұсыныстары бойынша қоғамдық транзит бағыттарын қайта қарауды жоспарлап отыр.,0.9497730731964111,True,1,635,942,1577,14.04574572599995,14.055692146000183,0.0,12,11,1,11,0,3,8,0,0,13389063288435200997,0.95,1,,
Experiment_1_Kazakh_Paraphrase_Generation_FINAL,200ebb2f5135c7526d7194bd86ff94be5455e6a4861ee75faf28c1576df28686,88,news,llama,NousResearch/Meta-Llama-3.1-8B-Instruct,kazdiv,4,True,False,Қосымша сабақтар кезең-кезеңімен білімді арттыруға арналған.,0.8211594223976135,True,1,600,660,1260,9.824649172000136,9.83392938200086,0.0,13,10,3,10,0,5,5,3,4,11918915946862608595,0.95,1,,
Experiment_1_Kazakh_Paraphrase_Generation_FINAL,201734818a5969dc958514301164b5c898a352df98bb4deb9f273f61a178155f,72,technology,kazllm,issai/LLama-3.1-KazLLM-1.0-8B,kazdiv,3,False,False,,,False,2,1262,1795,3057,26.729952068000784,26.73956445800013,0.0,12,1,11,0,1,,,,,,0.95,,quality_filtering,No candidate passed predefined quality constraints.
Experiment_1_Kazakh_Paraphrase_Generation_FINAL,201b5c3b56ba68e0a06ed49e30a2141a53865ef9d18fe4c6953e558b6d558c9f,2,general,kazllm,issai/LLama-3.1-KazLLM-1.0-8B,kazdiv,3,True,False,Адамдар маңызды шешімдер қабылдағанда қолда бар ақпаратты мұқият таразылауы керек.,0.9065923690795898,True,1,610,623,1233,9.269046042000127,9.277790781000022,0.0,12,6,6,6,0,2,4,1,2,3263158408224833591,0.95,1,,
Experiment_1_Kazakh_Paraphrase_Generation_FINAL,202c9b18367e7a0369497a8ec62330c7dd8c2829e2697dcae1318a9d9fb76964,85,news,llama,NousResearch/Meta-Llama-3.1-8B-Instruct,baseline,4,True,False,Қайта жазылған сөйлем: Университет зерттеушілері өндірісті зерттеуге арналған жаңа цифрлық базаны ұсынды.,0.8751696348190308,True,1,476,64,540,0.9655461720012681,0.9719391620001261,0.0,1,1,0,1,0,,,,,,,,,
Experiment_1_Kazakh_Paraphrase_Generation_FINAL,2048c1e809280c82ecbca3b27ac06ee9979e069fc0116524ba77913b15cd7f5b,52,science,kazllm,issai/LLama-3.1-KazLLM-1.0-8B,kazdiv,2,True,False,Зерттеу нәтижелерін визуализациялау күрделі байланыстарды түсінуді жеңілдетеді.,0.9941010475158691,True,1,610,647,1257,9.626622545000373,9.629041565000534,0.0,13,1,12,1,0,1,0,0,0,15309126672257012415,0.95,1,,
Experiment_1_Kazakh_Paraphrase_Generation_FINAL,205210ba5fffb3bdd5659e9b4c9b44e4593510b5a77fc4399c9d12e8dd0cbc93,53,science,kazllm,issai/LLama-3.1-KazLLM-1.0-8B,kazdiv,3,True,False,Ғылыми жаңалықты зерттеу нәтижелерімен салыстыру арқылы дәлелдеу керек.,0.9072629809379578,True,1,612,562,1174,8.359645304999503,8.36993790499946,0.0,12,3,9,3,0,2,1,0,0,8416404195806581005,0.95,1,,
Experiment_1_Kazakh_Paraphrase_Generation_FINAL,206a12036c7f5a6e823ac9eefad6507c69f7f645b7f7e4845c54c8303fcf77b9,8,general,llama,NousResearch/Meta-Llama-3.1-8B-Instruct,baseline,1,True,False,Қоғамдық орындарда ортақ ережелерді сақталу – құрмет көрсету. Қоғамдық орындардың ортақ ережелерін сақтау – құрмет көрсету. Ортақ ережелерді сақтау – қоғамдық орындарда құрмет көрсету. Қоғамдық орындарда сақталатын ережелердің сақталуы – құрмет көрсету. Ортақ ережелерді сақтау қоғамдық орындарда құрмет көрсету. Қоғамдық орындарда ортақ ережелерді сақтау құрмет көрсетудің бір түрі. Қоғамдық орындарда ортақ ережелерді сақтау – басқа адамдарға құрмет көрсету.,0.8460706472396851,False,1,490,332,822,4.918967600000542,4.92828985000051,0.0,1,1,0,0,1,,,,,,,,,
Experiment_1_Kazakh_Paraphrase_Generation_FINAL,2078242167c4bb1751a37be786da2d8bda1b358e6008644356aa10d145711d7d,56,science,llama,NousResearch/Meta-Llama-3.1-8B-Instruct,baseline,5,True,False,Сөйлемді тапсырманың талаптарына сәйкес қайта жазу: Мақсатты оқыту моделдерін бағалау үшін сапалы деректердің және түсініктемелердің объективтілігі маңызды.,0.6880533695220947,False,1,465,98,563,1.4650149489989417,1.471351558000606,0.0,1,1,0,0,1,,,,,,,,,
Experiment_1_Kazakh_Paraphrase_Generation_FINAL,207eeae9ae97847b4a18629500fc7af03491b44016d8a2d9cd4bcf0a285aabad,81,news,kazllm,issai/LLama-3.1-KazLLM-1.0-8B,baseline,4,True,False,Қала әкімдігі тұрғындардың ұсыныстары негізінде қоғамдық көлік бағыттарын қайта қарауды жоспарлап отыр.,0.9958628416061401,True,1,517,74,591,1.1189100159999725,1.1246857860005548,0.0,1,1,0,1,0,,,,,,,,,
Experiment_1_Kazakh_Paraphrase_Generation_FINAL,20a8378358b8657e47e1831079a7f2c81bffef777ff8b4b5f54abf6f33a65c26,98,news,kazllm,issai/LLama-3.1-KazLLM-1.0-8B,baseline,4,True,False,Жоғары оқу орындары студенттердің өндірістік тәжірибесін күшейту үшін компаниялармен жаңа келісімдер жасасты.,1.0,False,1,510,67,577,1.009694311000203,1.011421571000028,0.0,1,1,0,0,1,,,,,,,,,
Experiment_1_Kazakh_Paraphrase_Generation_FINAL,20bdc59f70b260beb59c7dd9f29de070457e2980606f71aaa090acef9a004895,52,science,llama,NousResearch/Meta-Llama-3.1-8B-Instruct,baseline,2,True,False,Зерттеулер нәтижелерін суреттелу күрделі байланыстарды аңсауды жеңілдетеді.,0.9275506734848022,True,1,467,47,514,0.7145210440012306,0.7206431039994641,0.0,1,1,0,1,0,,,,,,,,,
Experiment_1_Kazakh_Paraphrase_Generation_FINAL,20caeeed2027e722753c07c0a7bb59491f27b0eb4b83db48ceb3e5dbe739c2e8,20,general,kazllm,issai/LLama-3.1-KazLLM-1.0-8B,kazdiv,5,True,False,"Өзіңіздің қабілеттеріңізге қарай үлкен мәселені кішігірім бөліктерге бөліп, оны жеңілдете аласыз.",0.7588292360305786,True,1,613,655,1268,9.745051359999934,9.753913128999784,0.0,12,7,5,7,0,4,3,1,1,14082573526541497886,0.95,1,,
Experiment_1_Kazakh_Paraphrase_Generation_FINAL,20d7258c7673bf9a7cd23722aa6cc0fb7ae733076e4fd45bdab43d9b44f7b084,51,science,llama,NousResearch/Meta-Llama-3.1-8B-Instruct,baseline,5,True,False,Деректерді алдын ала өңдеу кезінде қателер мен жетіспейтін мәндерді тапу маңызды.,0.9808522462844849,True,1,477,51,528,0.7746933039998112,0.7809457639996253,0.0,1,1,0,1,0,,,,,,,,,
Experiment_1_Kazakh_Paraphrase_Generation_FINAL,20d88148acf25ac25915338f9eca8665f18d73592adc3cbd127ed88552d3b49c,59,science,llama,NousResearch/Meta-Llama-3.1-8B-Instruct,kazdiv,3,True,False,Әсерді ажыратуға көмектесетін факторлардан экспериментті тобы бар.,0.7986441850662231,True,1,587,486,1073,7.222873151999011,7.232206122000207,0.0,12,12,0,12,0,6,6,3,5,14126917674353569652,0.95,1,,
Experiment_1_Kazakh_Paraphrase_Generation_FINAL,20f934cefbd197489d304a0b85dc107816ada8b38ad194613b436dad02a70a21,94,news,llama,NousResearch/Meta-Llama-3.1-8B-Instruct,baseline,4,True,False,Өзгертіліп жазылған сөйлем: Зерттеушілер конференцияда деректердің қауіпсіздігі және жасанды интеллекттің этикасын қарастырды.,0.9196116924285889,True,1,471,73,544,1.0982090119996428,1.104876711999168,0.0,1,1,0,1,0,,,,,,,,,
Experiment_1_Kazakh_Paraphrase_Generation_FINAL,211c899c5e231d73c338872c2e12d641bd8631df4f29f4ebeb1610b48b4dc199,78,technology,llama,NousResearch/Meta-Llama-3.1-8B-Instruct,baseline,1,True,False,Талаптарды орындағаннан кейін жаңа сөйлем: Техникалық ақаулар болғанда жүйенің көшірмелері маңызды мәліметтерді қалпына келтіруге мүмкіндік береді.,0.7907571792602539,True,1,484,96,580,1.4371856180005125,1.4439448680004716,0.0,1,1,0,1,0,,,,,,,,,
Experiment_1_Kazakh_Paraphrase_Generation_FINAL,213ce99072b567f0ff5a88ce1ba2cf0821012f3d90b39ee6e4774cef079630e6,39,education,kazllm,issai/LLama-3.1-KazLLM-1.0-8B,kazdiv,4,True,False,Оқу барысында қойылатын ашық сұрақтар студенттердің дәлелді жауаптар құрастыру қабілетін дамытады,0.9304298162460327,True,1,624,795,1419,11.836255705999974,11.844406776000142,0.0,12,2,10,2,0,2,0,1,1,7246925153916634015,0.95,1,,
Experiment_1_Kazakh_Paraphrase_Generation_FINAL,21513c71d564a8dc2e848dbf6f84da4db182ecf91a254db2742e674ff4e69ed0,64,technology,llama,NousResearch/Meta-Llama-3.1-8B-Instruct,baseline,3,True,False,"Киберқауіпсіздік жүйелері ақпараттық ресурстарды рұқсатсыз қол жеткізуден қорғауға бағытталған. (Сөйлемде ақпараттық қауіпсіздік жүйелерінің мақсаты түсінікті болу үшін орнынан ауыстырылған сөз - ақпараттық ресурстар, сондай-ақ рұқсатсыз қол жеткізу деген сөздері қолданылған.) Ресурсқа рұқсатсыз қол жеткізуден ақпараттық қауіпсіздік жүйелері қорғауға бағытталған. (Сөйлемде ақпараттық қауіпсіздік жүйелерінің мақсаты түсінікті болу үшін орнынан ауыстырылған сөз - ақпараттық қауіпсіздік жүйелері, сондай-ақ рұқсатсыз қол жеткізу деген сөздері қолданылған.) Ресурсқа қол жеткізуден ақпараттық қауіпсіздік жүйелері қорғауға бағытталған. (Сөйлемде ақпараттық қауіпсіздік жүйелерінің мақсаты түсінікті болу үшін орнынан ауыстырылған сөз - ақпараттық қауіпсіздік жүйелері, сондай-ақ рұқсатсыз қол жеткізу деген сөздері қолданылған.) Ресурсқа қол жеткізуден қорғауға ақпараттық қауіпсіздік жүйелері бағытталған. (Сөйлемде ақпараттық қауіпсіздік жүйелерінің мақсаты түсінікті болу үшін орнынан ауыстырылған сөз - ақпараттық қауіпсіздік жүйелері, сондай-ақ рұқсатсыз қол жеткізу деген сөздері қолданылған.) Қауіпсіздік жүйелері ақпараттық ресурстарды рұқсатсыз қол жеткізуден қорғауға бағытталған. (Сөйлемде ақпараттық қауіпсіздік жүйелерінің мақсаты түсінікті болу үшін орнынан ауыстырылған сөз - ақпараттық ресурстар, сондай-ақ рұқсатсыз қол жеткізу деген сөздері қолданылған.) Қауіпсіздік жүйелері рұқсатсыз ақпараттық ресурстарға қол жеткізуден қорғауға бағытталған. (Сөйлемде ақпараттық қауіпсіздік жүйелерінің мақсаты түсінікті болу үшін орнынан ауыстырылған сөз - ақпараттық ресурстар, сондай-ақ рұқсатсыз қол жеткізу деген сөздері қолданылған.)",0.8305545449256897,False,1,486,1146,1632,17.0794391440013,17.087285834000795,0.0,1,1,0,0,1,,,,,,,,,
Experiment_1_Kazakh_Paraphrase_Generation_FINAL,2175ec0c11649d489ced98caef5f2392d62df7192f1a3f27d5f08b05c19ccf11,3,general,kazllm,issai/LLama-3.1-KazLLM-1.0-8B,baseline,4,True,False,Қоғамдағы өзара сенім адамдар арасындағы байланысты нығайтуға ықпал етеді.,1.0,False,1,499,56,555,0.8464481539999724,0.8482114339999498,0.0,1,1,0,0,1,,,,,,,,,
Experiment_1_Kazakh_Paraphrase_Generation_FINAL,21818ba44fe2e81c425aa54fc9b094e23046b1b2ce881832c446fe7881257bf9,53,science,kazllm,issai/LLama-3.1-KazLLM-1.0-8B,kazdiv,4,True,False,"Ғылыми жаңалықтар бұрынғы зерттеулермен салыстыру арқылы расталып, түсіндірілуі тиіс.",0.9340832233428955,True,1,612,582,1194,8.65676047099987,8.665368950999436,0.0,12,6,6,6,0,6,0,0,0,4995173088603787356,0.95,1,,
Experiment_1_Kazakh_Paraphrase_Generation_FINAL,21958132dc314f32dc7ebb75ede1c114fe2e1442bdb53690b959cbae8815919f,78,technology,llama,NousResearch/Meta-Llama-3.1-8B-Instruct,kazdiv,4,True,False,"Жүйенің көшірмелері біздің маңызды деректерді қалпына келтіруге қолдайды, тіпті техникалық ақаулар кезінде.",0.8717243671417236,True,1,602,892,1494,13.28545958200084,13.294562121998752,0.0,13,5,8,5,0,2,3,1,4,10949960415932654430,0.95,1,,
Experiment_1_Kazakh_Paraphrase_Generation_FINAL,21a2051d2e49f5740c75e9cbe471fc131be0c943f9bc95521d28f7fca234aedd,48,science,kazllm,issai/LLama-3.1-KazLLM-1.0-8B,baseline,1,True,False,Зерттеу үлгісінің көлемі алынған нәтижелердің статистикалық сенімділігіне әсер етуі мүмкін.,0.961105227470398,True,1,509,62,571,0.9353293389999635,0.9420162500000515,0.0,1,1,0,1,0,,,,,,,,,
Experiment_1_Kazakh_Paraphrase_Generation_FINAL,21c1fb80bade70297abd0a4682becae679ed58021ec001b693dd2cf3dc630d1c,27,education,kazllm,issai/LLama-3.1-KazLLM-1.0-8B,kazdiv,2,True,False,"Бағалау критерийлері алдын ала түсіндірілген кезде, студенттер тапсырма талаптарын жақсырақ түсінеді.",0.9942084550857544,True,1,618,769,1387,11.451313073000165,11.460110902999986,0.0,12,8,4,8,0,1,7,0,1,4330021637603125274,0.95,1,,
Experiment_1_Kazakh_Paraphrase_Generation_FINAL,220f6f0e5f960983e07fb63d8c2191d364bc3543af9c6aeb8d44a29f6f3a5d44,5,general,kazllm,issai/LLama-3.1-KazLLM-1.0-8B,kazdiv,3,True,False,Таза қоршаған ортаны сақтаудың бастауы әр адамның жауапкершілігімен байланысты,0.922950029373169,True,1,604,526,1130,7.823562976000176,7.831705244999739,0.0,12,4,8,3,1,2,1,1,1,2273715346424746493,0.95,1,,
Experiment_1_Kazakh_Paraphrase_Generation_FINAL,223666cb6b87cba78317606deeed930c934de9b6f76f7d24e6a04d94f3200e2f,64,technology,kazllm,issai/LLama-3.1-KazLLM-1.0-8B,kazdiv,2,True,False,Рұқсатсыз пайдаланудан ақпараттық ресурстарды қорғауға бағытталған киберқауіпсіздік жүйелері.,0.9218077659606934,True,1,629,810,1439,12.069521096999779,12.078865847000088,0.0,12,6,6,6,0,2,4,1,2,4951934155489344873,0.95,1,,
Experiment_1_Kazakh_Paraphrase_Generation_FINAL,223c226365ee8261ce288300c4f096d6ea8526f043d38669c4bd8c88f7ade6d6,31,education,llama,NousResearch/Meta-Llama-3.1-8B-Instruct,kazdiv,3,True,False,Білім нәтижелерінің сенімділігін көздейтін академиялық адалдық қағидаларының сақталуы білімділіктің қызылтанымдылығына әсер етеді.,0.8679968118667603,True,1,599,1080,1679,16.09527064699978,16.107896527000776,0.0,13,13,0,13,0,7,6,6,10,494747396719233657,0.95,1,,
Experiment_1_Kazakh_Paraphrase_Generation_FINAL,223c3424ccba904eb6ed5b24340cde1b39a93c04e430c3852bdd2f71c531976c,91,news,kazllm,issai/LLama-3.1-KazLLM-1.0-8B,baseline,4,True,False,Аймақтық форумда білім беруде және өндірісте жасанды интеллектті қолдану мәселелері талқыланды.,0.9594165682792664,True,1,497,58,555,0.8769623890002549,0.8830653089999032,0.0,1,1,0,1,0,,,,,,,,,
Experiment_1_Kazakh_Paraphrase_Generation_FINAL,2253e6aec804cc69cd683f33af04783e0561aa5a08ad9db3d8f7ec0cef15ff9d,64,technology,kazllm,issai/LLama-3.1-KazLLM-1.0-8B,kazdiv,5,True,False,Ақпараттық ресурстарды қауіпсіз сақтау үшін киберқауіпсіздік жүйелері қолданылады.,0.8550404906272888,True,1,629,736,1365,10.96786091499962,10.976841855000202,0.0,12,3,9,3,0,2,1,0,0,4065226394560437294,0.95,1,,
Experiment_1_Kazakh_Paraphrase_Generation_FINAL,225462f3a34d72036ea3e251519aff45dad7e5ebb9e9bb2773382330b423d03a,53,science,kazllm,issai/LLama-3.1-KazLLM-1.0-8B,baseline,5,True,False,Бұрынғы зерттеулермен салыстыру арқылы ғылыми жаңалық негізделіп көрсетілуі тиіс.,0.9709104299545288,True,1,494,51,545,0.7740894409998873,0.7797714009993797,0.0,1,1,0,1,0,,,,,,,,,
Experiment_1_Kazakh_Paraphrase_Generation_FINAL,225a6ae35f5ec2fa6b1d489bcd4da9d149c746878e0cadce56bb2f312483ebeb,51,science,llama,NousResearch/Meta-Llama-3.1-8B-Instruct,kazdiv,2,True,False,Деректерді өңдеу кезінде қателерді анықтау үшін жанама деректерді пайдалану қажет.,0.7684289813041687,True,1,595,621,1216,9.237024784999448,9.24777853500018,0.0,12,12,0,10,2,10,0,7,9,8179154474935779770,0.95,1,,
Experiment_1_Kazakh_Paraphrase_Generation_FINAL,225b2eb597595cebb0ccbdd74de448462ff4f722a0d1b8cc5946063f82508b07,88,news,llama,NousResearch/Meta-Llama-3.1-8B-Instruct,baseline,3,True,False,Қосымша сабақтар кезең-кезеңімен мектептерде цифрлық сауаттылықты арттыруға арналған енгізілуде.,0.9630922079086304,True,1,482,64,546,0.9658703730001434,0.9721075830002519,0.0,1,1,0,1,0,,,,,,,,,
Experiment_1_Kazakh_Paraphrase_Generation_FINAL,226403ac0d39ed3081e8b3c25121d6d065ab1bb5ad6fc0db341c1812b72f8433,71,technology,kazllm,issai/LLama-3.1-KazLLM-1.0-8B,kazdiv,2,True,False,Интернет заттары құрылғылар арасында деректерді оңай жинауға және алмасуға мүмкіндік береді.,0.8904156684875488,True,1,617,951,1568,14.166150555000058,14.174134445000163,0.0,15,2,13,2,0,2,0,1,1,17882807760285090395,0.95,1,,
Experiment_1_Kazakh_Paraphrase_Generation_FINAL,2267c1e0954d8001b902f026debfd481767468f1cde1ab4affd2e0d75cf21927,49,science,kazllm,issai/LLama-3.1-KazLLM-1.0-8B,kazdiv,4,True,False,Нақты құбылыстың ең маңызды қасиеттерін ықшам түрде көрсету үшін ғылыми модель жасалған.,0.887744665145874,True,1,619,725,1344,10.79995971399967,10.808898773999772,0.0,12,8,4,8,0,2,6,1,1,1949872828750662464,0.95,1,,
Experiment_1_Kazakh_Paraphrase_Generation_FINAL,2294a833481fcf31e86db8e33c8dc76183fdb863cd2314b56039f514f59ff2bb,87,news,llama,NousResearch/Meta-Llama-3.1-8B-Instruct,baseline,2,True,False,Аймақта шағын және орта бизнесті қолдауға бағытталған оқыту бағдарламасы іске қосылды.,1.0,False,1,479,61,540,0.9216926130011416,0.9236934330001532,0.0,1,1,0,0,1,,,,,,,,,
Experiment_1_Kazakh_Paraphrase_Generation_FINAL,2294fea1f29db6f11ce34a982c842134aeed11a10cf9ed327c24bcf431d135cf,100,news,llama,NousResearch/Meta-Llama-3.1-8B-Instruct,kazdiv,2,True,False,Өңірде қоғамдық кеңістіктерді жаңарту жұмыстары келесі кезеңде өзара байланысты екі ауданға дейін кеңейтіледі.,0.9552462697029114,True,1,606,922,1528,13.736330662999535,13.745810963000622,0.0,12,9,3,9,0,2,7,1,4,18231049696119920607,0.95,1,,
Experiment_1_Kazakh_Paraphrase_Generation_FINAL,22abd22f717abcb6636fa59ca3e7b05afcfba98628021272e764d0d4cfc386db,96,news,kazllm,issai/LLama-3.1-KazLLM-1.0-8B,baseline,5,True,False,Кәсіпорын өндірістің тиімділігін арттыру үшін жаңа автоматтандырылған желіні іске қосуға бағытталған.,0.9532204866409302,True,1,507,67,574,1.0089829309999914,1.0147605809997913,0.0,1,1,0,1,0,,,,,,,,,
Experiment_1_Kazakh_Paraphrase_Generation_FINAL,22f40bdee972deb3ddfd4d852d9a0da0786e4995dcb1b57702a20cb7c15fa899,72,technology,llama,NousResearch/Meta-Llama-3.1-8B-Instruct,baseline,5,True,False,Сөйлемді қайта жазу: Модельдің шешімдерін түсіндіру мүмкіндігі жасанды интеллект жүйелерін енгізу кезінде маңызды талапқа айналып келеді.,0.8607079982757568,True,1,488,86,574,1.289592356999492,1.296096526999463,0.0,1,1,0,1,0,,,,,,,,,
Experiment_1_Kazakh_Paraphrase_Generation_FINAL,22f776e55102e5278200f8adc0c368bb1a0914f368df369fe7877f627bd62b97,83,news,kazllm,issai/LLama-3.1-KazLLM-1.0-8B,baseline,1,True,False,Мамандар келер маусымда су ресурстарын үнемді пайдалану қажеттілігіне баса назар аударды.,0.9829250574111938,True,1,486,44,530,0.6704380520004634,0.67756565199943,0.0,1,1,0,1,0,,,,,,,,,
Experiment_1_Kazakh_Paraphrase_Generation_FINAL,2306bee238a9ab28c2c7d4b1e23654bc105663299b26084e70f1f4d7c320b212,65,technology,llama,NousResearch/Meta-Llama-3.1-8B-Instruct,baseline,1,True,False,Бағдарламалық жасақтаманы тұрақты тексеру өнімдегі қателерді ерте анықтауға көмектеседі.,0.9386529326438904,True,1,480,63,543,0.9511058109983423,0.9573726409998926,0.0,1,1,0,1,0,,,,,,,,,
Experiment_1_Kazakh_Paraphrase_Generation_FINAL,2331b01736295ac89c13f12353184c7e927ddceebf72e25290e22ac471d4a56c,59,science,llama,NousResearch/Meta-Llama-3.1-8B-Instruct,baseline,1,True,False,Талаптарды қорытындысына сүйене отырып жаңа сөйлем: Эксперименттік әсерді басқа ықтимал факторлардан ажыратуға көмектесетін бақылау тобы.,0.8382954597473145,True,1,469,84,553,1.2608691890000046,1.2675758889999997,0.0,1,1,0,1,0,,,,,,,,,
Experiment_1_Kazakh_Paraphrase_Generation_FINAL,23497c1080c1812fbac8c7dd2ac21a5f61c1cea2b90ef33b15e750d8e4afc6f3,82,news,llama,NousResearch/Meta-Llama-3.1-8B-Instruct,kazdiv,3,True,False,Технологиялық білімді арттыру мақсатында жаңа білім беру орталығы ашылған.,0.8643373847007751,True,1,597,631,1228,9.393512472999646,9.405591933000323,0.0,12,12,0,12,0,7,5,5,8,6743367219416506897,0.95,1,,
Experiment_1_Kazakh_Paraphrase_Generation_FINAL,235dafab91652ddf13607c208eedb5632b8f492e98fabcea15a97200bb48062d,1,general,llama,NousResearch/Meta-Llama-3.1-8B-Instruct,baseline,1,True,False,Күнделікті өмірде жоспарлау уақытты тиімді пайдалануға көмектеседі.,0.9840021133422852,True,1,468,45,513,0.6980985039990628,42.56079087999933,0.0,1,1,0,1,0,,,,,,,,,
Experiment_1_Kazakh_Paraphrase_Generation_FINAL,2362f6707594cbd8e8ea57ad545597c1996c294154b40149394352a19fd5ee39,48,science,llama,NousResearch/Meta-Llama-3.1-8B-Instruct,kazdiv,2,True,False,Нәтижелердің статистикалық тұрақтылығының бір құрамдас бөлігі зерттеу үлгісінің көлемі,0.7707024812698364,True,1,602,752,1354,11.199154599000394,11.209183879000193,0.0,12,12,0,10,2,9,1,4,5,5060812393991314913,0.95,1,,
Experiment_1_Kazakh_Paraphrase_Generation_FINAL,2412cd2ad6744e1fb75bf4e051a936d501c0c13ebee7087171f30adaa153fe28,54,science,llama,NousResearch/Meta-Llama-3.1-8B-Instruct,baseline,5,True,False,Талаптарды орындау нәтижесінде жаңа сөйлем: Ғылыми нәтижелерді тексеру мен қайта пайдалануға ашық деректер мүмкіндік береді.,0.8495402336120605,True,1,473,76,549,1.1415689599998586,1.1477606500011461,0.0,1,1,0,1,0,,,,,,,,,
Experiment_1_Kazakh_Paraphrase_Generation_FINAL,2423da95618ee13f2a9dff6126367c75e7fff6f4000c1b5cbc41df3402cdd0c9,23,education,llama,NousResearch/Meta-Llama-3.1-8B-Instruct,kazdiv,4,True,False,Оқытушының уақтылы кері байланысы оқушының нәтижелерін талқылауына көмектеседі.,0.8988620638847351,True,1,605,732,1337,10.894931363000069,10.90435987300043,0.0,12,12,0,10,2,6,4,3,7,16910614118733653760,0.95,1,,
Experiment_1_Kazakh_Paraphrase_Generation_FINAL,2424dcf7338b8fe78313cc9a7955c33d2040a0c0983f894323d5869cba26db2f,92,news,llama,NousResearch/Meta-Llama-3.1-8B-Instruct,baseline,1,True,False,Қоғамдық кеңесте мүшелер қаланың инфрақұрылымын дамытуға байланысты бірнеше ұсыныс қаралды.,0.9625892639160156,True,1,483,66,549,0.9955571520004014,1.002115381999829,0.0,1,1,0,1,0,,,,,,,,,
Experiment_1_Kazakh_Paraphrase_Generation_FINAL,243174e30e5979735333a2cb566c1e852a559f32c6082774a4530f5da41607cc,5,general,llama,NousResearch/Meta-Llama-3.1-8B-Instruct,baseline,2,True,False,Қоршаған ортаны ұстау әр адамның жауапкершілігінен басталады.,0.9572582840919495,True,1,461,41,502,0.6263718150003115,0.6325123939986952,0.0,1,1,0,1,0,,,,,,,,,
Experiment_1_Kazakh_Paraphrase_Generation_FINAL,2439a412e616c879bf19acc81688ab453cd14544d6997ad2e1cf310cc20793b0,99,news,llama,NousResearch/Meta-Llama-3.1-8B-Instruct,baseline,5,True,False,Қазақстандағы технологиялық көрмеде ұлттық әзірлеушілер білім беру мен медицинаға арналған бірнеше цифрлық шешімді көрсетті.,0.9555162787437439,True,1,486,80,566,1.2028023910006596,1.209385881000344,0.0,1,1,0,1,0,,,,,,,,,
Experiment_1_Kazakh_Paraphrase_Generation_FINAL,2466c3c0c197b782ba7b4826332a9cf7636a9159295676f675e7deffd8e08c85,55,science,llama,NousResearch/Meta-Llama-3.1-8B-Instruct,baseline,3,True,False,Талаптарды қанағаттандырып жазылған сөйлем: Зерттеушілер әдіс таңдағанда оның жақшылдарымен қатар шектеулерін де ескеруі қажет.,0.8001245260238647,True,1,473,81,554,1.2147480300009192,1.220859630000632,0.0,1,1,0,1,0,,,,,,,,,
Experiment_1_Kazakh_Paraphrase_Generation_FINAL,249797529f2c6264a9fe18dfcfa186834e63b3fa8830b8369753c843a3bb0657,16,general,kazllm,issai/LLama-3.1-KazLLM-1.0-8B,baseline,2,True,False,Еріктілік қызметі қоғамға пайда әкелумен қатар адамның әлеуметтік тәжірибесін кеңейтеді.,1.0,False,1,507,64,571,0.9640483090001908,0.9659140189999107,0.0,1,1,0,0,1,,,,,,,,,
Experiment_1_Kazakh_Paraphrase_Generation_FINAL,24afe11aeb6ce943ee0e31deebf26e6184f5650c430e6525aa2aecb007c306d5,31,education,llama,NousResearch/Meta-Llama-3.1-8B-Instruct,baseline,4,True,False,"Сұхбаттардың білімділігіне және білімділігіне қарамастан, кісілердің білімділігін анықтауға мүмкіндік беретін білім нәтижелерінің сенімділігін қамтамасыз етеді.",0.6770045757293701,False,1,481,103,584,1.5402338240000972,1.546744322999075,0.0,1,1,0,0,1,,,,,,,,,
Experiment_1_Kazakh_Paraphrase_Generation_FINAL,24b100e57850b0b5947bc0f7d137828f6cab2162f4aa6b3ef925fb0905a095b5,32,education,kazllm,issai/LLama-3.1-KazLLM-1.0-8B,baseline,2,True,False,Студенттердің өз жұмысын қорғауы олардың тақырыпты қаншалықты түсінгенін анықтауға көмектеседі.,1.0,False,1,515,72,587,1.0885049540002,1.090205244000117,0.0,1,1,0,0,1,,,,,,,,,
Experiment_1_Kazakh_Paraphrase_Generation_FINAL,24b385db97003ec3d11efe31338dffa02f0f386a90839c2cb0e16e6e20173e96,52,science,llama,NousResearch/Meta-Llama-3.1-8B-Instruct,baseline,3,True,False,Жауап: Зерттеу нәтижелерін графикпен көрсету байланыстарды түсіндіруді жеңілдетеді.,0.8318940997123718,True,1,467,51,518,0.7737503539992758,0.779970482999488,0.0,1,1,0,1,0,,,,,,,,,
Experiment_1_Kazakh_Paraphrase_Generation_FINAL,24be72d9abf667458273d5c00e18b03f97e97f2e1743635b67fc20bbd16b9926,87,news,kazllm,issai/LLama-3.1-KazLLM-1.0-8B,kazdiv,3,True,False,Аймақтағы шағын және орта бизнесті қолдауға бағытталған оқыту бағдарламасы іске қосылды.,0.9908058047294617,True,2,1244,1496,2740,22.285502386999724,22.297431757000595,0.0,11,6,5,5,1,1,4,0,0,18217202459743175564,0.95,2,,
Experiment_1_Kazakh_Paraphrase_Generation_FINAL,24fb5bc59c2b93d242e2a919da45196e7e36bd1450621cd11e62b5ae63a831f9,97,news,llama,NousResearch/Meta-Llama-3.1-8B-Instruct,kazdiv,5,True,False,Мамандар экологиялық жоба іске қосылуынан қалдықтарды сұрыптау мәдениетін дамытуға ықпал етеді деп ойлайды.,0.9407148361206055,True,1,600,829,1429,12.35027188300046,12.363251882999975,0.0,12,12,0,12,0,8,4,5,6,17492300210333165951,0.95,1,,
Experiment_1_Kazakh_Paraphrase_Generation_FINAL,251d3679e7220d73dc8349fd0cf72996ff48da66686d496bc27624baf6d492c8,40,education,llama,NousResearch/Meta-Llama-3.1-8B-Instruct,kazdiv,4,True,False,Білім беру ортасы әр студенттің оқу үдерісінде тең дәрежеде қатысуына жағдай жасайды.,0.9143873453140259,True,2,1194,2135,3329,31.818039670999497,31.833132870000554,0.0,13,11,2,11,0,1,10,0,0,16312443227038629206,0.95,2,,
Experiment_1_Kazakh_Paraphrase_Generation_FINAL,254c08fd5af199d972352eca39f78c8d107485d42da6ffee20badd7d3725c034,34,education,llama,NousResearch/Meta-Llama-3.1-8B-Instruct,kazdiv,2,True,False,Күрделі ойларды мысалдармен түсіндіру студенттерге қызықты бола алады.,0.8239519596099854,True,1,602,562,1164,8.352617390000887,8.362619839999752,0.0,12,12,0,2,10,2,0,0,3,1403755370801223265,0.95,1,,
Experiment_1_Kazakh_Paraphrase_Generation_FINAL,25543383376d269c3a231df0e07a0275246db87e5b70b405f9bd26f9ab2e2861,86,news,kazllm,issai/LLama-3.1-KazLLM-1.0-8B,baseline,1,True,False,Қалада жол қауіпсіздігін арттыру мақсатында бірнеше жаяу жүргінші өткелдері жаңартылды.,0.9829574823379517,True,1,499,58,557,0.8761768699996537,0.8824543099999573,0.0,1,1,0,1,0,,,,,,,,,
Experiment_1_Kazakh_Paraphrase_Generation_FINAL,256cfd8012d9fb998fa4ae7ad2dcfa5641859e887884c9cca0bc4fbb65265e99,52,science,kazllm,issai/LLama-3.1-KazLLM-1.0-8B,baseline,2,True,False,Зерттеу нәтижелерін визуализациялау күрделі байланыстарды түсіндіруді жеңілдетеді.,0.9999999403953552,False,1,492,49,541,0.7442849889998797,0.7460242990000552,0.0,1,1,0,0,1,,,,,,,,,
Experiment_1_Kazakh_Paraphrase_Generation_FINAL,25841bb285ed64528d254cb1dca3c4497d4ad93f77db4421b9290cb603262342,12,general,kazllm,issai/LLama-3.1-KazLLM-1.0-8B,baseline,3,True,False,"Жаңа ақпарат қоспағанда, бастапқы сөйлемнің мағынасын сақтай отырып, оны табиғи қазақшаға қайта жазуға болады: Табиғаттың сұлулығында демалу адамның көңіл-күйін жақсартып, күнделікті күйзелісті азайтуы мүмкін. Айырмашылықты көрсету үшін бастапқы сөйлемді екі бөлікке бөліп көрсетуге болады: Табиғат аясында демалу адамның көңіл-күйін жақсартып, күнделікті күйзелісті төмендетуі мүмкін. Табиғаттың сұлулығында демалу адамның көңіл-күйін жақсартып, күнделікті күйзелісті азайтуы мүмкін.",0.8087323904037476,False,1,509,347,856,5.143847638000011,5.15081743799999,0.0,1,1,0,0,1,,,,,,,,,
Experiment_1_Kazakh_Paraphrase_Generation_FINAL,259a07324489c9e10be75b0084381aaeaa84cc11b9551b7edf8ff31be1e3d8a1,8,general,llama,NousResearch/Meta-Llama-3.1-8B-Instruct,kazdiv,2,True,False,Бірде-бір орында ортақ ережелерді сақтау қоғамдық өмірде құрмет көрсету үшін маңызды.,0.8632270097732544,True,1,608,737,1345,10.973608970998612,10.98556828099936,0.0,12,12,0,12,0,3,9,1,1,7897747061443922448,0.95,1,,
Experiment_1_Kazakh_Paraphrase_Generation_FINAL,25c014f6d2634b6fefa8d971730d3b51a90315d62a910365626dcae6af1fe0a5,94,news,llama,NousResearch/Meta-Llama-3.1-8B-Instruct,baseline,2,True,False,Сөйлемді жаңа сөздермен қайта жазу: Зерттеушілер конференцияда ғылыми жұмыстарында жасанды интеллект және деректер қауіпсіздігінің көптеген мәселелерін талқылады.,0.8191726803779602,True,1,471,99,570,1.4813609480006562,1.4878058080012124,0.0,1,1,0,1,0,,,,,,,,,
Experiment_1_Kazakh_Paraphrase_Generation_FINAL,25caeec917eae81840671edc476f1152fcd3683252b69ef20e37b843c9e35b4b,54,science,llama,NousResearch/Meta-Llama-3.1-8B-Instruct,kazdiv,3,True,False,Ғылыми нәтижелерді тексеру мен қайта пайдалануға ашық деректер қолайлылық тудырады.,0.9118247628211975,True,1,591,893,1484,13.294217442000445,13.30405427200094,0.0,13,10,3,10,0,3,7,0,0,2598856854550841326,0.95,1,,
Experiment_1_Kazakh_Paraphrase_Generation_FINAL,262b29a9859f0f0186acaf67d354448a1adb9a64b0ab0b771d7da5d64a4fcd85,50,science,llama,NousResearch/Meta-Llama-3.1-8B-Instruct,kazdiv,1,True,False,Тәжірибені қайталау ауытқулардың салдарын төмендетеді.,0.8821861743927002,True,1,594,612,1206,9.108394075999968,9.118065625998497,0.0,12,12,0,10,2,7,3,4,4,3516374112140024109,0.95,1,,
Experiment_1_Kazakh_Paraphrase_Generation_FINAL,262f07130c9141e0c89bf148b6c76a864a4189f8c423761505057648ba6868df,96,news,llama,NousResearch/Meta-Llama-3.1-8B-Instruct,baseline,3,True,False,Қайта жазылған сөйлем: Кәсіпорын өндіріс тиімділігін арттыруды жаңа автоматтандырылған желіні іске қосу арқылы көздеп отыр.,0.9206688404083252,True,1,482,80,562,1.2012553709992062,1.207734999999957,0.0,1,1,0,1,0,,,,,,,,,
Experiment_1_Kazakh_Paraphrase_Generation_FINAL,26889420d0704577ee5df0d51ecb8b983d20f5d87bb3ec6821508c3118609b39,49,science,kazllm,issai/LLama-3.1-KazLLM-1.0-8B,kazdiv,5,True,False,Ғылыми модель нақты құбылыстың негізгі қасиеттерін қысқаша сипаттау үшін жасалған.,0.9262207746505737,True,1,619,627,1246,9.335391764999713,9.344454345000031,0.0,12,9,3,9,0,3,6,0,0,10052690362035891761,0.95,1,,
Experiment_1_Kazakh_Paraphrase_Generation_FINAL,269f9ce7ae1bd7f58412da003935e5e50f42fe23d6197471aba1471302ca6d8d,49,science,llama,NousResearch/Meta-Llama-3.1-8B-Instruct,baseline,3,True,False,Ғылыми модель нақты құбылыстың өзекті қасиеттерін аңғаруға арналған.,0.9426174163818359,True,1,476,49,525,0.7450118939996173,0.7511973140008195,0.0,1,1,0,1,0,,,,,,,,,
Experiment_1_Kazakh_Paraphrase_Generation_FINAL,26a68192d2b1d4905b0eee36ee3bb665258db75f3104fd539abce0e0bf8e5baf,74,technology,llama,NousResearch/Meta-Llama-3.1-8B-Instruct,kazdiv,3,True,False,Құрамдас бағдарламалар әртүрлі ақпараттық жүйелердің арасында ақпарат алмасуын автоматты түрде ұйымдастыруға жағдай жасайды.,0.79998779296875,True,1,608,964,1572,14.362661884000772,14.376266553999812,0.0,13,12,1,12,0,4,8,3,9,5077955130013052250,0.95,1,,
Experiment_1_Kazakh_Paraphrase_Generation_FINAL,26c86d19802f03b55a754f17afc12dc6c4f9e7a23df905fbeaea67b2aa370f2e,56,science,kazllm,issai/LLama-3.1-KazLLM-1.0-8B,baseline,2,True,False,Сапалы аннотацияланған деректер машиналық оқыту модельдерін объективті бағалау үшін маңызды.,0.9999999403953552,False,1,490,47,537,0.7145318319999205,0.7162468019996595,0.0,1,1,0,0,1,,,,,,,,,
Experiment_1_Kazakh_Paraphrase_Generation_FINAL,26e11eb6eec321f783ebfc46c0922e2a3312954543ef256912e50c3ae54be048,10,general,kazllm,issai/LLama-3.1-KazLLM-1.0-8B,kazdiv,4,True,False,Отбасындағы қолдау қиындықтарды бірге жеңуге мүмкіндік береді.,0.9473690390586853,True,1,614,533,1147,7.930347862000076,7.949041051999984,0.0,12,7,5,7,0,1,6,0,0,2078307952845079787,0.95,1,,
Experiment_1_Kazakh_Paraphrase_Generation_FINAL,26f35bad89edc47b08f6c8c44a70479f3c1f7f219c68939434872f867c624587,37,education,kazllm,issai/LLama-3.1-KazLLM-1.0-8B,kazdiv,1,True,False,Жоғары оқу орнынан кейін студенттің өз бетінше білім алу қабілеті кәсіби даму үшін негіз болады.,0.9464700222015381,True,1,620,748,1368,11.13937962,11.147895619999872,0.0,12,4,8,4,0,1,3,0,2,13103191798169884188,0.95,1,,
Experiment_1_Kazakh_Paraphrase_Generation_FINAL,2713ed5048ca8eacf19395f165f767aadf50b15317485c625089bb9defa1cfeb,70,technology,llama,NousResearch/Meta-Llama-3.1-8B-Instruct,baseline,1,True,False,Бағдарламаның оңтайландыру өнімділігін есептеу ресурстарының тиімді пайдалануына мүмкіндік береді.,0.9712066054344177,True,1,476,59,535,0.8921570709990192,0.8984121009998489,0.0,1,1,0,1,0,,,,,,,,,
Experiment_1_Kazakh_Paraphrase_Generation_FINAL,27183fd3cdab71aed115192d4dad6565068ecc1521cfaedb1dd9ee39e9e3ca92,12,general,llama,NousResearch/Meta-Llama-3.1-8B-Instruct,kazdiv,2,True,False,Табиғат аясында демалғанда уақыт күнделікті күйзелісті төмендетеді.,0.8418514728546143,True,1,602,762,1364,11.34366100400075,11.352702243999374,0.0,13,7,6,7,0,4,3,3,5,4118827804535867009,0.95,1,,
Experiment_1_Kazakh_Paraphrase_Generation_FINAL,276c7c3379efb6578f5c924eb5bcbc3e14022fa9d264bb7ac34158e809beba80,33,education,llama,NousResearch/Meta-Llama-3.1-8B-Instruct,kazdiv,3,True,False,Оқу материалын жүйелі түрде қайталауға ынталандыратын тапсырма оқушылардың тапсырма бойынша әрекет етуге жәрдем көрсетеді.,0.8163697123527527,True,1,591,859,1450,12.785780703001365,12.798845952000192,0.0,12,12,0,11,1,7,4,6,10,6090330283975918107,0.95,1,,
Experiment_1_Kazakh_Paraphrase_Generation_FINAL,2772b229f72debceb18bae166a38b47a14fc4caee21d5c475c2311bde14c6104,54,science,kazllm,issai/LLama-3.1-KazLLM-1.0-8B,baseline,3,True,False,Ғылыми нәтижелерді тексеру және қайта пайдалану үшін ашық деректер қажет.,0.8848759531974792,True,1,498,45,543,0.6852480420002394,0.6869776419998743,0.0,1,1,0,1,0,,,,,,,,,
Experiment_1_Kazakh_Paraphrase_Generation_FINAL,278a96d893dd1b75a7986169ba40d529f91b1826c620483f7fb0fd76ab9c3686,42,science,kazllm,issai/LLama-3.1-KazLLM-1.0-8B,baseline,4,True,False,Эксперимент нәтижелерінің сенімділігі деректерді жинау әдісінің дұрыстығына тікелей байланысты.,1.0,False,1,499,56,555,0.8466621459997441,0.8484103559999312,0.0,1,1,0,0,1,,,,,,,,,
Experiment_1_Kazakh_Paraphrase_Generation_FINAL,279755ca1d4b3a370ade0457b2cbba9d662b07fc701ef61ab89b9d4699a19d24,93,news,llama,NousResearch/Meta-Llama-3.1-8B-Instruct,baseline,1,True,False,Талаптарды орындаған қайта жазылған сөйлем: Жергілікті билік ауаның сапасын бақылауға арналған қосымша орталықтарды орнатуды жоспарлап отыр.,0.8155854344367981,True,1,481,87,568,1.3037246299991239,1.310156798999742,0.0,1,1,0,1,0,,,,,,,,,
Experiment_1_Kazakh_Paraphrase_Generation_FINAL,27ccd598519df90c1e94197215ea01011edf35ad435b30ed419698c689e44218,26,education,kazllm,issai/LLama-3.1-KazLLM-1.0-8B,kazdiv,3,True,False,Нақты мәселелерді шешу үшін студенттерге практикалық жобалар арқылы өз білімдерін қолдануға мүмкіндік беріледі.,0.9123644828796387,True,1,619,850,1469,12.66458902300019,12.671777112999735,0.0,12,1,11,1,0,1,0,0,0,12206614452149652360,0.95,1,,
Experiment_1_Kazakh_Paraphrase_Generation_FINAL,27e0dd089de6e02e966df4278136f6afbdc7a99f52e50f6c1e2ec066be667c70,23,education,llama,NousResearch/Meta-Llama-3.1-8B-Instruct,baseline,3,True,False,"Оқытушының уақтылы кері байланысы студентке өз қателерін түсініп, нәтижесін жақсартуға көмектеседі – оқытушының жақсы оқытушы болуға көмектеседі.",0.9281312227249146,True,1,487,105,592,1.5695687430015823,1.5762860029990406,0.0,1,1,0,1,0,,,,,,,,,
Experiment_1_Kazakh_Paraphrase_Generation_FINAL,27f12d95a22df897399ef9f874c18a259e45a6bd084aa682e9511b4178bee583,63,technology,kazllm,issai/LLama-3.1-KazLLM-1.0-8B,baseline,3,True,False,Күрделі бағдарламаларды іске қосу үшін бұлттық есептеу ресурстары қажет.,0.7683732509613037,True,1,517,48,565,0.7359540419993209,0.7417411420001372,0.0,1,1,0,1,0,,,,,,,,,
Experiment_1_Kazakh_Paraphrase_Generation_FINAL,282003b9ac1a21a8af3aae1f54af2076dc5a02cc7f110d90179630baa283d1e2,42,science,llama,NousResearch/Meta-Llama-3.1-8B-Instruct,baseline,1,True,False,Талаптарды қанағаттандырып жаңа сөйлем: Эксперимент нәтижелерінің сенімділігі деректерді жинау әдісінің дұрыстығына байланысты.,0.7639161348342896,True,1,474,80,554,1.2010829920000106,1.2075600219995977,0.0,1,1,0,1,0,,,,,,,,,
Experiment_1_Kazakh_Paraphrase_Generation_FINAL,284a56dd4448a3c254486985946bc9aa8212bb6ccc58583b06511f3a8dd7cf0d,91,news,kazllm,issai/LLama-3.1-KazLLM-1.0-8B,kazdiv,4,True,False,Өңірлік форумда білім беру мен өндірісте жасанды интеллектіні қолдану мәселелері талқыланды.,0.9917567372322083,True,1,615,666,1281,9.913917513000342,9.921430592999968,0.0,12,3,9,2,1,1,1,0,1,9944109973447727554,0.95,1,,
Experiment_1_Kazakh_Paraphrase_Generation_FINAL,28561fcf4b42cf848eddc280c174ef8831bea818298d9e7dc8cbce4ce35dcf73,94,news,llama,NousResearch/Meta-Llama-3.1-8B-Instruct,kazdiv,3,True,False,Ғылыми конференция кезінде зерттеушілер жасанды интеллекттің қауіпсіздігін және деректерді қорғауды талқылады.,0.9246758222579956,True,1,589,818,1407,12.18286916499892,12.194616533999579,0.0,12,12,0,12,0,2,10,1,9,5209087526549024198,0.95,1,,
Experiment_1_Kazakh_Paraphrase_Generation_FINAL,285ad660d2eae72a80ccfe4ff8d8dbc17e86750ab43fd4360adf6fdd251f7e23,99,news,kazllm,issai/LLama-3.1-KazLLM-1.0-8B,kazdiv,5,True,False,Технологиялық көрмеде отандық әзірлеушілер білім беру мен медицинаға арналған цифрлық шешімдерді таныстырды.,0.9855747818946838,True,1,629,792,1421,11.799356178999915,11.809704448000048,0.0,12,4,8,3,1,1,2,0,3,6728999683640218852,0.95,1,,
Experiment_1_Kazakh_Paraphrase_Generation_FINAL,2897623a8d92300097e1e4657ebefcd5eb80fc5bd9c73260f27e40e170f89d91,22,education,kazllm,issai/LLama-3.1-KazLLM-1.0-8B,baseline,1,True,False,"Бастапқы сөйлемнің мағынасын толық сақтай отырып, қазақ тілінде басқа сөздермен қайта жазылған сөйлем: «Сабақ барысында белсенді тапсырмаларды қолдану оқушылардың оқу материалына деген қызығушылығын арттырады».",0.7933640480041504,False,1,502,138,640,2.0529286549999597,2.060495594000031,0.0,1,1,0,0,1,,,,,,,,,
Experiment_1_Kazakh_Paraphrase_Generation_FINAL,28a924c2f01f92a765c8e107cbcf57ec13df19067e765c89ef93513f0a3ecca0,94,news,kazllm,issai/LLama-3.1-KazLLM-1.0-8B,kazdiv,1,True,False,Ғылыми конференция барысында зерттеушілер деректер қауіпсіздігі мен жасанды интеллект этикасын талқылады.,0.9842150211334229,True,1,614,727,1341,10.826444672999969,10.835720492999826,0.0,12,12,0,12,0,1,11,0,0,11716304410385619095,0.95,1,,
Experiment_1_Kazakh_Paraphrase_Generation_FINAL,28b49c8b70c49ba97cc10a6342efae28c0afeeb6e19c2866e7663a5f7eb54dea,79,technology,llama,NousResearch/Meta-Llama-3.1-8B-Instruct,baseline,2,True,False,Қолжетімділіктерді пайдаланғанда құрылғылардан қызмет алуына жағдай жасайды.,0.7602598667144775,True,1,491,50,541,0.759313103999375,0.7656370740005514,0.0,1,1,0,1,0,,,,,,,,,
Experiment_1_Kazakh_Paraphrase_Generation_FINAL,28f91f942ca5df4d21f500a4c4b9ec1e3324943d63baaa26d504a4445db47929,24,education,llama,NousResearch/Meta-Llama-3.1-8B-Instruct,kazdiv,4,True,False,Жұмыс тобында жұмыс істеу кезінде студенттердің пікір алмасу және бірлесіп шешім қабылдау қабілеті жетіледі.,0.8824343681335449,True,1,592,976,1568,14.535250694001661,14.545634803998837,0.0,13,13,0,13,0,6,7,4,5,12732751559224406728,0.95,1,,
Experiment_1_Kazakh_Paraphrase_Generation_FINAL,292d1f21f430f94eb0ffed48dab43bacaaed905a90645f3f52df06f7d67996fc,62,technology,llama,NousResearch/Meta-Llama-3.1-8B-Instruct,baseline,3,True,False,"Талаптарды орындағаннан кейін, бастапқы сөйлемді қайта жазған сөйлем: Мақсатты оқыту моделінің сапасы оқыту деректерінің саны мен жақсалуына жағымды әсер етеді.",0.6554133892059326,False,1,475,104,579,1.554063863999545,1.5606640039986814,0.0,1,1,0,0,1,,,,,,,,,
Experiment_1_Kazakh_Paraphrase_Generation_FINAL,296c8ba1761a84785b1f0e5a9c9a988415c2e90a76f07047487d0f472d36024c,12,general,llama,NousResearch/Meta-Llama-3.1-8B-Instruct,baseline,3,True,False,"Табиғат аясында демалу адамның көңіл күйін жақсартып, күнделікті күйзелісті төмендетуі мүмкін.",1.0,False,1,484,66,550,0.9948709910004254,0.9967344720007532,0.0,1,1,0,0,1,,,,,,,,,
Experiment_1_Kazakh_Paraphrase_Generation_FINAL,2978e1715f35af926f5277a1fdcc2c2c939ea473298bb57d770ddd67bdf7d433,17,general,llama,NousResearch/Meta-Llama-3.1-8B-Instruct,baseline,5,True,False,Тәртіпті сақтау жұмыс пен демалыс арасындағы теңдік қалыптастыруға көмектеседі.,0.8944047689437866,True,1,481,55,536,0.8329799229995842,0.8391709429997718,0.0,1,1,0,1,0,,,,,,,,,
Experiment_1_Kazakh_Paraphrase_Generation_FINAL,2985b4ba03ab7abd17587caa3e4b0c59e87b3e52b98b9a3daf66c62ba161dc0e,60,science,kazllm,issai/LLama-3.1-KazLLM-1.0-8B,kazdiv,2,True,False,Зерттеу нәтижелерінің практикалық маңызын бағалау статистикалық маңыздылықты түсіндірумен шектелмеуі тиіс.,0.9780517220497131,True,1,628,1038,1666,15.478941778000262,15.487148028000775,0.0,13,3,10,3,0,1,2,0,1,10522242727958400311,0.95,1,,
Experiment_1_Kazakh_Paraphrase_Generation_FINAL,29958a7ba7ff9d5e37d36d4f381d0f36759e194cc7ff4266058df9f290e3dcd7,20,general,llama,NousResearch/Meta-Llama-3.1-8B-Instruct,baseline,1,True,False,"Қиын мәселені басқа бірнеше шағын проблемага бөлуге болады, осы шағын проблемаларды шешу оны шешу үдерісін жеңілдетеді.",0.8908489942550659,True,1,470,73,543,1.0979144109987828,1.1040942310009996,0.0,1,1,0,1,0,,,,,,,,,
Experiment_1_Kazakh_Paraphrase_Generation_FINAL,29bae67e3ff825a2e821b62bd636b5b4d4ceb3ff22ef65a6f4a7ab3e957c3403,30,education,llama,NousResearch/Meta-Llama-3.1-8B-Instruct,baseline,1,True,False,Бастапқы сөйлемді қайта жазу: Тұрақты құралдарды пайдалану әдістерінің мүмкіндіктерін толықтыра алады.,0.7238588333129883,False,1,482,68,550,1.0244707689998904,1.0312099589991703,0.0,1,1,0,0,1,,,,,,,,,
Experiment_1_Kazakh_Paraphrase_Generation_FINAL,29de7b3bc07326a746fe1334570f41a64c8d29da5976b29d91f1f67234072fae,7,general,llama,NousResearch/Meta-Llama-3.1-8B-Instruct,baseline,5,True,False,Сөйлемді жаңа сөздермен қайта жазу: Күнделікті өмір сапасына оң әсер ететін белсенді қозғалыс мен дұрыс тамақтану.,0.8401713371276855,True,1,471,78,549,1.1725264679989778,1.1789679980010987,0.0,1,1,0,1,0,,,,,,,,,
Experiment_1_Kazakh_Paraphrase_Generation_FINAL,29eb1d2350cb39a4c7073f3096a6cc41d67712ffe321182063411a206fecbb7f,76,technology,llama,NousResearch/Meta-Llama-3.1-8B-Instruct,kazdiv,3,True,False,Нейрондық желілер күрделі үлгілерді үйрету үшін көптеген байланысқан есептеу қабаттарын қолданды.,0.9730858206748962,True,1,606,793,1399,11.805646994000199,11.81800590399871,0.0,12,10,2,10,0,3,7,0,6,945360750029037956,0.95,1,,
Experiment_1_Kazakh_Paraphrase_Generation_FINAL,2a03b2f637fd7b6eecc4011b9afb12d55e905f2cd6acc08418c97986baa949d5,46,science,kazllm,issai/LLama-3.1-KazLLM-1.0-8B,baseline,4,True,False,Әдебиеттерге жүйелі шолу белгілі бір саладағы негізгі бағыттар мен зерттеу олқылықтарын анықтауға көмектеседі.,1.0,False,1,513,70,583,1.0598900649997631,1.061840514999858,0.0,1,1,0,0,1,,,,,,,,,
Experiment_1_Kazakh_Paraphrase_Generation_FINAL,2a14d2ff1747d45d9594711e41fd51a656cf31c73d7a95bb2f9f01e4a66c7d94,6,general,kazllm,issai/LLama-3.1-KazLLM-1.0-8B,kazdiv,2,True,False,Адамның сөздік қорын кеңейту және оның ойлау қабілетін дамыту үшін кітап оқу қажет.,0.9010173082351685,True,2,1234,1505,2739,22.415180404999774,22.42639258500003,0.0,12,7,5,7,0,3,4,1,6,8747974749493383425,0.95,2,,
Experiment_1_Kazakh_Paraphrase_Generation_FINAL,2a4e043e185d6e489ae73fbceeb2c78eb4c5aec66c1cec5c76558f47943cb010,100,news,llama,NousResearch/Meta-Llama-3.1-8B-Instruct,baseline,2,True,False,Талаптарды орындау нәтижесінде жаңа сөйлем: Келесі кезеңде қоғамдық кеңістіктерді жаңарту жұмыстары өңірде бірнеше ауданға кеңейтіледі.,0.8454832434654236,True,1,488,97,585,1.4516236480012594,1.4581723179999244,0.0,1,1,0,1,0,,,,,,,,,
Experiment_1_Kazakh_Paraphrase_Generation_FINAL,2a623c0a589302bf93f0ea479b5748ccd986984aab5712c19d72a3572474fe23,56,science,llama,NousResearch/Meta-Llama-3.1-8B-Instruct,kazdiv,3,True,False,Мақсатты оқыту моделейін объективті түрде бағалау үшін әдістемелік тұжырымдармен қамтамасыз етілген деректердің маңызы зор.,0.7736840844154358,True,1,583,984,1567,14.651717370999904,14.661319390999779,0.0,12,12,0,2,10,2,0,0,3,2430217071514014088,0.95,1,,
Experiment_1_Kazakh_Paraphrase_Generation_FINAL,2a62a43cd69149cf57f513c8c05af2f5e42fd72efc94863645ee85f8497b2b4a,43,science,kazllm,issai/LLama-3.1-KazLLM-1.0-8B,baseline,5,True,False,"Зерттеуде қолданылған әдістердің толық сипаттамалары болса, басқа ғалымдар нәтижелерді қайта тексере алады.",0.9864102602005005,True,1,502,67,569,1.009016695000355,1.0149412450000455,0.0,1,1,0,1,0,,,,,,,,,
Experiment_1_Kazakh_Paraphrase_Generation_FINAL,2a75baf7fbcc0df7f96b8e4140bad25d5965bc59f7b7eae456ca95e5674ca811,84,news,llama,NousResearch/Meta-Llama-3.1-8B-Instruct,baseline,3,True,False,Бағдарламаға жерлік кәсіпкерлерге қатысуға төмендегідей шарттар көзделген. 1. Тұрақты тұратын жерлік кәсіпкерлер; 2. Өндірістік әрекеттерін жүргізетін жерлік кәсіпкерлер; 3. Кәсіпкерлік қызметін жүргізетін жерлік кәсіпкерлер. Осы шарттарды орындаған жерлік кәсіпкерлер қолдау бағдарламасына қатысады.,0.6093748807907104,False,1,478,198,676,2.940012745999411,2.947090396000931,0.0,1,1,0,0,1,,,,,,,,,
Experiment_1_Kazakh_Paraphrase_Generation_FINAL,2a7cc3c3923bd92d3900c4090861d05e364cb2ec3edacd845e316722d2dd7e9c,51,science,kazllm,issai/LLama-3.1-KazLLM-1.0-8B,baseline,1,True,False,Деректерді алдын ала өңдеу кезінде қателер мен жетіспейтін мәндерді дұрыс анықтау маңызды.,1.0,False,1,502,59,561,0.8907321199999387,0.8968476400000327,0.0,1,1,0,0,1,,,,,,,,,
Experiment_1_Kazakh_Paraphrase_Generation_FINAL,2a7d741e11288fec077b57ba962879a3cc91380d9451924f45df4eb03639c746,5,general,llama,NousResearch/Meta-Llama-3.1-8B-Instruct,kazdiv,1,True,False,Қоршаған ортаны сақтау – бүкіл әлемнің әр адамының жауапкершілігінен басталады.,0.9146602749824524,True,1,579,694,1273,10.327984486000787,10.340749655999389,0.0,12,12,0,12,0,7,5,1,2,7671576258809329330,0.95,1,,
Experiment_1_Kazakh_Paraphrase_Generation_FINAL,2a7f2ffb7ddf81ef17991bbcbf29addceb09b84355d3be3766cf8d31ac1abcab,34,education,llama,NousResearch/Meta-Llama-3.1-8B-Instruct,kazdiv,4,True,False,"Күрделі тақырыптарды түсініп, оқып алуға мысалдардың көмегінен студенттер жаңа ұғымдарды меңгеруінде қызмет етеді.",0.8761563301086426,True,1,602,1102,1704,16.428905972001303,16.442853681999622,0.0,13,12,1,12,0,3,9,2,5,6780322662684814507,0.95,1,,
Experiment_1_Kazakh_Paraphrase_Generation_FINAL,2a805413851ac1f52374e6c2b347d1c1083ecde238dafcc9d69bc95e2ba8fcc0,2,general,llama,NousResearch/Meta-Llama-3.1-8B-Instruct,baseline,4,True,False,Маңызды шешім қабылдағанда ақпаратты мұқият салыстыру керек.,0.9269506931304932,True,1,467,40,507,0.6110157750008511,0.6170210239997687,0.0,1,1,0,1,0,,,,,,,,,
Experiment_1_Kazakh_Paraphrase_Generation_FINAL,2aa69b67acf2887c3032c4c24ac550c83148e656f6c7b66e1521d42a7b4526cc,64,technology,kazllm,issai/LLama-3.1-KazLLM-1.0-8B,baseline,2,True,False,Киберқауіпсіздік жүйелері ақпараттық ресурстарды рұқсатсыз қол жеткізуден қорғауға бағытталған.,1.0,False,1,511,68,579,1.024278969000079,1.0260096590000103,0.0,1,1,0,0,1,,,,,,,,,
Experiment_1_Kazakh_Paraphrase_Generation_FINAL,2aae31c3154934b5be74c9f16ce27d640f8f3a21e9139b95d3f922e3d7941fb2,31,education,llama,NousResearch/Meta-Llama-3.1-8B-Instruct,kazdiv,1,True,False,Академиялық адалдықты сақтау – білім нәтижелерінің сенімділігін арттырудың бірден-бір әдісі.,0.8546711206436157,True,1,599,751,1350,11.176779280000119,11.186074780000126,0.0,12,12,0,12,0,9,3,4,5,9006301803531804279,0.95,1,,
Experiment_1_Kazakh_Paraphrase_Generation_FINAL,2ac51bdc0e75715ca343bd66665682af631787680824d4a299d8eedb348d3bd9,51,science,llama,NousResearch/Meta-Llama-3.1-8B-Instruct,baseline,2,True,False,Маңыздылықтарынан қателер мен жетіспейтіндерді анықтау.,0.7622424364089966,False,1,477,37,514,0.5677410150001378,0.5739129450012115,0.0,1,1,0,0,1,,,,,,,,,
Experiment_1_Kazakh_Paraphrase_Generation_FINAL,2ad7ba56ed7b0feb6382305457953ad3196b746a5401b392a22da5380704a7f6,31,education,llama,NousResearch/Meta-Llama-3.1-8B-Instruct,kazdiv,5,True,False,Адалдық қағидаларын сақтау – білім нәтижелерінің сенімділігіне қолайлы шарт.,0.8922179937362671,True,1,599,873,1472,12.998458010000832,13.009402349998709,0.0,12,12,0,12,0,6,6,0,0,18315076036156994941,0.95,1,,
Experiment_1_Kazakh_Paraphrase_Generation_FINAL,2b73f497ce87863e8549782a9dd0ae081929b9856f3dbbccaae00dafb4db41f3,42,science,llama,NousResearch/Meta-Llama-3.1-8B-Instruct,baseline,5,True,False,Сөйлемді жаңа сөздермен қайта жазу: Эксперимент нәтижелерінің сенімділігі деректер жинау іс-әрекетінің жақсылығына тікелей байланысты.,0.7934366464614868,True,1,474,82,556,1.2305042509997293,1.236841440999342,0.0,1,1,0,1,0,,,,,,,,,
Experiment_1_Kazakh_Paraphrase_Generation_FINAL,2b960ffdea70ecaf1a5f58d6a9fcde17cce5ee0df0e2f22999fe1baa519f473d,100,news,kazllm,issai/LLama-3.1-KazLLM-1.0-8B,baseline,1,True,False,Аудандарға дейін кеңейтілетін келесі кезеңде қоғамдық кеңістіктерді жаңарту жұмыстары өңірде жүргізіледі.,0.9437872767448425,True,1,513,76,589,1.1480746580000414,1.155116737999947,0.0,1,1,0,1,0,,,,,,,,,
Experiment_1_Kazakh_Paraphrase_Generation_FINAL,2baf3762ddd9fed701b5d4d3a95f94baa6e8b98d9b4d9ecca96da24e21db126e,77,technology,llama,NousResearch/Meta-Llama-3.1-8B-Instruct,kazdiv,5,True,False,Модельді өндірістік ортаға енгізілгеннен кейін онын сапасын тұрақты түрде бақылап отыру қажет.,0.9963568449020386,True,1,596,772,1368,11.490791627000362,11.504350586999863,0.0,12,12,0,11,1,4,7,2,7,9838951837724226747,0.95,1,,
Experiment_1_Kazakh_Paraphrase_Generation_FINAL,2bc2e865570becf3883c4908476e4988d2f481072d5bcf4a4ff19aad8b6d8de1,38,education,kazllm,issai/LLama-3.1-KazLLM-1.0-8B,baseline,1,True,False,Тәжірибелік зерттеулер ғылыми ережелердің шындық екенін тексеруге мүмкіндік береді.,0.8106217980384827,True,1,497,49,546,0.744630916999995,0.7516738270001042,0.0,1,1,0,1,0,,,,,,,,,
Experiment_1_Kazakh_Paraphrase_Generation_FINAL,2c05c2f6c272d3aa21d1dcf7f89c714a54131f8477518f0368c8cafb34d094fe,89,news,kazllm,issai/LLama-3.1-KazLLM-1.0-8B,baseline,3,True,False,"Сарапшылардың пікірінше, еңбек нарығында деректерді талдау дағдыларына сұраныс өсіп келе жатқанын атап өтті.",0.9916256666183472,True,1,504,70,574,1.0536239580005713,1.0595849179999277,0.0,1,1,0,1,0,,,,,,,,,
Experiment_1_Kazakh_Paraphrase_Generation_FINAL,2c411d49b639d3bc5197cb62687ae836b9d9221686bfd4c861cbe22ed6cb9571,35,education,kazllm,issai/LLama-3.1-KazLLM-1.0-8B,baseline,5,True,False,Дисциплинааралық міндеттер әртүрлі сала бойынша білімдерді бір мәселе айналасында ұйымдастыруға мүмкіндік береді.,0.8758458495140076,True,1,511,68,579,1.0238438960000167,1.029844716000298,0.0,1,1,0,1,0,,,,,,,,,
Experiment_1_Kazakh_Paraphrase_Generation_FINAL,2c7ba58dc64a89eccd5cfa9e70cb39747dce9ff7349118edf0ee787a1cb85ac3,93,news,llama,NousResearch/Meta-Llama-3.1-8B-Instruct,baseline,3,True,False,Қазіргі уақытта жергілікті билік ауаның сапасын бақылауға арналған қосымша өлшеу бекеттерін орнатып отыр.,0.935086190700531,True,1,481,69,550,1.039253502000065,1.045856332000767,0.0,1,1,0,1,0,,,,,,,,,
Experiment_1_Kazakh_Paraphrase_Generation_FINAL,2c90ded9a2febc1716ca93bd8a1396b14af083c9ee210018270346614d2b2de0,19,general,kazllm,issai/LLama-3.1-KazLLM-1.0-8B,kazdiv,3,True,False,Келесі ұрпаққа қоғамның тарихи жадын жергілікті мәдени дәстүрлерді сақтау арқылы жеткізу маңызды.,0.9042956829071045,True,2,1248,2063,3311,30.748448488000122,30.760049267999875,0.0,12,8,4,8,0,4,4,2,5,17355409811524233183,0.95,2,,
Experiment_1_Kazakh_Paraphrase_Generation_FINAL,2cb6209fe2932b343dae7d01df8e99b0c72e81bb20763bdfcddd87591f2dac76,100,news,kazllm,issai/LLama-3.1-KazLLM-1.0-8B,kazdiv,5,True,False,Қоғамдық кеңістіктерді жаңарту жұмыстары келесі кезеңде бірнеше ауданға дейін кеңейтіледі.,0.9845157861709595,True,1,631,906,1537,13.49550947199998,13.504729830999963,0.0,12,7,5,7,0,3,4,1,5,12612703194028986672,0.95,1,,
Experiment_1_Kazakh_Paraphrase_Generation_FINAL,2cd5e56989e0104331558e9802152ec30c724ce4e3fffa1a17ad0670d317081f,88,news,llama,NousResearch/Meta-Llama-3.1-8B-Instruct,baseline,1,True,False,Мектептерде сауаттылықты арттыруға арналған түсініктемелер кезең-кезеңімен енгізілуде.,0.8527473211288452,True,1,482,56,538,0.8474231929994858,0.8538895130004676,0.0,1,1,0,1,0,,,,,,,,,
Experiment_1_Kazakh_Paraphrase_Generation_FINAL,2d25ba0b501bc10018b4c5a54100d7fb569d1b3ac8891e52cb824ac3f49c8bbd,62,technology,kazllm,issai/LLama-3.1-KazLLM-1.0-8B,baseline,3,True,False,Машиналық оқыту үлгісінің сапасы оқыту деректерінің мөлшері мен сапасына айтарлықтай байланысты.,0.9388477802276611,True,1,500,63,563,0.9501476300001741,0.9561376500005281,0.0,1,1,0,1,0,,,,,,,,,
Experiment_1_Kazakh_Paraphrase_Generation_FINAL,2d42583b92999673caccc1ecbf5f58dac4bf0948ba1b2aacaa675c1c035f7c77,83,news,kazllm,issai/LLama-3.1-KazLLM-1.0-8B,kazdiv,3,True,False,Мамандар алдағы маусымда су ресурстарын үнемді пайдаланудың маңыздылығына назар аударды.,0.9900566935539246,True,1,604,555,1159,8.25430950200007,8.262884472000223,0.0,12,6,6,6,0,1,5,0,2,4738349481356501341,0.95,1,,
Experiment_1_Kazakh_Paraphrase_Generation_FINAL,2d4c8c4aaa09504e847182d25a288510532fe6b3d2c9e8b356b02560a54a8a05,12,general,kazllm,issai/LLama-3.1-KazLLM-1.0-8B,kazdiv,3,True,False,"Табиғаттың сұлулығында демалған адамның көңіл күйі жақсарады, ал күнделікті күйзеліс азаяды.",0.9031700491905212,True,2,1254,2050,3304,30.583856217999937,30.595273797999994,0.0,12,3,9,3,0,2,1,1,2,14627586099650917959,0.95,2,,
Experiment_1_Kazakh_Paraphrase_Generation_FINAL,2d5fcbd9af8b77c345018f30bb4ed656cafa4158277404401c2c1ce7632bab8f,86,news,llama,NousResearch/Meta-Llama-3.1-8B-Instruct,baseline,2,True,False,Қалада жол қауіпсіздігін арттыру мақсатында бірнеше жаяу жүргінші өткелі жаңартылды. Қалада жолдың қауіпсіздігін арттыру мақсатында бірнеше жаяу жүргінші өткелі жаңартылды.,0.9513007998466492,True,1,474,114,588,1.702211937001266,1.7089696469993214,0.0,1,1,0,1,0,,,,,,,,,
Experiment_1_Kazakh_Paraphrase_Generation_FINAL,2d6f36cf772ce41e3bff548ba5b5cf292dcaddbd8d20a28a5cb2db94158ce632,24,education,kazllm,issai/LLama-3.1-KazLLM-1.0-8B,kazdiv,4,True,False,Пікір алмасу және бірлесіп шешім қабылдау қабілеттерін арттыру үшін топтық жұмыс қажет.,0.8057252168655396,True,2,1234,1990,3224,29.669666004999954,29.684409545000108,0.0,13,8,5,8,0,4,4,3,6,13699935824748364351,0.95,2,,
Experiment_1_Kazakh_Paraphrase_Generation_FINAL,2d88e3d745a32da465474bec9d12a054f1dc5243a4a1396e0e9f8d76882d5d70,15,general,kazllm,issai/LLama-3.1-KazLLM-1.0-8B,baseline,4,True,False,Қаладағы жаяу жүргіншілерге қолайлы орта тұрғындардың белсенді өмір салтын қолдайды.,1.0,False,1,499,56,555,0.8460828450001827,0.8477603050000653,0.0,1,1,0,0,1,,,,,,,,,
Experiment_1_Kazakh_Paraphrase_Generation_FINAL,2d9ac0932395ea8504ea6101405235b76c342a9b898c20d986054521f08ead68,62,technology,llama,NousResearch/Meta-Llama-3.1-8B-Instruct,kazdiv,1,True,False,Оқыту моделінің құндылығы оқыту деректерінің көлемі мен сапасына байланысты.,0.8366736173629761,True,1,593,661,1254,9.835421614001461,9.845533654000974,0.0,13,12,1,12,0,8,4,4,4,18017335650945471188,0.95,1,,
Experiment_1_Kazakh_Paraphrase_Generation_FINAL,2daf2122c3ddd2d5ab719b7433f13e66849c9e4174752f45b585167f8b78a60c,72,technology,kazllm,issai/LLama-3.1-KazLLM-1.0-8B,baseline,4,True,False,"Бастапқы сөйлемнің мағынасын сақтай отырып, сөйлемді қайта жазуға болады: ""Жасанды интеллект жүйелерін енгізу кезінде модельдің шешімдерін түсіндіру мүмкіндігі маңызды талапқа айналуда.""",0.7365752458572388,False,1,513,119,632,1.7791525410002578,1.785597441000391,0.0,1,1,0,0,1,,,,,,,,,
Experiment_1_Kazakh_Paraphrase_Generation_FINAL,2e0caff3553b194f9f29e461e0a06b70f856dd0147217185dcbc1a2be9b7523b,7,general,kazllm,issai/LLama-3.1-KazLLM-1.0-8B,kazdiv,2,True,False,Дұрыс тамақтану және белсенді қозғалыс күнделікті өмір сапасын жақсартады,0.8520362377166748,True,1,614,653,1267,9.716774419000103,9.725598158999674,0.0,12,8,4,8,0,2,6,0,0,142014564794306920,0.95,1,,
Experiment_1_Kazakh_Paraphrase_Generation_FINAL,2eb47e4b041e75675dbf0e7163afaae9fffc8b908d1d8500d21e29f8c881985b,14,general,kazllm,issai/LLama-3.1-KazLLM-1.0-8B,kazdiv,4,True,False,Түрлі көзқарастарды тыңдау мәселені жан-жақты түсінуге мүмкіндік береді.,0.9963415861129761,True,1,616,622,1238,9.253386466999928,9.261629627000048,0.0,12,5,7,4,1,2,2,0,1,12570398564161539511,0.95,1,,
Experiment_1_Kazakh_Paraphrase_Generation_FINAL,2eb89771ae4ceae1876d0ed3b26635faeb6e1eee30de1b26b884143dcc0a343f,48,science,kazllm,issai/LLama-3.1-KazLLM-1.0-8B,kazdiv,4,True,False,Алынған нәтижелердің статистикалық тұрақтылығы зерттеу үлгісінің көлемімен анықталады.,0.8398123979568481,True,1,627,783,1410,11.667604082999787,11.676221393000105,0.0,12,5,7,4,1,4,0,3,3,6236387889256544374,0.95,1,,
Experiment_1_Kazakh_Paraphrase_Generation_FINAL,2f28a885e0d6c91d84bd0504354fdd6e46b9491bb9c55395709f6a4251f60cc0,83,news,kazllm,issai/LLama-3.1-KazLLM-1.0-8B,kazdiv,4,True,False,Мамандар алдағы маусымда су ресурстарын үнемдеу қажеттілігіне назар аударды.,0.9885184168815613,True,1,604,460,1064,6.83503791899966,6.84334718899936,0.0,12,6,6,5,1,1,4,0,4,8850846384518210740,0.95,1,,
Experiment_1_Kazakh_Paraphrase_Generation_FINAL,2f389738327c8b05fb8936c8ffa272e7a7d1f63e6012ef531170fc2b2e2cbd1b,56,science,kazllm,issai/LLama-3.1-KazLLM-1.0-8B,baseline,4,True,False,Сапалы аннотацияланған деректер машиналық оқыту модельдерін объективті бағалау үшін маңызды.,0.9999999403953552,False,1,490,47,537,0.7144522520002283,0.7162022020002041,0.0,1,1,0,0,1,,,,,,,,,
Experiment_1_Kazakh_Paraphrase_Generation_FINAL,2fabcc3164c9fec06a71806f3a870467067ba5aec1a8fcd045208cbbb26f11b7,31,education,llama,NousResearch/Meta-Llama-3.1-8B-Instruct,kazdiv,4,True,False,Академиялық адалдық қағидаларын сақтау білім нәтижелерінің сенімділігін көзетіп отырады.,0.9863827228546143,True,1,599,874,1473,13.01883794099922,13.028456930000175,0.0,13,13,0,13,0,3,10,2,7,2407130516437177691,0.95,1,,
Experiment_1_Kazakh_Paraphrase_Generation_FINAL,2fb0b88823c949f0cde797802a19824fbae9964e62f96c05ee0e9d7d3dc44117,10,general,llama,NousResearch/Meta-Llama-3.1-8B-Instruct,kazdiv,5,True,False,Отбасындағы өзара көмектесу қиын жағдайларды еңсеру үшін ерекше мүмкіндіктерді ұсынады.,0.9388816952705383,True,1,589,658,1247,9.792440297000212,9.80193934700037,0.0,12,12,0,11,1,9,2,4,5,1142065216484214134,0.95,1,,
Experiment_1_Kazakh_Paraphrase_Generation_FINAL,2fbe94264e2d162ce803558a43ca910d402fe26de2003e7c77eecebb2ad750a0,37,education,kazllm,issai/LLama-3.1-KazLLM-1.0-8B,baseline,3,True,False,Жоғары оқу орнынан кейін де студенттің өзін-өзі оқыту қабілеті кәсіби дамуға негіз болады.,0.9508131146430969,True,1,502,61,563,0.9204338950003148,0.9264252950001719,0.0,1,1,0,1,0,,,,,,,,,
Experiment_1_Kazakh_Paraphrase_Generation_FINAL,3022641c7414ec293cc437918f3b8be3e2026a4f4f07527569f60d981c78785c,45,science,kazllm,issai/LLama-3.1-KazLLM-1.0-8B,baseline,5,True,False,Зерттеу нәтижелеріне негізделген ғылыми қорытынды бастапқы сұраққа нақты жауап беруі тиіс.,0.9658375978469849,True,1,502,56,558,0.8471546959999614,0.8489144660002239,0.0,1,1,0,1,0,,,,,,,,,
Experiment_1_Kazakh_Paraphrase_Generation_FINAL,302a4dcf3ac058a02683a95b6e6306f0b8c7a40ce536221149b0dea9d1e3dc17,87,news,kazllm,issai/LLama-3.1-KazLLM-1.0-8B,kazdiv,2,True,False,Шағын және орта бизнесті қолдауға бағытталған оқыту бағдарламасы аймақта іске қосылды.,0.9651271104812622,True,1,622,754,1376,11.23285077699984,11.24052965700048,0.0,12,3,9,2,1,1,1,0,0,18335549798572174549,0.95,1,,
Experiment_1_Kazakh_Paraphrase_Generation_FINAL,3033ba408e4401e1f7b1cb5cf0432c10f58f6596c6f7e84691104324efada584,50,science,kazllm,issai/LLama-3.1-KazLLM-1.0-8B,kazdiv,5,True,False,Тәжірибені бірнеше рет қайта қарау қорытындыға әсер ететін кездейсоқ ауытқуларды азайтады.,0.9256685972213745,True,1,619,796,1415,11.855292322999958,11.863466013000107,0.0,13,2,11,2,0,1,1,0,1,16837495946359438029,0.95,1,,
Experiment_1_Kazakh_Paraphrase_Generation_FINAL,303820bd3ef383854f27c323377ea55e48e59fdfb32d58fbc6c8d0fc28ade186,93,news,kazllm,issai/LLama-3.1-KazLLM-1.0-8B,baseline,5,True,False,Жергілікті билік ауаның сапасын бақылау үшін қосымша өлшеу бекеттерін орнатуды жоспарлап отыр.,0.9971675276756287,True,1,506,58,564,0.8770099490002394,0.8788872490003996,0.0,1,1,0,1,0,,,,,,,,,
Experiment_1_Kazakh_Paraphrase_Generation_FINAL,305f35818a20d9c14cb765c3ba9d2e7bea7d934542408044ae98c39e23e40dc8,23,education,llama,NousResearch/Meta-Llama-3.1-8B-Instruct,kazdiv,5,True,False,Сабақта студенттің іс-әрекеттеріне оқытушының уақтылы кері байланысы қателерін табуға көмектеседі.,0.8609093427658081,True,1,605,1160,1765,17.295065043999784,17.305705733999275,0.0,13,12,1,12,0,3,9,2,2,11873883665984100138,0.95,1,,
Experiment_1_Kazakh_Paraphrase_Generation_FINAL,30622d06da778ddf3f0853a1113327c74cc14ec2bb6ad614f1ac61a9ee3cc19b,73,technology,kazllm,issai/LLama-3.1-KazLLM-1.0-8B,baseline,3,True,False,"Үлкен тілдік модельдер мәтінді талдау, құрастыру және ақпаратты өңдеу тапсырмаларында кеңінен қолданылады.",0.992280900478363,True,1,510,71,581,1.0682117649994325,1.0699365350001244,0.0,1,1,0,1,0,,,,,,,,,
Experiment_1_Kazakh_Paraphrase_Generation_FINAL,3065d80ef9418aed77d81a0aecf1605ef1006e83059bb6ec3812f6678f45aac8,55,science,llama,NousResearch/Meta-Llama-3.1-8B-Instruct,baseline,2,True,False,Сөйлемді қайта жазу: Зерттеушілер әдіс таңдағанда оның артықшылықтарымен бірге оның шектеулерін де ескеруі керек.,0.8459776043891907,True,1,473,71,544,1.0677119209994999,1.0739905310001632,0.0,1,1,0,1,0,,,,,,,,,
Experiment_1_Kazakh_Paraphrase_Generation_FINAL,30c0ffbda21d33f9a6cb3b113dbe544739618f59b390c7169062b43b12d6052c,53,science,llama,NousResearch/Meta-Llama-3.1-8B-Instruct,baseline,4,True,False,"Ғылыми жаңалық бұрынғы зерттеулермен салыстыру арқылы негізделіп көрсетілуі тиіс, - деп журналист өзінің пікірін білдіреді.",0.8579565286636353,True,1,469,74,543,1.1129436110004463,1.1192248110000946,0.0,1,1,0,1,0,,,,,,,,,
Experiment_1_Kazakh_Paraphrase_Generation_FINAL,30d63d1dcf3651dabab0648528999150e831d931ee3a7466de45401adf22c312,100,news,kazllm,issai/LLama-3.1-KazLLM-1.0-8B,baseline,3,True,False,Аймақта қоғамдық кеңістіктерге жаңартулар келесі кезеңде бірнеше ауданға дейін кеңейтіледі.,0.9710162281990051,True,1,513,64,577,0.970762435000097,0.9766017050000073,0.0,1,1,0,1,0,,,,,,,,,
Experiment_1_Kazakh_Paraphrase_Generation_FINAL,311e125a4b705d79f9176f516ab60ffda78c13484a6140215a8251430edc390c,8,general,kazllm,issai/LLama-3.1-KazLLM-1.0-8B,baseline,4,True,False,Қоғамдық орындарда басқа адамдарға құрмет көрсету үшін ортақ ережелерді сақтау қажет.,0.9221758842468262,True,1,515,63,578,0.9562326449995453,0.9620165349997478,0.0,1,1,0,1,0,,,,,,,,,
Experiment_1_Kazakh_Paraphrase_Generation_FINAL,31211429d11814e31fe429b3cd1626f236403ca3f8501db2e8210fd7fc3b3d74,7,general,llama,NousResearch/Meta-Llama-3.1-8B-Instruct,baseline,1,True,False,Қайта жазылған сөйлем: Дұрыс тамақтану және белсенді қозғалыс күнделікті өмір сапасына оң әсер етеді.,0.9205233454704285,True,1,471,72,543,1.0838819689997763,1.0905955389989686,0.0,1,1,0,1,0,,,,,,,,,
Experiment_1_Kazakh_Paraphrase_Generation_FINAL,3134abdd08db8bad33664f5a5a7da7dfb463e3156247cd939170f7d5b39bce83,31,education,kazllm,issai/LLama-3.1-KazLLM-1.0-8B,baseline,5,True,False,Әділеттілікке қатысты ережелердің сақталуы білім нәтижелерінің дәлдігін қамтамасыз етеді.,0.8432432413101196,True,1,506,60,566,0.9056490150001082,0.9114001450002434,0.0,1,1,0,1,0,,,,,,,,,
Experiment_1_Kazakh_Paraphrase_Generation_FINAL,315f25e2b618ebae86046d6371c3040c563eb8e7f92c8d5cc3bae95f2c66a6ba,86,news,llama,NousResearch/Meta-Llama-3.1-8B-Instruct,kazdiv,1,True,False,Қалада жаяу жүргінші өткелі жаңартылды.,0.9045425057411194,True,1,592,435,1027,6.4634899479988235,6.472567557999355,0.0,12,9,3,7,2,4,3,3,3,14432505618259003850,0.95,1,,
Experiment_1_Kazakh_Paraphrase_Generation_FINAL,3165b100f0a61dd5739cc67b0b85a1f35d54ddee53e34097ee227f3397688c63,64,technology,kazllm,issai/LLama-3.1-KazLLM-1.0-8B,kazdiv,1,True,False,Ақпараттық ресурстарды рұқсатсыз қол жеткізуден қорғау үшін киберқауіпсіздік жүйелері пайдаланылады.,0.9078150987625122,True,1,629,866,1495,12.906627663999643,12.915746104000391,0.0,12,5,7,5,0,4,1,3,3,15309164459820197777,0.95,1,,
Experiment_1_Kazakh_Paraphrase_Generation_FINAL,31ab4e520dd134096678621da5ad8719160a399a3c2a0a13a5024f931873b1dd,99,news,kazllm,issai/LLama-3.1-KazLLM-1.0-8B,kazdiv,2,True,False,Технологиялық көрмеде отандық әзірлеушілер білім беру мен медицинаға арналған цифрлық шешімдерді таныстырды.,0.9855748414993286,True,2,1258,1559,2817,23.22808761000033,23.243080040000677,0.0,11,3,8,3,0,1,2,0,1,15914411702643581292,0.95,2,,
Experiment_1_Kazakh_Paraphrase_Generation_FINAL,31b3a77e8e289962ba2192ccd924771ff54e12c94caf30cd44b87c5d50cfe14f,43,science,kazllm,issai/LLama-3.1-KazLLM-1.0-8B,baseline,3,True,False,"Зерттеуде пайдаланылған әдістердің толық сипаттамасы болса, басқа ғалымдар нәтижелерді қайта тексере алады.",0.9881687164306641,True,1,502,66,568,0.9942885549999119,1.000366675999885,0.0,1,1,0,1,0,,,,,,,,,
Experiment_1_Kazakh_Paraphrase_Generation_FINAL,31c1cf9e8b1634336ff5bb4e09365150ac67899fa8d7bceff5c227e170539f13,38,education,llama,NousResearch/Meta-Llama-3.1-8B-Instruct,baseline,5,True,False,"Ғылыми тұжырымдарды тіркеу, талдау арқылы бейнелеуге және өзге ғалымдармен достық көркемдеуге мүмкіндік береді.",0.6284350156784058,False,1,472,74,546,1.1128554120004992,1.1191719519993057,0.0,1,1,0,0,1,,,,,,,,,
Experiment_1_Kazakh_Paraphrase_Generation_FINAL,31da57e224875aef261a93ca33512d9e8cf5e2716239e1ee6dd96bd828fd4677,13,general,kazllm,issai/LLama-3.1-KazLLM-1.0-8B,baseline,3,True,False,Қайтарымның уақытылы болуы жұмыстың сапасын арттыруға ықпал етеді.,0.8923065662384033,True,1,494,49,543,0.7450111580001249,0.7506683179999527,0.0,1,1,0,1,0,,,,,,,,,
Experiment_1_Kazakh_Paraphrase_Generation_FINAL,31dd3f58728f1de7a2bbe3aacfcbde61f2173a9a949f971a7ac8e78fc1cecb1e,98,news,kazllm,issai/LLama-3.1-KazLLM-1.0-8B,kazdiv,1,True,False,Студенттердің өндірістік тәжірибесін күшейту үшін жоғары оқу орындары компаниялармен жаңа келісімдер жасасты.,0.993060827255249,True,1,628,880,1508,13.11592146699968,13.12507260700022,0.0,13,5,8,5,0,2,3,1,2,13886221013455097517,0.95,1,,
Experiment_1_Kazakh_Paraphrase_Generation_FINAL,323bd44238822e0cb7d2f746a214cc1e8308abf1a2658800a22c317ba9c77bf9,59,science,llama,NousResearch/Meta-Llama-3.1-8B-Instruct,kazdiv,1,True,False,Бақылау тобы эксперименттік әсерді басқа факторлардан ажыратуға көмектеседі.,0.9900081157684326,True,1,587,538,1125,7.999812435000422,8.009394554999744,0.0,12,10,2,10,0,5,5,0,0,11447847400238718450,0.95,1,,
Experiment_1_Kazakh_Paraphrase_Generation_FINAL,324570fd80495709a154c9bb4d24aa7f145f9cfe214deee1c802a41d05ee6b35,90,news,llama,NousResearch/Meta-Llama-3.1-8B-Instruct,baseline,5,True,False,Қайта жазылған сөйлем: Жаңа зертхана студенттер мен жас ғалымдарға тәжірибелік жобалар жүргізуге мүмкіндік бере отырып жұмыс істейді.,0.9070419073104858,True,1,473,83,556,1.245921031000762,1.2527447809989098,0.0,1,1,0,1,0,,,,,,,,,
Experiment_1_Kazakh_Paraphrase_Generation_FINAL,325c11c72dff50ec199a7cf2d12c6cbe7174c7a30ca64ca4f329394b339cae6d,41,science,llama,NousResearch/Meta-Llama-3.1-8B-Instruct,baseline,2,True,False,Талаптарды орындағаннан кейін жаңа ақпаратсыз қайта жазылған сөйлем: Зерттеу нақты мәселені анықтаудан және тұжырымдамадан басталады.,0.7356144189834595,False,1,481,87,568,1.3042606199996953,1.3104780499998014,0.0,1,1,0,0,1,,,,,,,,,
Experiment_1_Kazakh_Paraphrase_Generation_FINAL,32611537a0efaa1e6fe934242d818c478589ab0bf1c9d0b70efdf59ed0b0feef,67,technology,llama,NousResearch/Meta-Llama-3.1-8B-Instruct,kazdiv,4,True,False,Құпия ақпаратты үшінші тұлғалардың оқуынан қорғау үшін шифрлау құпия бұйрықтарды үшінші тұлғаларға ашуынан қорғаудың басты ынтасы болып табылады.,0.826441764831543,True,1,615,1060,1675,15.809568626000328,15.822367035998468,0.0,12,12,0,12,0,6,6,3,4,15481696637964011293,0.95,1,,
Experiment_1_Kazakh_Paraphrase_Generation_FINAL,327d5e1a927c9c521270a088b71ea7a684bac5584b7e10efc2a63088e7f917f9,34,education,kazllm,issai/LLama-3.1-KazLLM-1.0-8B,kazdiv,4,True,False,Мысалдар арқылы күрделі тақырыптарды түсіндіру студенттердің жаңа ұғымдарды меңгеруін жеңілдетеді.,0.975990355014801,True,1,627,810,1437,12.065111204999994,12.07389007599977,0.0,13,8,5,6,2,5,1,0,0,17027673389859408065,0.95,1,,
Experiment_1_Kazakh_Paraphrase_Generation_FINAL,327eb6098c9d59cf82af00455ee72c41c4118ed6958a55c38c829c7ac14fe6e4,18,general,llama,NousResearch/Meta-Llama-3.1-8B-Instruct,kazdiv,1,True,False,Сапалы қарым-қатынас кезінде адамның ойын анық жеткізуі және өзгелерді мұқият тыңдауы қажет.,0.9798476696014404,True,1,605,795,1400,11.84256749999986,11.852505370001381,0.0,13,13,0,12,1,9,3,8,10,15056392962810939214,0.95,1,,
Experiment_1_Kazakh_Paraphrase_Generation_FINAL,327fa7e3ea678290cb36f536572f138766b4cf8a7ffe95c32ed33710f575666a,5,general,kazllm,issai/LLama-3.1-KazLLM-1.0-8B,kazdiv,2,True,False,Адамның жауапкершілігі қоршаған ортаны таза ұстаудан басталады.,0.9236929416656494,True,1,604,452,1056,6.718584245999864,6.726683005999803,0.0,12,6,6,6,0,2,4,0,0,2753309279656590671,0.95,1,,
Experiment_1_Kazakh_Paraphrase_Generation_FINAL,32897f7f9bce609331b69e321c18352f2bb693a75b372a69e834df7832b33621,100,news,llama,NousResearch/Meta-Llama-3.1-8B-Instruct,kazdiv,1,True,False,Өңірде келесі кезеңде қоғамдық кеңістіктерді жаңарту жұмыстарын бірнеше ауданға кеңейтуге көшіледі.,0.9750065803527832,True,1,606,876,1482,13.04848475899962,13.058012868999867,0.0,12,12,0,12,0,2,10,0,10,14250817481048225137,0.95,1,,
Experiment_1_Kazakh_Paraphrase_Generation_FINAL,32c631c6def8ea455b76c53f0c0072b42df85b5829b6eafd1f38c63643d3f124,45,science,llama,NousResearch/Meta-Llama-3.1-8B-Instruct,baseline,3,True,False,"Жауап: Ғылыми қорытынды зерттеулер нәтижелеріне сүйеніп, бастапқы сұраққа жауап беруі керек.",0.9112620949745178,True,1,477,61,538,0.9214519329998438,0.9277964329994575,0.0,1,1,0,1,0,,,,,,,,,
Experiment_1_Kazakh_Paraphrase_Generation_FINAL,3349880983f58ec14930cb1f61ff9efd6e078170f3c10353436265dafd24c2a9,16,general,llama,NousResearch/Meta-Llama-3.1-8B-Instruct,baseline,3,True,False,Қоғамға пайда әкелумен қатар адамның әлеуметтік тәжірибесін кеңейтеді.,0.8949402570724487,True,1,482,53,535,0.803279792999092,0.805102292999436,0.0,1,1,0,1,0,,,,,,,,,
Experiment_1_Kazakh_Paraphrase_Generation_FINAL,3370af14c17780d07217f090ff4fd00f6282c1894f99be68a9fa849b5e5bc7a6,70,technology,kazllm,issai/LLama-3.1-KazLLM-1.0-8B,baseline,3,True,False,Бағдарламаның тиімділігін арттыру есептеу ресурстарын тиімді пайдалануға мүмкіндік береді.,0.9050796031951904,True,1,501,52,553,0.7888383859999522,0.7946079859993915,0.0,1,1,0,1,0,,,,,,,,,
Experiment_1_Kazakh_Paraphrase_Generation_FINAL,3390a6e7d041e2371d9534adf1d75b25047dd1849d6d07b1da0da71725f0f144,72,technology,kazllm,issai/LLama-3.1-KazLLM-1.0-8B,baseline,3,True,False,Модельдің шешімдерін түсіндіру мүмкіндігі жасанды интеллект жүйелерін енгізу кезінде маңызды талапқа айналып келеді.,0.9524239301681519,True,1,513,72,585,1.0885321850000764,1.0902957750004134,0.0,1,1,0,1,0,,,,,,,,,
Experiment_1_Kazakh_Paraphrase_Generation_FINAL,339d540a1ec782b1cd3fae41745caecb481a20622c315803bca6866765612393,97,news,llama,NousResearch/Meta-Llama-3.1-8B-Instruct,baseline,3,True,False,Қалдықтарды сұрыптау мәдениетін дамытуға мамандар жаңа экологиялық жоба ықпал етеді деп есептейді.,0.9144629240036011,True,1,482,63,545,0.9511957630002144,0.9576068630012742,0.0,1,1,0,1,0,,,,,,,,,
Experiment_1_Kazakh_Paraphrase_Generation_FINAL,33b094e6cbac93675df159062663230e7735a4a1c98961255acf07831b8374ca,22,education,llama,NousResearch/Meta-Llama-3.1-8B-Instruct,baseline,3,True,False,Басқа сөздермен қайта жазылған сөйлем: Оқу процесінде белсенді тапсырмаларды қолдану студенттердің оқу материалына ымықтықын арттырады.,0.861286997795105,True,1,477,80,557,1.2008100170005491,1.2069532869991235,0.0,1,1,0,1,0,,,,,,,,,
Experiment_1_Kazakh_Paraphrase_Generation_FINAL,33b0dbb44e540d79708b317e7e430651ed8ce1c84d6b72cc34c0e8ccdc83af49,40,education,llama,NousResearch/Meta-Llama-3.1-8B-Instruct,baseline,4,True,False,Қайта жазылған сөйлем: Ақпараттық білім беру ортасы әрбір студенттің оқу үдерісіне тең қатысуына жағдай жасайды.,0.8268541097640991,True,1,479,76,555,1.1423507320014323,1.148659532000238,0.0,1,1,0,1,0,,,,,,,,,
Experiment_1_Kazakh_Paraphrase_Generation_FINAL,33c844e8c2b34ecfb3438cdc79062612f9b800b45f4a6890c730ccf186bf838b,66,technology,kazllm,issai/LLama-3.1-KazLLM-1.0-8B,kazdiv,3,True,False,Мобильді қолданбаның ыңғайлы интерфейсі арқылы пайдаланушының сервисті меңгеру уақыты қысқартылады.,0.9374843835830688,True,1,621,767,1388,11.42992735000007,11.439010450000751,0.0,12,7,5,7,0,3,4,2,2,4367901481836086540,0.95,1,,
Experiment_1_Kazakh_Paraphrase_Generation_FINAL,33ed47687e2eb72142447dde01aea975f026d940fd3fb65007e904f60910a9e0,35,education,kazllm,issai/LLama-3.1-KazLLM-1.0-8B,baseline,4,True,False,Түрлі салалардағы білімді бір мәселе аясында біріктіруге мүмкіндік беретін трансдисциплинарлық тапсырмалар.,0.8743733763694763,True,1,511,62,573,0.9356163760003255,0.9414307860001827,0.0,1,1,0,1,0,,,,,,,,,
Experiment_1_Kazakh_Paraphrase_Generation_FINAL,343d224fd50123f74988e39e9a52328b67ff0aaa90c6e456c746d723d6bd2e24,53,science,llama,NousResearch/Meta-Llama-3.1-8B-Instruct,kazdiv,2,True,False,Ғылыми жаңалық қазірғі зерттеулермен салыстыру арқылы қорытындыға келіп көрсетілуі тиіс.,0.9306607246398926,True,1,587,860,1447,12.804407405999882,12.816526556000099,0.0,13,11,2,7,4,6,1,0,0,16282571168653682176,0.95,1,,
Experiment_1_Kazakh_Paraphrase_Generation_FINAL,34464801c4866eeccf4484e9643d82a099eee499d281f6d8355656b2e3e19897,31,education,llama,NousResearch/Meta-Llama-3.1-8B-Instruct,kazdiv,2,True,False,Академиялық адалдық қағидаларын сақтау білім нәтижелерінің сенімділігін қамтамасыз етуге жол берген.,0.9597581624984741,True,1,599,1067,1666,15.901611688999765,15.914860008999312,0.0,13,12,1,10,2,5,5,1,2,3608538413402790272,0.95,1,,
Experiment_1_Kazakh_Paraphrase_Generation_FINAL,3464dfcce76f1f619f8d1256d4e44fd603fe3afae41e1c3cd065f17cadc5c305,59,science,kazllm,issai/LLama-3.1-KazLLM-1.0-8B,baseline,2,True,False,Бақылау тобы эксперименттік әсерді басқа ықтимал факторлардан ажыратуға көмектеседі.,1.0,False,1,494,51,545,0.774429082000097,0.7761438420002378,0.0,1,1,0,0,1,,,,,,,,,
Experiment_1_Kazakh_Paraphrase_Generation_FINAL,349c6a118c8ab177538e15a928f02060813bf8e4e41772eb9dab55493f10f9a8,80,technology,kazllm,issai/LLama-3.1-KazLLM-1.0-8B,kazdiv,5,True,False,Нақты деректер шектеулі болған жағдайда модельді оқытуға мүмкіндік беретін жасанды деректерді пайдалану қажет.,0.8524845838546753,True,1,617,790,1407,11.77163673799987,11.780401498000174,0.0,13,6,7,6,0,3,3,2,5,10795049650126575267,0.95,1,,
Experiment_1_Kazakh_Paraphrase_Generation_FINAL,34a11aba5029c9f9fdd344d964847de52b9f51d75114123a4bbbf8eae201fe6b,1,general,kazllm,issai/LLama-3.1-KazLLM-1.0-8B,baseline,1,True,False,Күнделікті өмірде уақытты тиімді пайдалану үшін дұрыс жоспарлау маңызды.,0.9241738319396973,True,1,493,49,542,7.19888749200004,51.315125459,0.0,1,1,0,1,0,,,,,,,,,
Experiment_1_Kazakh_Paraphrase_Generation_FINAL,34a82e96b71acb547807fe6de30c8974324412a3c70650bee893f9709519f53e,36,education,kazllm,issai/LLama-3.1-KazLLM-1.0-8B,baseline,1,True,False,Сабақтың мазмұны мен бағалау тәсілдерін үйлестіру нақты оқу мақсаттары белгіленген жағдайда оңайырақ болады.,0.9765616655349731,True,1,516,73,589,1.1036777650001568,1.1104899150000165,0.0,1,1,0,1,0,,,,,,,,,
Experiment_1_Kazakh_Paraphrase_Generation_FINAL,34b5a0e56f56a05b1f6c3d00c7f7976753c692671d3ef0d26eb04e86213dc15c,54,science,llama,NousResearch/Meta-Llama-3.1-8B-Instruct,kazdiv,5,True,False,Ғылыми зерттеулердің қауіпсіздік тәжірибелерінің құрамына ашық деректер енгізу ғылыми нәтижелердің тексерілуіне және қайта пайдаланылуына мүмкіндік береді.,0.8802447319030762,True,1,591,1042,1633,15.527316014000462,15.540744593999989,0.0,13,11,2,5,6,4,1,2,2,4096878735578587548,0.95,1,,
Experiment_1_Kazakh_Paraphrase_Generation_FINAL,34ee309dbe7c37c8d1224b7d7a67499220e2013a25c7e5077a9b993c869b6976,97,news,llama,NousResearch/Meta-Llama-3.1-8B-Instruct,kazdiv,4,True,False,Мамандар жаңа экологиялық жоба іске асырылатынынан қалдықтарды сұрыптау мәдениеті жақсарып кетеді деп ойлайды.,0.9273970127105713,True,1,600,839,1439,12.499960960998578,12.511646032000499,0.0,13,12,1,12,0,1,11,0,3,16696585174108308495,0.95,1,,
Experiment_1_Kazakh_Paraphrase_Generation_FINAL,350badf63c0248a3b2f6607c095a10330b445b96fb5d6e0b6418e3b4054ac6ac,82,news,kazllm,issai/LLama-3.1-KazLLM-1.0-8B,baseline,4,True,False,"Ауданда жаңа білім орталығы ашылғаннан кейін, студенттерге қосымша технологиялық курстар ұсыныла бастады.",0.9381203055381775,True,1,504,58,562,0.876388759999827,0.8823259000000689,0.0,1,1,0,1,0,,,,,,,,,
Experiment_1_Kazakh_Paraphrase_Generation_FINAL,3517b620ef8d0dd866fc008b204483327ece76b4e03e0d7947ea9d17c0ff088d,22,education,kazllm,issai/LLama-3.1-KazLLM-1.0-8B,baseline,4,True,False,Сабақ барысында белсенді тапсырмаларды пайдалану студенттердің оқу материалына деген қызығушылығын арттырады.,0.99629807472229,True,1,502,61,563,0.9198273069998777,0.9261330169999837,0.0,1,1,0,1,0,,,,,,,,,
Experiment_1_Kazakh_Paraphrase_Generation_FINAL,351f385727855dcebdadbd2733f37b4ca9c955b99beb5fbb0bb19c320965258d,80,technology,kazllm,issai/LLama-3.1-KazLLM-1.0-8B,kazdiv,1,True,False,"Модельді оқыту үшін жасанды деректерді пайдалануға болады, әсіресе нақты деректер шектеулі болған кезде.",0.8224571347236633,True,1,617,693,1310,10.319521456000075,10.328420114999972,0.0,12,4,8,4,0,3,1,2,2,12748064577531061408,0.95,1,,
Experiment_1_Kazakh_Paraphrase_Generation_FINAL,354c3a84df77430d20a5bf9c00e941941ff10496d64d3223a6729fd9b2f720af,29,education,kazllm,issai/LLama-3.1-KazLLM-1.0-8B,baseline,2,True,False,Зерттеуге негізделген оқыту студенттердің сыни ойлау және ақпаратты талдау дағдыларын қалыптастырады.,1.0,False,1,501,58,559,0.8771075439999549,0.878835183999854,0.0,1,1,0,0,1,,,,,,,,,
Experiment_1_Kazakh_Paraphrase_Generation_FINAL,356814580d111f9b7a201a343f7eafff09b4b439227658329db31a7f1446dc7b,52,science,llama,NousResearch/Meta-Llama-3.1-8B-Instruct,kazdiv,1,True,False,Зерттеулерді суреттелеу күрделі қарым-қатынастарды түсінуді оңтайландырады.,0.8592774271965027,True,1,585,665,1250,9.887761699999828,9.897071539000535,0.0,13,12,1,11,1,5,6,2,7,10602334976438409139,0.95,1,,
Experiment_1_Kazakh_Paraphrase_Generation_FINAL,35ad9e5f8b5a3c51893e1fea7941d549d96b4410559eaac5d92b1c2faf073cec,81,news,llama,NousResearch/Meta-Llama-3.1-8B-Instruct,kazdiv,5,True,False,Қоғамдық көлік бағыттарын тұрғындардың есептемелерін қарауды қала әкімдігі тұрақтандыруда.,0.834876537322998,True,1,610,1083,1693,16.148502748999817,16.161264759000915,0.0,13,9,4,9,0,5,4,2,3,4241366729404118840,0.95,1,,
Experiment_1_Kazakh_Paraphrase_Generation_FINAL,35b1a9b77a93a1101bb2246f91b542031b2f407d0b658f5474a61e164388549b,67,technology,kazllm,issai/LLama-3.1-KazLLM-1.0-8B,kazdiv,4,True,False,Деректерді шифрлау құпия ақпаратты үшінші тұлғалардың оқуынан қорғаудың негізгі әдістерінің бірі болып табылады.,0.9955735206604004,True,1,640,920,1560,13.713735045999783,13.726271275999352,0.0,12,8,4,8,0,2,6,1,5,1793664574181609627,0.95,1,,
Experiment_1_Kazakh_Paraphrase_Generation_FINAL,35b5caeac82e3718c03c78b35277d89ae05e9e8dcd50016d5a5e8af127737827,6,general,llama,NousResearch/Meta-Llama-3.1-8B-Instruct,kazdiv,3,True,False,"Оқып жүргенде адам сөздік қорымын кеңейтіп, ойлау қабілетін дамытуға көмектеседі.",0.9089925289154053,True,1,592,695,1287,10.341127485999095,10.350986465999085,0.0,13,12,1,12,0,6,6,3,4,13106166314308162888,0.95,1,,
Experiment_1_Kazakh_Paraphrase_Generation_FINAL,35c542beebda14369c1ac92fe54e28d5af3990bb1a260ed1c3c5d152918f0998,93,news,llama,NousResearch/Meta-Llama-3.1-8B-Instruct,baseline,4,True,False,Мәскеу облысының басқаруы ауа сапасын бақылауға арналған өлшеу бекеттерін орнатуды ұсынып отыр.,0.8404589891433716,True,1,481,67,548,1.0100397420010268,1.016538522000701,0.0,1,1,0,1,0,,,,,,,,,
Experiment_1_Kazakh_Paraphrase_Generation_FINAL,35d8e086e41650987779369c261a6cf4bdbeee822915de050a0862456c51fde9,41,science,llama,NousResearch/Meta-Llama-3.1-8B-Instruct,kazdiv,4,True,False,Ғылыми зерттеу нақты мәселені анықтау және оның түптеліп тұжырымдалуынан басталады.,0.9609133005142212,True,1,599,794,1393,11.820907265000642,11.83126722400084,0.0,13,13,0,13,0,1,12,0,3,10586361775501149183,0.95,1,,
Experiment_1_Kazakh_Paraphrase_Generation_FINAL,35e6f18c18b4ca51b50da3838d99bd700f7e4ef3c98ed39ebfcc220b75ff7199,18,general,llama,NousResearch/Meta-Llama-3.1-8B-Instruct,baseline,3,True,False,Талаптарды орындау арқылы жаңа сөйлем: Адамның ойын анық жеткізуі мен өзгелерге мұқият тыңдауы сапалы қарым-қатынаста маңызды.,0.820379912853241,True,1,487,88,575,1.3187911590011936,1.3250644890013064,0.0,1,1,0,1,0,,,,,,,,,
Experiment_1_Kazakh_Paraphrase_Generation_FINAL,35ec7764ceed043ea896a7e22946bf3761273d6f1285467b4ff3aaa83b31b486,77,technology,kazllm,issai/LLama-3.1-KazLLM-1.0-8B,baseline,3,True,False,Модельді өндірістік ортаға енгізгеннен кейін оның сапасын тұрақты түрде бақылап отыру қажет.,1.0,False,1,503,60,563,0.9067058159998851,0.9083995750006579,0.0,1,1,0,0,1,,,,,,,,,
Experiment_1_Kazakh_Paraphrase_Generation_FINAL,3603bab3584d2370cf11fe296624a7d884a251cf41d94f809517764c477cb788,9,general,kazllm,issai/LLama-3.1-KazLLM-1.0-8B,kazdiv,3,True,False,"Жаңа ортаға бейімделу үшін адам уақыттың, тәжірибенің және ашық қарым-қатынастың болуын қажет етеді.",0.9869846701622009,True,1,622,902,1524,13.442047722000098,13.451623542000561,0.0,12,6,6,6,0,1,5,0,4,15964177159629082422,0.95,1,,
Experiment_1_Kazakh_Paraphrase_Generation_FINAL,36091f9a4193834d92f1cc8d7abbc16129ebcf7b33a6236557415d51d9f6551f,27,education,llama,NousResearch/Meta-Llama-3.1-8B-Instruct,baseline,1,True,False,Бағалау критерийлері алдын ала түсіндірілгенде студенттер тапсырма талаптарын жақсырақ түсініп тапсырады.,0.992921769618988,True,1,475,60,535,0.9067376200000581,0.913085719999799,0.0,1,1,0,1,0,,,,,,,,,
Experiment_1_Kazakh_Paraphrase_Generation_FINAL,364561075e542d12108f95c8c4f54d9dbb775dad54ea9791f129bb4808c262ec,55,science,kazllm,issai/LLama-3.1-KazLLM-1.0-8B,kazdiv,5,True,False,Зерттеушілер әдіс таңдағанда оның шектеулерін де ескеруі қажет.,0.9484663605690002,True,1,616,510,1126,7.584419081000306,7.591825700999834,0.0,12,4,8,3,1,1,2,0,1,982318520430735053,0.95,1,,
Experiment_1_Kazakh_Paraphrase_Generation_FINAL,368bd115a662a51d915a84b4750cc124c5e13a9dbf93041ee71eb6f27cc8d892,39,education,kazllm,issai/LLama-3.1-KazLLM-1.0-8B,kazdiv,1,True,False,Оқу барысында қойылатын ашық сұрақтар студенттердің дәлелді жауаптарды жасау қабілетін арттырады.,0.976097047328949,True,2,1248,1844,3092,27.482932925000114,27.49430118500004,0.0,13,5,8,5,0,1,4,0,1,7620555007695074622,0.95,2,,
Experiment_1_Kazakh_Paraphrase_Generation_FINAL,36ac8aaa2d0482563d5b2ac1221effa8baf3739c96325772aabc71e1b9910176,59,science,llama,NousResearch/Meta-Llama-3.1-8B-Instruct,kazdiv,4,True,False,Эксперименттік әсерді басқа факторлардан ажыратуға қарапайым тәсілі эксперименттік тобы түсініп қолданатын бақылау тобы көмектеседі.,0.858238697052002,True,1,587,901,1488,13.421434351001153,13.432071250999797,0.0,13,12,1,12,0,5,7,0,0,2192267301256010650,0.95,1,,
Experiment_1_Kazakh_Paraphrase_Generation_FINAL,36b23d56f55236aae16d79fda6e311533658886aab5f3b81f590f5dbd7bddfe2,86,news,llama,NousResearch/Meta-Llama-3.1-8B-Instruct,kazdiv,2,True,False,Қалада жол қауіпсіздігін арттыру үшін жаяу жүргіншілер өткелі жаңартылды.,0.9773684740066528,True,1,592,734,1326,10.921906672001569,10.93268504200023,0.0,13,13,0,13,0,1,12,0,2,13195407795347368915,0.95,1,,
Experiment_1_Kazakh_Paraphrase_Generation_FINAL,37153fec9c0a2510bef47540096d9a0f9832a5ccbd337414be2ad7840310e198,16,general,kazllm,issai/LLama-3.1-KazLLM-1.0-8B,baseline,1,True,False,Қоғамға пайда әкелумен қатар еріктілік қызметі адамның әлеуметтік тәжірибесін кеңейтеді.,0.960452675819397,True,1,507,64,571,0.9638764059998266,0.9698255159999007,0.0,1,1,0,1,0,,,,,,,,,
Experiment_1_Kazakh_Paraphrase_Generation_FINAL,3715d91df9ad7712af7a8af9eab436adbcb45aee07ece7ba7f3a4585f22cad21,21,education,llama,NousResearch/Meta-Llama-3.1-8B-Instruct,baseline,2,True,False,Өзге сөздермен қайта жазылған сөйлем: Модерн білім беру жүйесі студенттердің теориялық білімін практикалық дағдылармен ұштастыруға бағытталады.,0.8803252577781677,True,1,480,87,567,1.304459589000544,1.3109748289989511,0.0,1,1,0,1,0,,,,,,,,,
Experiment_1_Kazakh_Paraphrase_Generation_FINAL,371bf501b534462d162a033bc5aea3d15a724d9f7696c8910011de06c1f63206,99,news,llama,NousResearch/Meta-Llama-3.1-8B-Instruct,baseline,4,True,False,Қазақ тіліне көшіріп жазылған сөйлем: Технологиялық көрмеде отандық әзірлеушілер білім беру мен медицинаға арналған бірнеше цифрлық шешімді таныстырды.,0.9481263160705566,True,1,486,93,579,1.3949503389994788,1.401796539001225,0.0,1,1,0,1,0,,,,,,,,,
Experiment_1_Kazakh_Paraphrase_Generation_FINAL,3736ecde4495f19cded725e346989ea896f6ac01d001b398c964024e0b11841f,69,technology,llama,NousResearch/Meta-Llama-3.1-8B-Instruct,baseline,4,True,False,Қайта жазылған сөйлем: Кескіндерден нысандарды автоматты түрде анықтау үшін компьютерлік көру алгоритмдері қолданылады.,0.8825510144233704,True,1,471,68,539,1.0244364099999075,1.0307235399995989,0.0,1,1,0,1,0,,,,,,,,,
Experiment_1_Kazakh_Paraphrase_Generation_FINAL,37382decb62ad6c8ad6aae11f4a1b792d92cb6b2b85f7ecf670270f761707b70,85,news,llama,NousResearch/Meta-Llama-3.1-8B-Instruct,baseline,1,True,False,Сөйлемді жаңа сөздермен қайта жазу: Университет ізденушілері өндірістік іс-әрекеттерді талдауға арналған жаңа цифрлық жүйені ұсынды.,0.8390949964523315,True,1,476,86,562,1.2892476300003182,1.2954864700004691,0.0,1,1,0,1,0,,,,,,,,,
Experiment_1_Kazakh_Paraphrase_Generation_FINAL,37770586123ebfc03867880cf8691ead1828fe46d70583f79da9ca3f3791e827,14,general,llama,NousResearch/Meta-Llama-3.1-8B-Instruct,baseline,1,True,False,"Талаптарды орындағаннан кейін бастапқы сөйлемді қайта жазсақ, мынаған ұқсас сөйлемді көруге болады: Түрлі көзқараспен келгендердің әңгімесін тыңдау әңгімелерді толық түсінуге мүмкіндік береді.",0.7232791185379028,False,1,473,133,606,1.9814722730006906,1.987894072999552,0.0,1,1,0,0,1,,,,,,,,,
Experiment_1_Kazakh_Paraphrase_Generation_FINAL,37c776f662379014835b289487ec7bdf431eec13847f6043298f20766e60b2f6,64,technology,llama,NousResearch/Meta-Llama-3.1-8B-Instruct,kazdiv,3,True,False,Қазіргі заманда киберқауіпсіздік жүйелері әлдебір қауіпті іс-әрекеттердің ақпараттық ресурстарға қол жеткізуінен қорғауға бағытталған.,0.8677533864974976,True,1,604,1105,1709,16.46764040999915,16.47727606999979,0.0,14,9,5,7,2,3,4,0,0,4187534389457046489,0.95,1,,
Experiment_1_Kazakh_Paraphrase_Generation_FINAL,37da0d931348a16124c6709f09709744be969e5eb7de579e56e02e20cb157ce0,37,education,kazllm,issai/LLama-3.1-KazLLM-1.0-8B,baseline,1,True,False,Студенттің өз бетінше білім алу қабілеті жоғары оқу орындарынан кейін де кәсіби өсуінің негізі болады.,0.9573591947555542,True,1,502,66,568,0.9939361859997007,1.0000724649999029,0.0,1,1,0,1,0,,,,,,,,,
Experiment_1_Kazakh_Paraphrase_Generation_FINAL,37deb9e821853042eda1b11f8f058989d291f069bae61e6df958942c8a9345b0,54,science,llama,NousResearch/Meta-Llama-3.1-8B-Instruct,baseline,3,True,False,Мағынасын сақтай отырып басқа сөздермен қайта жазылған сөйлем: Тексерілген ғылыми нәтижелердің қайта пайдаланылуына мүмкіндік береді.,0.7395328283309937,False,1,473,87,560,1.3032723289998103,1.3096532489998935,0.0,1,1,0,0,1,,,,,,,,,
Experiment_1_Kazakh_Paraphrase_Generation_FINAL,37e06b3be59f944ceaed1bacc61d28c1573d6c0ce6be052bb7151cbab78bcaa4,6,general,kazllm,issai/LLama-3.1-KazLLM-1.0-8B,baseline,1,True,False,"Кітап оқу адамның сөздік қорын кеңейтіп, ойлау қабілетін дамытуға көмектеседі.",1.0,False,1,499,56,555,0.846722600999783,0.8529990409997481,0.0,1,1,0,0,1,,,,,,,,,
Experiment_1_Kazakh_Paraphrase_Generation_FINAL,37e97c023e8cd1ffdc2fac2d51b69a23bfdb154e2aed15ff2cac66c74ad2dad6,94,news,kazllm,issai/LLama-3.1-KazLLM-1.0-8B,baseline,4,True,False,Ғылыми конференция барысында зерттеушілер деректер қауіпсіздігі мен жасанды интеллект этикасын талқылады.,0.9842150211334229,True,1,496,52,548,0.7888428200003545,0.7905179999997927,0.0,1,1,0,1,0,,,,,,,,,
Experiment_1_Kazakh_Paraphrase_Generation_FINAL,37f10299209f1d796e4e15f20ca0aa8ced945803beb5e8641a5c4df190514d92,10,general,llama,NousResearch/Meta-Llama-3.1-8B-Instruct,baseline,3,True,False,Отбасындағы өзара қолдау өзара қиын жағдайларды бірлесіп еңсеру қиын жағдайларды еңсеру қиын жағдайларда бірге еңсеру қиын жағдайларды еңсеру мүмкіндік береді.,0.8918483853340149,False,1,471,119,590,1.7748852149998129,1.781151065000813,0.0,1,1,0,0,1,,,,,,,,,
Experiment_1_Kazakh_Paraphrase_Generation_FINAL,37fa02c2d8321d3f8d907f83ba57fbe851a4159d4ac28d81016234f928f0c63c,87,news,llama,NousResearch/Meta-Llama-3.1-8B-Instruct,kazdiv,2,True,False,Аймақта орта бизнесті қолдауға бағытталған шағын және орта бизнесті қолдауға бағытталған оқу бағдарламасы іске қосылды.,0.962647557258606,True,1,597,815,1412,12.138121992000379,12.150769041998501,0.0,12,6,6,6,0,1,5,0,0,7148936906848089576,0.95,1,,
Experiment_1_Kazakh_Paraphrase_Generation_FINAL,381fe8d286255208554b327dc37b62da63c595fd44559082cbc9ffd326d29645,55,science,kazllm,issai/LLama-3.1-KazLLM-1.0-8B,kazdiv,4,True,False,"Зерттеушілер әдіс таңдағанда, олардың артықшылықтарымен қатар, шектеулерін де ескеруі қажет.",0.9910361766815186,True,1,616,729,1345,10.854158285999802,10.862190685999849,0.0,12,3,9,3,0,1,2,0,1,15613566945584663834,0.95,1,,
Experiment_1_Kazakh_Paraphrase_Generation_FINAL,382ac3cdd41957e8488f50e026160b8e1538f04b7c8dee69b30ae09140e6e153,20,general,llama,NousResearch/Meta-Llama-3.1-8B-Instruct,kazdiv,2,True,False,"Үлкен міндетті қиындықты бірнеше шағын қадамға бөлуге болады, ол оны шешудің жаңа жолын ашады.",0.789644718170166,True,1,588,767,1355,11.409163574000559,11.41878297400035,0.0,12,12,0,11,1,7,4,6,11,8751855244090336648,0.95,1,,
Experiment_1_Kazakh_Paraphrase_Generation_FINAL,389417149221c5417b7b3b93b4d7a5a8f028bda68bf4682249e520155ccbc032,51,science,kazllm,issai/LLama-3.1-KazLLM-1.0-8B,kazdiv,3,True,False,Деректерді алдын ала өңдеу кезінде қателер мен жетіспейтін мәндерді дұрыс анықтау өте маңызды,0.9459212422370911,True,2,1240,1940,3180,28.915465942999617,28.926179283999772,0.0,12,2,10,2,0,1,1,0,0,8427231934407665947,0.95,2,,
Experiment_1_Kazakh_Paraphrase_Generation_FINAL,38b9f13a7ed2633ffe4f10d581a035b2deb2f0461c6977a50886d6f68cbe8f1d,85,news,llama,NousResearch/Meta-Llama-3.1-8B-Instruct,kazdiv,4,True,False,Университет зерттеушілері өндірістік процестерді талдауға арналған жаңа жүйенің құрылысына қатысты ғылыми жұмыстарды жүргізуде.,0.851490318775177,True,1,594,767,1361,11.420619917000295,11.431217227000161,0.0,12,12,0,12,0,8,4,5,7,8459881286013148620,0.95,1,,
Experiment_1_Kazakh_Paraphrase_Generation_FINAL,38be8c57bcbdb0b04dda45c8b13b2d6ff80fa9a304e28bf6332aaba3b5ec507c,36,education,kazllm,issai/LLama-3.1-KazLLM-1.0-8B,kazdiv,3,True,False,Оқу мақсаттары нақты белгіленген жағдайда сабақ мазмұны мен бағалау әдістерін үйлестіру оңайырақ болады.,0.9958394169807434,True,1,634,867,1501,12.908997552000073,12.917789741999968,0.0,13,6,7,6,0,3,3,0,3,16206932152644132694,0.95,1,,
Experiment_1_Kazakh_Paraphrase_Generation_FINAL,38dd4e5d7d8a3aa7fe4875d8c7936cbc4e4861bc82d30d22c19580e110843f38,98,news,llama,NousResearch/Meta-Llama-3.1-8B-Instruct,baseline,5,True,False,Қазіргі кездері жоғары оқу орындары студенттердің өндірістік тәжірибесін күшейту үшін компаниялармен жаңа келісімдер жасасты.,0.9695866107940674,True,1,485,76,561,1.1433326709993707,1.1499113410009159,0.0,1,1,0,1,0,,,,,,,,,
Experiment_1_Kazakh_Paraphrase_Generation_FINAL,38dd54d273dc4ead6ca5096f8e51617defe12132637ae06143c5bcfb46199839,76,technology,llama,NousResearch/Meta-Llama-3.1-8B-Instruct,kazdiv,4,True,False,Нейрондық желілер күрделі үлгілерді үйрену үшін өзара байланысқан көптеген есептеу қабаттарын қолданады.,0.997954785823822,True,1,606,958,1564,14.271095254000102,14.28130035400136,0.0,13,8,5,8,0,1,7,0,0,15500138999973602511,0.95,1,,
Experiment_1_Kazakh_Paraphrase_Generation_FINAL,3902c54b1c2f880993bb367e225d30f39748376af8571e33512a792c8dabb9e2,19,general,kazllm,issai/LLama-3.1-KazLLM-1.0-8B,baseline,4,True,False,Жергілікті мәдени дәстүрлерді сақтау қоғамның тарихи жадын келесі ұрпаққа жеткізеді.,1.0,False,1,506,63,569,0.9502482320001491,0.951959110999951,0.0,1,1,0,0,1,,,,,,,,,
Experiment_1_Kazakh_Paraphrase_Generation_FINAL,390708f9862241ea7625a659c45c1bd48cde59e7ba56e019e3d2e5998c05945c,17,general,llama,NousResearch/Meta-Llama-3.1-8B-Instruct,kazdiv,2,True,False,Күн тәртібін сақтау жұмыс пен демалыс арасындағы тепе-теңдікті қалыптастыруды көмектеседі.,0.9993988275527954,True,1,599,932,1531,13.874322853000194,13.884215381998729,0.0,13,13,0,13,0,5,8,2,2,8798056946710323849,0.95,1,,
Experiment_1_Kazakh_Paraphrase_Generation_FINAL,39203b60397144a54e606f5c9998f4b01037fe4ec3e0d3c30754fb20bb9f7593,16,general,kazllm,issai/LLama-3.1-KazLLM-1.0-8B,kazdiv,5,True,False,"Адамның әлеуметтік тәжірибесін кеңейте отырып, еріктілік қоғамға пайда әкеледі деп айтуға болады.",0.8751227855682373,True,1,625,741,1366,11.030839826999909,11.039895286999808,0.0,12,11,1,11,0,4,7,2,9,14608189305507503865,0.95,1,,
Experiment_1_Kazakh_Paraphrase_Generation_FINAL,392ef7ab7162962b76cc4fec06a1ebf3397a1d78861c9c32b92e1bef52cc5bed,85,news,kazllm,issai/LLama-3.1-KazLLM-1.0-8B,kazdiv,4,True,False,Өндірістік процестерді талдау үшін университет зерттеушілері жаңа цифрлық платформаны ұсынды.,0.9790278673171997,True,1,619,604,1223,8.987320223999632,8.99599720400056,0.0,13,4,9,4,0,1,3,0,2,12820875482979016230,0.95,1,,
Experiment_1_Kazakh_Paraphrase_Generation_FINAL,393f762e67c37d28dc10c85c258e44df91f408aac4b4daf3489d1dc04a6dce42,69,technology,llama,NousResearch/Meta-Llama-3.1-8B-Instruct,kazdiv,1,True,False,Компьютерлік көру әдістері кескіндерден нысандарды тану үшін қолданылады.,0.9198505878448486,True,1,589,523,1112,7.775683124000352,7.7849929240001075,0.0,12,12,0,12,0,3,9,1,8,17472436501623920414,0.95,1,,
Experiment_1_Kazakh_Paraphrase_Generation_FINAL,39abbd61096a32c5618e8dfd07da7b8da1feebe529093162b6df2112bd69827a,49,science,kazllm,issai/LLama-3.1-KazLLM-1.0-8B,baseline,3,True,False,Ғылыми модель нақты құбылыстың негізгі қасиеттерін қысқаша баяндауға арналған.,0.9369815587997437,True,1,501,51,552,0.7742040699999961,0.7803542399997241,0.0,1,1,0,1,0,,,,,,,,,
Experiment_1_Kazakh_Paraphrase_Generation_FINAL,39b049cf46f9ef5c469300c55fc607f20aeeb1671f07da9ad7c07f2e16f87305,42,science,kazllm,issai/LLama-3.1-KazLLM-1.0-8B,kazdiv,1,True,False,Эксперимент нәтижелерінің сенімділігі деректерді жинау әдісінің дұрыстығына тікелей байланысты болды.,0.9600462913513184,True,1,617,843,1460,12.558529580999675,12.56583296100007,0.0,14,1,13,1,0,1,0,0,0,9067834659697104282,0.95,1,,
Experiment_1_Kazakh_Paraphrase_Generation_FINAL,39b42a433f5e59e89a02b4cb2d91de29c0977c17135258e1429d4b6ce9c077af,38,education,llama,NousResearch/Meta-Llama-3.1-8B-Instruct,kazdiv,3,True,False,Зертханалық жұмыстар теориялық заңдылықтарды тәжірибе арқылы өзектендіре алады.,0.9357014298439026,True,1,590,751,1341,11.171176029998605,11.18076843900053,0.0,13,13,0,13,0,13,0,2,2,5622906480750714212,0.95,1,,
Experiment_1_Kazakh_Paraphrase_Generation_FINAL,39fc16fc9fab28861daab24bb807fc4ff76f3b94ef3d59bff7c0313ff95b2c19,25,education,llama,NousResearch/Meta-Llama-3.1-8B-Instruct,kazdiv,3,True,False,Онлайн оқу материалдарына кез келген уақытта қол жеткізуге мүмкіндік береді.,0.9308547377586365,True,1,585,632,1217,9.396514389000004,9.407022318999225,0.0,12,12,0,12,0,6,6,5,9,45329995717445880,0.95,1,,
Experiment_1_Kazakh_Paraphrase_Generation_FINAL,3a148fffa0dc8e512fae888854c9feab67734634b7f38b05c10cebb85ade3a59,18,general,kazllm,issai/LLama-3.1-KazLLM-1.0-8B,baseline,2,True,False,Біреумен сапалы қарым-қатынаста адамның өз ойын анық жеткізуі және басқаларды мұқият тыңдауы маңызды.,0.9204809665679932,True,1,512,73,585,1.0963942359999237,1.1024202260000493,0.0,1,1,0,1,0,,,,,,,,,
Experiment_1_Kazakh_Paraphrase_Generation_FINAL,3a5244dc1d6d26cede6536bf2a0698730b15534ad16e6c09858e7d566ffb17e9,23,education,kazllm,issai/LLama-3.1-KazLLM-1.0-8B,kazdiv,1,True,False,Оқушының қателерін түсінуіне және нәтижелерін жақсартуға көмектесетін уақтылы оқытушының кері байланысы бар.,0.9131954908370972,True,2,1260,2306,3566,34.40604060299984,34.417305483000064,0.0,13,4,9,4,0,3,1,1,1,9068211644441140372,0.95,2,,
Experiment_1_Kazakh_Paraphrase_Generation_FINAL,3a83c8f12613ef54615bbdb93ac18870b7a340fd4fab799c243a0f856d561a15,5,general,kazllm,issai/LLama-3.1-KazLLM-1.0-8B,baseline,2,True,False,Қоршаған ортаны таза ұстау – әр адамның міндеті.,0.9294515252113342,True,1,486,32,518,0.4936832199996388,0.49937734000013734,0.0,1,1,0,1,0,,,,,,,,,
Experiment_1_Kazakh_Paraphrase_Generation_FINAL,3a89fdeb88917ed9354e0f2cbf909ff9973920f707988e0610cddef2c02f39e2,99,news,kazllm,issai/LLama-3.1-KazLLM-1.0-8B,baseline,1,True,False,Технологиялық көрмеде жергілікті әзірлеушілер білім беру мен медицина салаға арналған бірнеше цифрлық шешімдерді көрсетті.,0.921164333820343,True,1,511,73,584,1.098140111000248,1.1043363509998017,0.0,1,1,0,1,0,,,,,,,,,
Experiment_1_Kazakh_Paraphrase_Generation_FINAL,3a8fcdd983b228bf6336d95aa51409166573b66fb5deff4ff6f04d9603fa3efc,15,general,llama,NousResearch/Meta-Llama-3.1-8B-Instruct,kazdiv,1,True,False,Қаладағы жаяу жүргіншілерге қолайлы етіп орта тұрғындардың белсенді өмір салтын қолдайды.,0.9474731087684631,True,1,592,762,1354,11.342175883999516,11.35170606399879,0.0,13,12,1,12,0,3,9,1,7,11569770062822973352,0.95,1,,
Experiment_1_Kazakh_Paraphrase_Generation_FINAL,3a9701c56aabf8335d4354fca1f74fbc65ab55ea72f870db5957a48c4fceba29,75,technology,llama,NousResearch/Meta-Llama-3.1-8B-Instruct,baseline,3,True,False,Деректер базасын түсінушілікке жобалау ақпаратты сақтау мен іздеу тиімділігін арттырады.,0.919432520866394,True,1,464,50,514,0.7593054340013623,0.7656655940008932,0.0,1,1,0,1,0,,,,,,,,,
Experiment_1_Kazakh_Paraphrase_Generation_FINAL,3ae9135bcaf44f66b8f00f36ca9ccf30aa3ac1ce3ffca5e0d9b8714e845f85f7,7,general,llama,NousResearch/Meta-Llama-3.1-8B-Instruct,baseline,4,True,False,Дұрыс тамақтану мен белсенді қозғалыс күнделікті өмір сапасына оң әсер етеді. – Күнделікті өмір сапасына оң әсер етеді дұрыс тамақтану мен белсенді қозғалыс.,0.9296774864196777,True,1,471,106,577,1.5838722550015518,1.590190894999978,0.0,1,1,0,1,0,,,,,,,,,
Experiment_1_Kazakh_Paraphrase_Generation_FINAL,3aeb3223099af78046def61e748cd199aceb6b4c723eb0bca27059eb3850b1d9,64,technology,kazllm,issai/LLama-3.1-KazLLM-1.0-8B,baseline,4,True,False,Киберқауіпсіздік жүйелері ақпараттық ресурстарды рұқсатсыз қол жеткізуден қорғауға бағытталған.,1.0,False,1,511,68,579,1.0243621690005966,1.0260261189996527,0.0,1,1,0,0,1,,,,,,,,,
Experiment_1_Kazakh_Paraphrase_Generation_FINAL,3aeda0b07067b6f1d6b2576a83d5e73891dd66bf2fcb9cbece26ad14882e36d1,87,news,kazllm,issai/LLama-3.1-KazLLM-1.0-8B,kazdiv,1,True,False,Аймақта шағын және орта бизнесті қолдау жөніндегі оқыту бағдарламасы іске қосылды.,0.9919918775558472,True,1,622,704,1326,10.48677253599999,10.49523207599941,0.0,12,3,9,3,0,1,2,0,2,4470656549586074755,0.95,1,,
Experiment_1_Kazakh_Paraphrase_Generation_FINAL,3afda7ee8996003219d677085c6aea2dc3f8044aa87ef3fa0e80b39554496a92,100,news,kazllm,issai/LLama-3.1-KazLLM-1.0-8B,kazdiv,1,True,False,Алдағы кезеңде өңірде қоғамдық кеңістіктерді жаңарту жұмыстары бірнеше ауданға дейін кеңейтіледі,0.8466259241104126,True,1,631,744,1375,11.082271005000052,11.090676196000004,0.0,12,2,10,2,0,2,0,0,0,13405619799201532123,0.95,1,,
Experiment_1_Kazakh_Paraphrase_Generation_FINAL,3b07ed80a3f36188c0a656e769b80cf9462c23400c4eeac0cb98c83410eb5431,99,news,kazllm,issai/LLama-3.1-KazLLM-1.0-8B,baseline,4,True,False,Технологиялық көрмеде отандық әзірлеушілер білім беру мен медицина саласында пайдалануға болатын бірнеше цифрлық шешімдерді көрсетті.,0.9780813455581665,True,1,511,77,588,1.1571862099999635,1.1634148500006631,0.0,1,1,0,1,0,,,,,,,,,
Experiment_1_Kazakh_Paraphrase_Generation_FINAL,3b6ec08d286c4281ca742be7054535dc09abacd1ebdb3bd13a39d5a75ba00409,86,news,kazllm,issai/LLama-3.1-KazLLM-1.0-8B,kazdiv,2,True,False,Қалада жол қауіпсіздігін жақсарту мақсатында бірнеше жаяу жүргінші өткелі жаңартылды.,0.9960978031158447,True,1,617,728,1345,10.842512211999747,10.851199741999153,0.0,12,6,6,5,1,1,4,0,4,7838369796233708468,0.95,1,,
Experiment_1_Kazakh_Paraphrase_Generation_FINAL,3ba9e06c11749d2a4f64ef2b8021ba4892afc13aecd8984e857970534635a085,32,education,kazllm,issai/LLama-3.1-KazLLM-1.0-8B,baseline,3,True,False,Студенттердің өз жұмысын қорғауы олардың тақырыпты қаншалықты түсінгенін анықтауға көмектеседі.,1.0,False,1,515,72,587,1.0889520040000207,1.090679863999867,0.0,1,1,0,0,1,,,,,,,,,
Experiment_1_Kazakh_Paraphrase_Generation_FINAL,3bb88c58ea40670ea88c25700c309dcdd5c64ed95b5b94c23634368c71774f5a,69,technology,llama,NousResearch/Meta-Llama-3.1-8B-Instruct,baseline,5,True,False,Кескіндерден нысандарды тану үшін компьютерлік көру алгоритмдері қолданылады.,0.8794037699699402,True,1,471,40,511,0.6118155639996985,0.6180747139987943,0.0,1,1,0,1,0,,,,,,,,,
Experiment_1_Kazakh_Paraphrase_Generation_FINAL,3bbaadd25098cd51c1424c9c6377a29d2f06c1bd0c0cdbcd8608bf6be8c293c1,51,science,kazllm,issai/LLama-3.1-KazLLM-1.0-8B,kazdiv,4,True,False,Деректерді алдын ала өңдеу кезінде қателер мен жетіспейтін мәндерді анықтау маңызды.,0.9915465116500854,True,1,620,744,1364,11.07795703399961,11.086185613999987,0.0,13,3,10,3,0,1,2,0,1,3525333779615438511,0.95,1,,
Experiment_1_Kazakh_Paraphrase_Generation_FINAL,3bfd6103078fe6667ac5ca0d442ed033a224596c1e8807635d46f6c64119c2d4,58,science,kazllm,issai/LLama-3.1-KazLLM-1.0-8B,baseline,1,True,False,"Корреляция екі айнымалының байланысын көрсеткенімен, себепті байланысты өздігінен дәлелдемейді.",0.9664776921272278,True,1,507,56,563,0.8461754009995275,0.8530569810000088,0.0,1,1,0,1,0,,,,,,,,,
Experiment_1_Kazakh_Paraphrase_Generation_FINAL,3bfe0c470b15fc1fdefebd70ee8e15e0a9a4521646c1586b50b6962991d98adf,87,news,kazllm,issai/LLama-3.1-KazLLM-1.0-8B,baseline,4,True,False,Аймақта шағын және орта бизнесті қолдауға бағытталған оқыту бағдарламасы іске қосылды.,1.0,False,1,504,61,565,0.92014460900009,0.9218298989999312,0.0,1,1,0,0,1,,,,,,,,,
Experiment_1_Kazakh_Paraphrase_Generation_FINAL,3c068c2511e07f2f8172134e31afd9c0d9b195ffa2a9bac808243f0392b859c5,1,general,kazllm,issai/LLama-3.1-KazLLM-1.0-8B,kazdiv,2,True,False,Дұрыс жоспарлау күнделікті өмірде уақытты тиімді пайдалануға көмектеседі.,0.9657435417175293,True,1,611,601,1212,8.948580544000038,9.008297276000008,0.0,12,4,8,4,0,3,1,2,3,2554949040225974926,0.95,1,,
Experiment_1_Kazakh_Paraphrase_Generation_FINAL,3c51835f81e12801584513e86d3b2a31b829fba044ec31b703148e8df0cf2d89,5,general,kazllm,issai/LLama-3.1-KazLLM-1.0-8B,kazdiv,4,True,False,Қоршаған ортаны таза ұстау әр адамның міндеті болуы керек.,0.9258884191513062,True,1,604,484,1088,7.197329225999965,7.205672525999944,0.0,12,8,4,8,0,1,7,0,1,17005727970236352854,0.95,1,,
Experiment_1_Kazakh_Paraphrase_Generation_FINAL,3c5700fd2dd473366d72aa98b754312dddbb42d77d50d0326e7392a39e3ea2b0,87,news,llama,NousResearch/Meta-Llama-3.1-8B-Instruct,baseline,3,True,False,«Біздің қазақстандық қолдау қоры орта мен кіші бизнесті қолдауға арналған оқу бағдарламасын іске қосуға қатысады.,0.7389232516288757,False,1,479,78,557,1.1721555000003718,1.1786188900005072,0.0,1,1,0,0,1,,,,,,,,,
Experiment_1_Kazakh_Paraphrase_Generation_FINAL,3c633ebf71f85f3ad4125150da4fa6175ea0c65799cea3e2bd95cf4f91c0940f,50,science,llama,NousResearch/Meta-Llama-3.1-8B-Instruct,kazdiv,3,True,False,Тәжірибені бірнеше рет қайталағанда ауытқулардың көп болмауына әкеледі.,0.8300377130508423,True,1,594,710,1304,10.561729253999147,10.570585163999567,0.0,13,8,5,6,2,5,1,3,3,14143603540787644075,0.95,1,,
Experiment_1_Kazakh_Paraphrase_Generation_FINAL,3c759b2f9c7e001e7862fc469ac5d120c768030aae19933a44d3f5d1a16c0bbd,40,education,kazllm,issai/LLama-3.1-KazLLM-1.0-8B,baseline,4,True,False,Инклюзивті білім беру ортасы әр студенттің оқу процесіне тең қатысуына жағдай жасайды.,0.9934170246124268,True,1,504,52,556,0.7882679559997996,0.7945772060002128,0.0,1,1,0,1,0,,,,,,,,,
Experiment_1_Kazakh_Paraphrase_Generation_FINAL,3c7c74cab54edd27946eda063f008eea35bba04df57fad835903c7d60c265033,70,technology,kazllm,issai/LLama-3.1-KazLLM-1.0-8B,baseline,5,True,False,Бағдарламаның тиімділігін арттыру есептеу ресурстарын тиімді пайдалануға мүмкіндік береді.,0.9050796031951904,True,1,501,52,553,0.7891499060006026,0.7908886860004714,0.0,1,1,0,1,0,,,,,,,,,
Experiment_1_Kazakh_Paraphrase_Generation_FINAL,3c945802fe74359e78b2c453b969b9af7b6c8efe18019410fcdfa93c3fab6a2b,39,education,kazllm,issai/LLama-3.1-KazLLM-1.0-8B,baseline,4,True,False,Оқу барысында қойылған ашық сұрақтар студенттердің дәлелді жауаптар құрастыру қабілетін дамытады.,0.9955759644508362,True,1,506,65,571,0.9786670749999757,0.984329764999984,0.0,1,1,0,1,0,,,,,,,,,
Experiment_1_Kazakh_Paraphrase_Generation_FINAL,3caf48c07e91a05d8d412c745b641d4f3ba0aa40350c94f248df9716ac27ef3d,78,technology,llama,NousResearch/Meta-Llama-3.1-8B-Instruct,baseline,3,True,False,Жүйенің көшірмелері ақаулық кезінде қайта тірітуге қол жеткізеді.,0.7650086283683777,True,1,484,46,530,0.7005639939998218,0.7069242349989509,0.0,1,1,0,1,0,,,,,,,,,
Experiment_1_Kazakh_Paraphrase_Generation_FINAL,3caf95319ce0536eff2a255eb179851874c2e90e31272b9e50dcc5f7fc385eb3,68,technology,llama,NousResearch/Meta-Llama-3.1-8B-Instruct,kazdiv,4,True,False,Өндірістегі қайталанатын операцияларды автоматтандыру өнімділікті арттыруға және экономиялауға көмектеседі.,0.7883638739585876,True,1,595,817,1412,12.162182301999565,12.175468052000724,0.0,13,11,2,10,1,5,5,4,6,2586201209107899718,0.95,1,,
Experiment_1_Kazakh_Paraphrase_Generation_FINAL,3cfba05bf4e8388f82434af367b2b35b261d2ce8fae1f6463dd721145951f6c7,98,news,llama,NousResearch/Meta-Llama-3.1-8B-Instruct,kazdiv,2,True,False,Оқу орындары компаниялармен біріккенде студенттердің өндірістік тәжірибені күшейту үшін жаңа келісімдер жасауды жаңа жолға көрсетті.,0.9184227585792542,True,1,603,917,1520,13.669700861999445,13.68357720199856,0.0,13,12,1,12,0,6,6,5,9,15785140171710483420,0.95,1,,
Experiment_1_Kazakh_Paraphrase_Generation_FINAL,3cff0b18e1d1d9075d0a6aec16b119d67de0cc26c99817229016403784eb3194,23,education,kazllm,issai/LLama-3.1-KazLLM-1.0-8B,baseline,3,True,False,"Оқытушының уақтылы кері байланысы студентке қателерін түсініп, нәтижелерін жақсартуға көмектеседі.",0.992533802986145,True,1,512,66,578,0.9934362079998209,0.9992230980001295,0.0,1,1,0,1,0,,,,,,,,,
Experiment_1_Kazakh_Paraphrase_Generation_FINAL,3d082b55e368946a02018232ca58c06d119f93e83130b5716e1c3a0299f78500,68,technology,llama,NousResearch/Meta-Llama-3.1-8B-Instruct,baseline,5,True,False,Роботтандырылған жүйелер өндірістегі қайталанатын әрекеттерді автоматтандыруға мүмкіндік береді.,0.9917990565299988,True,1,477,61,538,0.9216942809998727,0.9235191410007246,0.0,1,1,0,1,0,,,,,,,,,
Experiment_1_Kazakh_Paraphrase_Generation_FINAL,3d1020eee5c1f89f964e62d1ba21b82727da0e10b1ff5eee1d7cab11a9d3dd6b,3,general,kazllm,issai/LLama-3.1-KazLLM-1.0-8B,baseline,1,True,False,Адамдар арасындағы қоғамдық сенім байланысты нығайтады.,0.8908835649490356,True,1,499,38,537,0.5817011959998126,0.5884672160000264,0.0,1,1,0,1,0,,,,,,,,,
Experiment_1_Kazakh_Paraphrase_Generation_FINAL,3d19f5ab5dbac4561ad8a61ebdb5171308595d874fa2e177e16230cd0a6ad163,12,general,llama,NousResearch/Meta-Llama-3.1-8B-Instruct,kazdiv,3,True,False,"Демалыс адамның көңіл күйін жақсартып, күнделікті күйзелісті төмендетуі мүмкін.",0.8993754386901855,True,1,602,771,1373,11.47773988299923,11.486821272999805,0.0,13,9,4,8,1,5,3,2,3,15259296566584770856,0.95,1,,
Experiment_1_Kazakh_Paraphrase_Generation_FINAL,3d5526347c5b794a438e4db7b0998634e70912ebd1d7641682a8d3cf17137558,59,science,kazllm,issai/LLama-3.1-KazLLM-1.0-8B,baseline,4,True,False,Тексеру тобы эксперименттік әсерді басқа ықтимал факторлардан бөлуге көмектеседі.,0.9620985388755798,True,1,494,45,539,0.6861972629994852,0.6919477130004452,0.0,1,1,0,1,0,,,,,,,,,
Experiment_1_Kazakh_Paraphrase_Generation_FINAL,3d83f4c1bb2f829e86e4ee2d306b09d7f588f242edfe97ddc079bcf89e402d3e,48,science,llama,NousResearch/Meta-Llama-3.1-8B-Instruct,kazdiv,5,True,False,Алынған нәтижелердің статистикалық тұрақтылығына әсер ететін зерттеу жүйесінің үлгісін алу жүйесінде сенімділік тапшылығы туындауы мүмкін.,0.8086848258972168,True,1,602,934,1536,13.906733637000798,13.91829832700023,0.0,12,11,1,9,2,9,0,7,9,15154830422733741684,0.95,1,,
Experiment_1_Kazakh_Paraphrase_Generation_FINAL,3dcefa4d097bba4b30119a50d32a3ccb971c5c19fbd94ec050e5a7ca5ced2050,57,science,kazllm,issai/LLama-3.1-KazLLM-1.0-8B,baseline,2,True,False,Ғылыми мақалада қолданылған дереккөздер зерттеу нәтижелерін жеткілікті деңгейде дәлелдеуі керек.,0.9657047390937805,True,1,503,60,563,0.9062240210005257,0.912039160999484,0.0,1,1,0,1,0,,,,,,,,,
Experiment_1_Kazakh_Paraphrase_Generation_FINAL,3dd1dd380199ddc8c2677ba9ed6c5663fbf1aabe3813491bbfa270edb5cd8d45,95,news,llama,NousResearch/Meta-Llama-3.1-8B-Instruct,baseline,5,True,False,Қала кітапханаларында жастарға арналған тегін кітаптар курстары ұйымдастырыла бастады.,0.9315615892410278,True,1,476,50,526,0.7599320139997872,0.7664406739986589,0.0,1,1,0,1,0,,,,,,,,,
Experiment_1_Kazakh_Paraphrase_Generation_FINAL,3deb3ea61d8e1e8bcbf25ec07642c13213445527056f0908e60ca3319704912f,92,news,llama,NousResearch/Meta-Llama-3.1-8B-Instruct,baseline,3,True,False,Қоғамдық кеңестің мүшелері қалалық инфрақұрылымды дамытуға қатысты бірнеше талаптарды қарастырды.,0.9554135203361511,True,1,483,68,551,1.0250956620002398,1.031428911999683,0.0,1,1,0,1,0,,,,,,,,,
Experiment_1_Kazakh_Paraphrase_Generation_FINAL,3df11ab02bd47a2105b74b24a54948bbde028a6d4705fe39c1b3c30a435661e4,4,general,llama,NousResearch/Meta-Llama-3.1-8B-Instruct,baseline,1,True,False,Тұрақты әдеттер адамның ұзақ мерзімді мақсаттарына жақындауына мүмкіндік береді.,0.9890936613082886,True,1,480,56,536,0.8477501429988479,0.8562762840010691,0.0,1,1,0,1,0,,,,,,,,,
Experiment_1_Kazakh_Paraphrase_Generation_FINAL,3e030cbb2457ad7c6f09a53f5a257348331ab5837240f573bd4e8b39f271edc0,67,technology,llama,NousResearch/Meta-Llama-3.1-8B-Instruct,baseline,3,True,False,Сөйлемді қайта жазу: Деректерді шифрлау құпия ақпаратты үшінші тұлғалардың оқуынан қорғаудың негізгі тәсілінің бірі болып табылады.,0.9026498794555664,True,1,497,91,588,1.3629748570001539,1.3692943469995953,0.0,1,1,0,1,0,,,,,,,,,
Experiment_1_Kazakh_Paraphrase_Generation_FINAL,3e36f37b90fabd33095a169c70a41effb1729d9cb194068075e93c249e1aa388,50,science,kazllm,issai/LLama-3.1-KazLLM-1.0-8B,kazdiv,1,True,False,Тәжірибені бірнеше рет қайталау кездейсоқ ауытқулардың қорытындыға әсерін азайтады.,0.975264310836792,True,1,619,776,1395,11.560232124000322,11.568924113999856,0.0,12,5,7,5,0,4,1,0,1,13554305948971288645,0.95,1,,
Experiment_1_Kazakh_Paraphrase_Generation_FINAL,3e61f9533da97257dc4fde306bee3934da1eacd7214132f049f2ee145c8b282c,73,technology,kazllm,issai/LLama-3.1-KazLLM-1.0-8B,kazdiv,4,True,False,"Мәтінді талдау, құрастыру және ақпаратты өңдеу міндеттерінде үлкен тілдік модельдер кеңінен қолданылады.",0.9557061791419983,True,1,628,930,1558,13.865359266999803,13.873145556999589,0.0,13,2,11,2,0,1,1,0,0,12690250171485543637,0.95,1,,
Experiment_1_Kazakh_Paraphrase_Generation_FINAL,3e8fff7cd04a42bbea936bc1d55479295ec68bd45f74289f8028d64c4626aaad,50,science,kazllm,issai/LLama-3.1-KazLLM-1.0-8B,baseline,1,True,False,Тәжірибені бірнеше рет қайталау кездейсоқ ауытқулардың қорытындыға әсерін азайтады.,0.9752641916275024,True,1,501,56,557,0.8476916390000042,0.8540322589997231,0.0,1,1,0,1,0,,,,,,,,,
Experiment_1_Kazakh_Paraphrase_Generation_FINAL,3efb804e3f8a28ebbc871227ab91c832e0e686f0dcfe3e9ffea7f02d6815b1fc,50,science,llama,NousResearch/Meta-Llama-3.1-8B-Instruct,kazdiv,4,True,False,Кездейсоқ ауытқулардың қорытындыға әсеріне қарсы тәжірибені бірнеше рет қайталай аласыз.,0.7737257480621338,True,1,594,762,1356,11.337492118000227,11.346884857999612,0.0,12,12,0,12,0,6,6,5,8,6383885563382752266,0.95,1,,
Experiment_1_Kazakh_Paraphrase_Generation_FINAL,3efb8a20249db5e261c8f594c471b3d5b5ec01711b2f3f3f172138e4bb8247df,68,technology,kazllm,issai/LLama-3.1-KazLLM-1.0-8B,baseline,2,True,False,Роботизацияланған құрылғылар өндіріс процестерінде қайталанатын міндеттерді автоматтандыруға мүмкіндік береді.,0.9044483304023743,True,1,502,64,566,0.9644567300001654,0.9704430100000536,0.0,1,1,0,1,0,,,,,,,,,
Experiment_1_Kazakh_Paraphrase_Generation_FINAL,3efe7c55712bb71f9f134103f1c92d6f92fb95e4567b759e936b2ac920c3dad7,69,technology,llama,NousResearch/Meta-Llama-3.1-8B-Instruct,kazdiv,4,True,False,Компьютерлік көру алгоритмдері нысандарды кескіндерден автоматты түрде анықтау үшін қолданылады.,0.9964570999145508,True,1,589,637,1226,9.474177848000181,9.484414477999962,0.0,13,12,1,12,0,7,5,5,5,18442007388641614931,0.95,1,,
Experiment_1_Kazakh_Paraphrase_Generation_FINAL,3f01854ea44b829264ab4508ae8239979f0eff6ff7480e37ee69c4452123767e,95,news,kazllm,issai/LLama-3.1-KazLLM-1.0-8B,baseline,5,True,False,Қалалық кітапханаларда жастарға арналған тегін цифрлық дағдылар курстары ұйымдастырыла бастады.,0.9924384355545044,True,1,501,59,560,0.892383362000146,0.8982232620001014,0.0,1,1,0,1,0,,,,,,,,,
Experiment_1_Kazakh_Paraphrase_Generation_FINAL,3f30bb06fdd22670e025c91d0e091e2b1684b3d88e5e4e9581d11dc90006ee6d,17,general,kazllm,issai/LLama-3.1-KazLLM-1.0-8B,kazdiv,3,True,False,Күн тәртібін сақтау жұмыс пен демалыс арасындағы тепе-теңдікті сақтауға көмектеседі.,0.9925011396408081,True,1,624,840,1464,12.506967320000058,12.515562900000077,0.0,13,4,9,4,0,2,2,1,2,15445175198932495106,0.95,1,,
Experiment_1_Kazakh_Paraphrase_Generation_FINAL,3f331b399570367c46d9dcf7727ab80c952dac7843934c506860ac7fafa470c1,88,news,llama,NousResearch/Meta-Llama-3.1-8B-Instruct,kazdiv,5,True,False,Мектептерде матикалық білімді өсіруге арналған қосымша сабақтар кезең-кезеңімен енгізілуде.,0.8677393198013306,True,1,600,721,1321,10.737613086001147,10.747175476000848,0.0,12,12,0,12,0,2,10,1,1,3425268818247026977,0.95,1,,
Experiment_1_Kazakh_Paraphrase_Generation_FINAL,3f4ed24f82da9b566ceb90e8dde04042fafa4e47f20b18012a982dfacb600c86,39,education,kazllm,issai/LLama-3.1-KazLLM-1.0-8B,baseline,3,True,False,Оқу барысында қойылатын ашық сұрақтар студенттердің дәлелді жауап құрастыру қабілетін дамытады.,1.0,False,1,506,63,569,0.9495422660002077,0.951301415999751,0.0,1,1,0,0,1,,,,,,,,,
Experiment_1_Kazakh_Paraphrase_Generation_FINAL,3f5c0bd3ff02805eb3709d8ab6513bb6ff6d410ae68efdfacef3da6b09f66cee,26,education,kazllm,issai/LLama-3.1-KazLLM-1.0-8B,baseline,5,True,False,Студенттердің нақты мәселелерді шешу тәжірибесі олардың алған білімін практикалық жобаларда қолдануға мүмкіндік береді.,0.9285014867782593,True,1,501,75,576,1.1273641850002605,1.133347964999757,0.0,1,1,0,1,0,,,,,,,,,
Experiment_1_Kazakh_Paraphrase_Generation_FINAL,3f85119151360f636fb706db571d48291b3d93fb47ca5f63a86d0814d2a50320,76,technology,kazllm,issai/LLama-3.1-KazLLM-1.0-8B,kazdiv,2,True,False,Нейрондық желілер күрделі үлгілерді үйрену үшін бір-бірімен байланысқан көптеген есептеу қабаттарын пайдаланады.,0.996833860874176,True,1,631,869,1500,12.940404842000135,12.947734982000838,0.0,12,2,10,1,1,1,0,0,0,10179946927186817202,0.95,1,,
Experiment_1_Kazakh_Paraphrase_Generation_FINAL,3faeea838f53c3c502e8696f5f0688007c9659df6a087791b58ffb1c97e3874e,23,education,llama,NousResearch/Meta-Llama-3.1-8B-Instruct,baseline,1,True,False,"Қайта жазылған сөйлем: Оқытушының уақтылы кері байланысы студенттің өз қателерін түсініп, нәтижесін жақсартуға көмектеседі.",0.9468936324119568,True,1,487,87,574,1.3033008759994118,1.309555886000453,0.0,1,1,0,1,0,,,,,,,,,
Experiment_1_Kazakh_Paraphrase_Generation_FINAL,3fc6038995ee3f87fa6569009ee13eb7fa137fcdab13f01e6f440384a0b4c451,84,news,kazllm,issai/LLama-3.1-KazLLM-1.0-8B,kazdiv,1,True,False,Жергілікті кәсіпкерлер үшін жаңа қолдау бағдарламасының шарттары ресми кездесуде таныстырылды.,0.9966127276420593,True,1,621,722,1343,10.747526563000065,10.756276543999775,0.0,12,4,8,4,0,1,3,0,0,7762488420125581533,0.95,1,,
Experiment_1_Kazakh_Paraphrase_Generation_FINAL,401315c21e05f4b641d1031b6c6f6ca918166e54b277a36e58c196efd30783a0,51,science,llama,NousResearch/Meta-Llama-3.1-8B-Instruct,kazdiv,3,True,False,Деректерді алдын ала өңдеу кезінде қателер мен жетіспейтін мәндерді анықтау үшін құжаттардың хаттарын талдау қажет.,0.841840386390686,True,1,595,1030,1625,15.348555755999769,15.35912446599832,0.0,13,13,0,13,0,11,2,5,5,10268852129112270484,0.95,1,,
Experiment_1_Kazakh_Paraphrase_Generation_FINAL,4016aab8029a0749835e79eb41b5ad92baae9ae7a5a8368db4a38326917d0796,27,education,llama,NousResearch/Meta-Llama-3.1-8B-Instruct,baseline,3,True,False,Бағалау критерийлері алдын ала түсіндірілгенде студенттер тапсырма талаптарын жақсырақ түсінеді.,1.0,False,1,475,57,532,0.8629204610006127,0.8647220310012926,0.0,1,1,0,0,1,,,,,,,,,
Experiment_1_Kazakh_Paraphrase_Generation_FINAL,4041141b2ad8c6037aa2d6b79bef0b89bf48289431c026856b8be7f2fe1b2f41,36,education,llama,NousResearch/Meta-Llama-3.1-8B-Instruct,kazdiv,1,True,False,Оқу мақсатына жету үшін сабақтың мазмұны мен бағалау тәсілдері келісілген жағдайда талғамдап отырылады.,0.8085446953773499,True,1,609,915,1524,13.63091833100043,13.64355568100109,0.0,12,12,0,12,0,8,4,3,6,10723909888996738973,0.95,1,,
Experiment_1_Kazakh_Paraphrase_Generation_FINAL,404b76cebf57c8d6a7509745f8ee725b3afe142d9debf0c7bce5f7125183ec2d,24,education,kazllm,issai/LLama-3.1-KazLLM-1.0-8B,baseline,4,True,False,Топтық жұмыс студенттердің өзара әрекеттесу және бірлесіп шешім қабылдау дағдыларын дамытады.,0.9808768630027771,True,1,499,62,561,0.9350802960000237,0.9412936560001981,0.0,1,1,0,1,0,,,,,,,,,
Experiment_1_Kazakh_Paraphrase_Generation_FINAL,405c6a5628b97ef6c09e5ae1c0bde409d413c6ee6549eca62818870d39432dc2,45,science,llama,NousResearch/Meta-Llama-3.1-8B-Instruct,kazdiv,3,True,False,Бастапқы сұраққа нақты жауап беру үшін зерттеу нәтижелеріне сүйеніп тұру керек.,0.900438666343689,True,1,595,611,1206,9.08466292400044,9.095270403999166,0.0,13,8,5,8,0,3,5,2,4,539087671697483326,0.95,1,,
Experiment_1_Kazakh_Paraphrase_Generation_FINAL,406fa0fc068d732ed64733221dbb85b59d8e1840cd2ee702eb4d9d6b7e100393,23,education,kazllm,issai/LLama-3.1-KazLLM-1.0-8B,baseline,2,True,False,"Оқытушының уақытылы кері байланысы студентке өз қателерін түсініп, нәтижесін жақсартуға көмектеседі.",0.9930375218391418,True,1,512,70,582,1.0522628270000496,1.058543107000105,0.0,1,1,0,1,0,,,,,,,,,
Experiment_1_Kazakh_Paraphrase_Generation_FINAL,408cbe8563bb0398145678998753ac3bf79d3ad1443aaa5e256fbe1312cef295,62,technology,llama,NousResearch/Meta-Llama-3.1-8B-Instruct,baseline,2,True,False,Мақсатындағы оқыту үдерісінің сапасы оқыту деректерінің көлемі мен сапасына едәуір тәуелді.,0.8860365152359009,True,1,475,64,539,0.9661268100007874,0.9723628400006419,0.0,1,1,0,1,0,,,,,,,,,
Experiment_1_Kazakh_Paraphrase_Generation_FINAL,4093df51148c43f08d29b9fe78f2a1b571a9211f28ce34cf40b9e3da8c7020a9,45,science,llama,NousResearch/Meta-Llama-3.1-8B-Instruct,kazdiv,1,True,False,"Зерттеулердің нәтижелеріне сүйеніп, бастапқы сұраққа жауап алуы керек.",0.9153764843940735,True,1,595,717,1312,10.666375683000297,10.67629633300021,0.0,13,11,2,9,2,5,4,0,1,6601672318540379130,0.95,1,,
Experiment_1_Kazakh_Paraphrase_Generation_FINAL,40b53e93ee1218eac63eb4df84a5256c1c73a27a9d5fae9bf09c4fb16070196f,27,education,kazllm,issai/LLama-3.1-KazLLM-1.0-8B,kazdiv,5,True,False,"Егер бағалау критерийлері алдын ала түсіндірілсе, студенттер тапсырманың талаптарын жақсырақ түсінеді.",0.9752411842346191,True,1,618,741,1359,11.034297185000014,11.042869015000178,0.0,12,7,5,7,0,1,6,0,4,3645535500530515275,0.95,1,,
Experiment_1_Kazakh_Paraphrase_Generation_FINAL,40eda21ba74704a814f7dd9d56bd98e2cbf47fe6a9bd7390b68a1bc39979cb6b,80,technology,kazllm,issai/LLama-3.1-KazLLM-1.0-8B,baseline,1,True,False,"Бастапқы сөйлемнің мағынасын сақтай отырып, оны қайта жазуға болады: нақты деректер шектеулі болған жағдайда, модельді оқыту мүмкіндігін кеңейту үшін жасанды деректер пайдаланылуы мүмкін.",0.7847397327423096,True,1,499,117,616,1.7447650810008781,1.751998471000661,0.0,1,1,0,1,0,,,,,,,,,
Experiment_1_Kazakh_Paraphrase_Generation_FINAL,4105fc789dbc9677fdda731e1c7da6d69cb2b4486559c25061c61a80ed3fc032,47,science,llama,NousResearch/Meta-Llama-3.1-8B-Instruct,baseline,1,True,False,"Үлкен деректер жиынтығы күрделі құбылыстарды бірнеше көрсеткіш бойынша талдауға мүмкіндік береді. Көрсеткіштердің санына қарай деректерді талдау түрлеріне бөліп көрсету: бір көрсеткіш бойынша деректерді талдау, екі көрсеткіш бойынша деректерді талдау, үш көрсеткіш бойынша деректерді талдау, бірнеше көрсеткіш бойынша деректерді талдау.",0.8061631917953491,False,1,485,209,694,3.1035697379993508,3.111078918000203,0.0,1,1,0,0,1,,,,,,,,,
Experiment_1_Kazakh_Paraphrase_Generation_FINAL,410814a0fa0f2d37e579ea9e2da0726c9f0a659b0355fb14375fa3c26436a7f5,3,general,llama,NousResearch/Meta-Llama-3.1-8B-Instruct,kazdiv,1,True,False,Өзара сенім қоғамдағы өзара көңіл көрсету мен құрметтілік нығайтылатындығын көрсетеді.,0.8641053438186646,True,1,592,986,1578,14.690279751999697,14.700636542000211,0.0,12,9,3,9,0,8,1,1,1,5014348848288398327,0.95,1,,
Experiment_1_Kazakh_Paraphrase_Generation_FINAL,4146b887efaabae210253dc560957189c18a345b8f02b73ae357f28bf9b8f3a9,59,science,kazllm,issai/LLama-3.1-KazLLM-1.0-8B,kazdiv,3,True,False,Бақылау тобы эксперименттік әсерді басқа факторлардан ажыратуға көмектеседі,0.9501687288284302,True,1,612,564,1176,8.39146121199974,8.399904882000556,0.0,12,5,7,5,0,2,3,0,4,6562068469609434863,0.95,1,,
Experiment_1_Kazakh_Paraphrase_Generation_FINAL,414c799928b9982ba1590a67c45a274d1654278f50b493e3c62f8b618576485d,90,news,kazllm,issai/LLama-3.1-KazLLM-1.0-8B,kazdiv,3,True,False,Студенттер мен жас ғалымдар үшін тәжірибелік жобалар жүргізуге арналған жаңа зертхана бар.,0.9556736350059509,True,1,616,675,1291,10.050596310999936,10.059132461000445,0.0,12,8,4,7,1,1,6,0,6,12036831683664803627,0.95,1,,
Experiment_1_Kazakh_Paraphrase_Generation_FINAL,417e0e95803ce1f98171d9a86c207198710ba15edcfe9f02ad8297c16768350b,70,technology,llama,NousResearch/Meta-Llama-3.1-8B-Instruct,baseline,4,True,False,Қайта жазылған сөйлем: Бағдарламаның өнімділігін оңтайландыру есептеулерді тиімді құралдармен жүргізуге мүмкіндік береді.,0.8683974742889404,True,1,476,79,555,1.186713877999864,1.1930330380000669,0.0,1,1,0,1,0,,,,,,,,,
Experiment_1_Kazakh_Paraphrase_Generation_FINAL,41966157156270619471a29f4213a0ef4744bf85f86e65381f1728029c761c31,62,technology,kazllm,issai/LLama-3.1-KazLLM-1.0-8B,baseline,4,True,False,Машиналық оқыту моделінің сапасы оқыту деректерінің көлемі мен сапасына едәуір тәуелді.,1.0,False,1,500,57,557,0.8620088110001234,0.8637774410008205,0.0,1,1,0,0,1,,,,,,,,,
Experiment_1_Kazakh_Paraphrase_Generation_FINAL,41995dc87723e11662f2c99c30d0249b651717b4eac8f819787b61f922450e49,100,news,kazllm,issai/LLama-3.1-KazLLM-1.0-8B,baseline,4,True,False,Аймақта қоғамдық орындарды жаңарту жұмыстары келесі кезеңде бірнеше ауданға кеңейтілмек.,0.9522525072097778,True,1,513,64,577,0.9710528949999571,0.9770214849999093,0.0,1,1,0,1,0,,,,,,,,,
Experiment_1_Kazakh_Paraphrase_Generation_FINAL,41e801d633872c256887fbe9ba3ab3e0f6e1357b2c83524a65ec3e271319a002,29,education,kazllm,issai/LLama-3.1-KazLLM-1.0-8B,kazdiv,1,True,False,Зерттеуге негізделген оқыту студенттерге сыни ойлау дағдыларын және ақпаратты талдауға мүмкіндік береді.,0.9723242521286011,True,1,619,830,1449,12.364234835999923,12.372632535999855,0.0,12,4,8,4,0,1,3,0,2,10557142382474854371,0.95,1,,
Experiment_1_Kazakh_Paraphrase_Generation_FINAL,41eaf8850ab963e9073af79eba04eeda2826fb1b2f2619a7bac8ec971b286a2c,47,science,llama,NousResearch/Meta-Llama-3.1-8B-Instruct,baseline,3,True,False,Үлкен деректер жиынтығы күрделі құбылыстарды бірнеше көрсеткішке бөліп талдауға мүмкіндік береді.,0.9834879040718079,True,1,485,69,554,1.0398447819989087,1.046105011999316,0.0,1,1,0,1,0,,,,,,,,,
Experiment_1_Kazakh_Paraphrase_Generation_FINAL,41fd4cef460021247eb9f4915620854cf27ee85edb65b615d09346387113eee6,76,technology,llama,NousResearch/Meta-Llama-3.1-8B-Instruct,baseline,1,True,False,Талаптарды орындаған жаңа сөйлем: Нейрондық желілер құрылымдарды оқып алу үшін өзара байланысқан көптеген ақпараттық қабаттарын қолданады.,0.8094578981399536,True,1,488,94,582,1.4065131090010254,1.4131111690003308,0.0,1,1,0,1,0,,,,,,,,,
Experiment_1_Kazakh_Paraphrase_Generation_FINAL,423da0e8ab52edfefaba9443cdd9ec5f4199dbf3bb63c5b6b22e7ed544827fa1,1,general,llama,NousResearch/Meta-Llama-3.1-8B-Instruct,kazdiv,3,True,False,Дұрыс жоспарлау күнделікті өмірде уақытты тиімді пайдалануға көмектеседі.,0.9657435417175293,True,1,586,547,1133,8.128782830999626,8.138056601001153,0.0,12,12,0,12,0,4,8,2,6,16898230251697477697,0.95,1,,
Experiment_1_Kazakh_Paraphrase_Generation_FINAL,42516c72fabed7587a9b29017714b673220c7d08aeb419006e59059e07e0e3a1,35,education,kazllm,issai/LLama-3.1-KazLLM-1.0-8B,kazdiv,5,True,False,Әртүрлі салалардағы білімді бір мәселе төңірегінде біріктіруге мүмкіндік беретін пәнаралық тапсырмалар,0.9100568294525146,True,1,629,848,1477,12.634083662000194,12.642318971999885,0.0,12,3,9,3,0,2,1,1,1,8224621843179964290,0.95,1,,
Experiment_1_Kazakh_Paraphrase_Generation_FINAL,4258a85871010becbd719703a100af782e8c363b8253cf7347c4b3f08d047338,42,science,llama,NousResearch/Meta-Llama-3.1-8B-Instruct,kazdiv,5,True,False,Эксперимент нәтижелерінің сенімділігі деректерді жинау әдісінің құпиясына тікелей байланысты.,0.9306409955024719,True,1,592,746,1338,11.09937587999957,11.110946289998537,0.0,13,12,1,12,0,5,7,4,5,3625132491329532942,0.95,1,,
Experiment_1_Kazakh_Paraphrase_Generation_FINAL,4284c905769778d201e2cc7498bba0ebc326cfca80aa0108d92d75c69dbb86df,63,technology,kazllm,issai/LLama-3.1-KazLLM-1.0-8B,kazdiv,4,True,False,Қымбат жергілікті инфрақұрылымсыз күрделі бағдарламаларды іске қосу үшін бұлттық есептеу ресурстары қажет.,0.8376286625862122,True,1,635,869,1504,12.950877043999753,12.959681004000231,0.0,12,5,7,4,1,3,1,2,3,15559582546916319877,0.95,1,,
Experiment_1_Kazakh_Paraphrase_Generation_FINAL,42a0f812e18ef7df4b61071d8ae71bc56e90ec5822023227115343c8d1d8ebc9,33,education,llama,NousResearch/Meta-Llama-3.1-8B-Instruct,baseline,4,True,False,Жауап: Қысқа бақылау тапсырмалары оқу материалын жүйелі түрде қайталаудың ынтасын берді.,0.9044382572174072,True,1,473,60,533,0.9059759199990367,0.9123216999996657,0.0,1,1,0,1,0,,,,,,,,,
Experiment_1_Kazakh_Paraphrase_Generation_FINAL,42f4aa99981149347133bb5bae74e865c8987d5e120ca74cac3f851ecf7c09ab,61,technology,kazllm,issai/LLama-3.1-KazLLM-1.0-8B,kazdiv,5,True,False,Үлкен көлемдегі деректерден күрделі заңдылықтарды автоматты түрде анықтауға мүмкіндік беретін жасанды интеллект бар.,0.8981043696403503,True,1,629,814,1443,12.135775923000438,12.144628463000117,0.0,12,6,6,6,0,3,3,1,1,11434190261246964320,0.95,1,,
Experiment_1_Kazakh_Paraphrase_Generation_FINAL,42f9e822cabe4d97bfa0d04e1050a48f61b2152a9ab82c5b89c177923166bae3,27,education,llama,NousResearch/Meta-Llama-3.1-8B-Instruct,kazdiv,3,True,False,Бағалау критерийлері тапсырма талаптарын түсінумен қатар студенттердің тапсырмаға жақсырақ ыңғайлануына жағдай жасайды.,0.8576566576957703,True,1,593,1011,1604,15.067760388999886,15.079931878000934,0.0,13,9,4,9,0,5,4,4,8,7627484838782212453,0.95,1,,
Experiment_1_Kazakh_Paraphrase_Generation_FINAL,431c0e8a8b41b1471f82c83e56a7577071d4029ad32588aaf5178eafa9843f60,3,general,kazllm,issai/LLama-3.1-KazLLM-1.0-8B,kazdiv,3,True,False,Қоғамдағы өзара сенім адамдар арасындағы байланысты нығайтуға әсер етеді.,0.9973191022872925,True,1,617,714,1331,10.630904738000027,10.6392783780002,0.0,13,6,7,5,1,1,4,0,0,5053540113480680323,0.95,1,,
Experiment_1_Kazakh_Paraphrase_Generation_FINAL,433062256417e3d8225badd22c8be2b39a0d7952267d22dfc885dbe8318939c0,4,general,kazllm,issai/LLama-3.1-KazLLM-1.0-8B,baseline,5,True,False,Тұрақты әдеттер адамның ұзақ мерзімді мақсаттарына біртіндеп жетуге мүмкіндік береді.,0.9815685749053955,True,1,505,56,561,0.8465219760000764,0.8524633259999064,0.0,1,1,0,1,0,,,,,,,,,
Experiment_1_Kazakh_Paraphrase_Generation_FINAL,433aca9f236d42d90a5f8952a5117707f9ed18a35e18b15d2b973e4c69dfc3a9,52,science,kazllm,issai/LLama-3.1-KazLLM-1.0-8B,kazdiv,5,True,False,Күрделі байланыстарды түсіндіру үшін зерттеу нәтижелерін визуализациялау пайдалы,0.8565123081207275,True,2,1220,1238,2458,18.420650158999706,18.431505348999963,0.0,12,4,8,3,1,2,1,0,1,6137875285572573191,0.95,2,,
Experiment_1_Kazakh_Paraphrase_Generation_FINAL,434c4a116e590035f6eb38e867f1784e03fb81bcafa78d2ba551ec54cfa3bbe0,37,education,llama,NousResearch/Meta-Llama-3.1-8B-Instruct,baseline,5,True,False,Мысалы: Кәсіби дамуға студенттің өз бетінше білім алу дағдысы жоғары оқу орнынан кейін де негіз болады.,0.9156692028045654,True,1,477,62,539,0.9364726429994334,0.9427339029989525,0.0,1,1,0,1,0,,,,,,,,,
Experiment_1_Kazakh_Paraphrase_Generation_FINAL,4366e6f73e2983176a47268633f7549512913fc42220543e01e17b849338516f,64,technology,llama,NousResearch/Meta-Llama-3.1-8B-Instruct,baseline,1,True,False,Киберқауіпсіздік жүйелері ақпараттық ресурстарды жеткізуден қорғауға бағытталған.,0.9378515481948853,True,1,486,56,542,0.848440052001024,0.8548785919992952,0.0,1,1,0,1,0,,,,,,,,,
Experiment_1_Kazakh_Paraphrase_Generation_FINAL,437c6a411557a3d36deeb7104688edb56d7349986411ef759cd6325f8b9839ad,35,education,kazllm,issai/LLama-3.1-KazLLM-1.0-8B,kazdiv,2,True,False,Пәнаралық тапсырмалар әртүрлі салалардағы білімді бір мәселе төңірегінде біріктіреді.,0.966882586479187,True,1,629,791,1420,11.78336656600004,11.790757815999768,0.0,13,2,11,1,1,1,0,0,1,1390567517195159384,0.95,1,,
Experiment_1_Kazakh_Paraphrase_Generation_FINAL,43e55f34626d90807bc6b1a2713f6da8bf33f0f13016158b7bedfc8a2924f32e,53,science,kazllm,issai/LLama-3.1-KazLLM-1.0-8B,baseline,4,True,False,"Бұрынғы зерттеулермен салыстыру арқылы ғылыми жаңалық негізделіп, көрсетілуі тиіс.",0.9658271670341492,True,1,494,52,546,0.7890711099998953,0.794974299000387,0.0,1,1,0,1,0,,,,,,,,,
Experiment_1_Kazakh_Paraphrase_Generation_FINAL,442163a2c311cda6c23cd8517487d335dd539f964869aacd2895981f7442b54f,98,news,kazllm,issai/LLama-3.1-KazLLM-1.0-8B,kazdiv,4,True,False,Жоғары оқу орындары студенттердің өндірістік тәжірибесін арттыру үшін компаниялармен жаңа келісімдер жасады.,0.9956279993057251,True,1,628,841,1469,12.533377551999365,12.542312491999837,0.0,12,7,5,7,0,1,6,0,2,13946226340094315265,0.95,1,,
Experiment_1_Kazakh_Paraphrase_Generation_FINAL,4494ad6017b33864388c12f9376cbe834b837205dd5c921e8888519e7b91d6e4,83,news,llama,NousResearch/Meta-Llama-3.1-8B-Instruct,baseline,1,True,False,Мамандар алдағы маусымда су қорын тиімді қолдану қажеттілігіне назар аударды.,0.9425851106643677,True,1,461,42,503,0.6409842550001486,0.6476587939996534,0.0,1,1,0,1,0,,,,,,,,,
Experiment_1_Kazakh_Paraphrase_Generation_FINAL,449a916b7e960a55b11b4a29536e78be473db3c18bfb7e4e8bfadbafbe4a724b,7,general,kazllm,issai/LLama-3.1-KazLLM-1.0-8B,baseline,3,True,False,Дұрыс тамақтану мен белсенді қозғалыс күнделікті өмір сапасына оң әсер етеді.,1.0,False,1,496,53,549,0.8029893759994593,0.8047022459995787,0.0,1,1,0,0,1,,,,,,,,,
Experiment_1_Kazakh_Paraphrase_Generation_FINAL,44d74e67db2510fb15564fffe82bb04269c0888aa42d8eb2c89fc9f348f7b33e,29,education,llama,NousResearch/Meta-Llama-3.1-8B-Instruct,kazdiv,5,True,False,Зерттеуге негізделген оқыту студенттерді сыныптағы сыни ойлау және ақпаратты талдау дағдыларын дамытуға қолдайды.,0.9413744211196899,True,1,594,715,1309,10.64252183499957,10.651519815000938,0.0,12,7,5,6,1,5,1,0,6,10033377188093138336,0.95,1,,
Experiment_1_Kazakh_Paraphrase_Generation_FINAL,450bb9721e293b91fffecb16c072efe126c4b3f4f55741b7519448d7fb9ce2bf,9,general,kazllm,issai/LLama-3.1-KazLLM-1.0-8B,kazdiv,2,True,False,"Жаңа ортаға бейімделу үшін адамға уақыт, тәжірибе және ашық қарым-қатынас қажет емес.",0.864942729473114,True,2,1244,1553,2797,23.138895147000767,23.15852942699985,0.0,12,12,0,11,1,4,7,1,4,15627826215075010456,0.95,2,,
Experiment_1_Kazakh_Paraphrase_Generation_FINAL,450c389f7df52c9225487c49ff177cd4d213d47000625d44c0ee155e9885137d,12,general,llama,NousResearch/Meta-Llama-3.1-8B-Instruct,kazdiv,1,True,False,"Табиғат аясында демалғанда адамның көңіл күйін жақсартып, күнделікті күйзелісті төмендету мүмкін.",0.990237295627594,True,1,602,827,1429,12.312368096001592,12.321941865999179,0.0,12,11,1,11,0,2,9,0,3,6254020077593372248,0.95,1,,
Experiment_1_Kazakh_Paraphrase_Generation_FINAL,456f8553917c7f65293f54a8f04723ef447f3626f02066dafe84f4a12c43327c,3,general,kazllm,issai/LLama-3.1-KazLLM-1.0-8B,kazdiv,1,True,False,Адамдар арасындағы байланысты нығайтуға қоғамдағы өзара сенім ықпал етеді.,0.9853737354278564,True,1,617,639,1256,9.513495194999905,9.521503344999928,0.0,12,2,10,2,0,1,1,0,0,5064970705659875592,0.95,1,,
Experiment_1_Kazakh_Paraphrase_Generation_FINAL,458e7a809c866cacbfa1ddf47ce63131868f7716e80589deb37c275ffeb12bde,17,general,kazllm,issai/LLama-3.1-KazLLM-1.0-8B,kazdiv,2,True,False,Жұмыс пен демалыс арасындағы тепе-теңдікті сақтау үшін күн тәртібін сақтау маңызды.,0.9183462858200073,True,1,624,738,1362,10.988180386000067,10.994689047000065,0.0,12,2,10,2,0,1,1,0,0,11831834145115592434,0.95,1,,
Experiment_1_Kazakh_Paraphrase_Generation_FINAL,45b380a5b5f7edb529aae6e38da268357a1ef9da3f22aa8300751619d9e409b7,80,technology,llama,NousResearch/Meta-Llama-3.1-8B-Instruct,kazdiv,3,True,False,"Мүмкіндігін кеңейтілген жағдайда модельді оқытуға жасанды деректерді қолдана отырып, модель өзгерістің шектеулі болған жағдайда әқібеттерді үйренеді.",0.8041821122169495,True,1,592,771,1363,11.483930757000053,11.495985036999627,0.0,12,11,1,5,6,3,2,1,2,6538180966814314127,0.95,1,,
Experiment_1_Kazakh_Paraphrase_Generation_FINAL,45b962814b64f50b800b51a62e99b5cd3477e1e4b680ced86d8ba7342fefe1f7,88,news,kazllm,issai/LLama-3.1-KazLLM-1.0-8B,baseline,3,True,False,Мектептерде цифрлық сауаттылықты арттыруға арналған қосымша сабақтар кезең-кезеңімен енгізілуде.,1.0,False,1,507,64,571,0.9645895990006466,0.9663123789996462,0.0,1,1,0,0,1,,,,,,,,,
Experiment_1_Kazakh_Paraphrase_Generation_FINAL,4652ef46d6c83f7990984dac143a37f76913ea95ddc16724ed237d9aa38a919d,91,news,llama,NousResearch/Meta-Llama-3.1-8B-Instruct,baseline,3,True,False,Талаптарды орындаған сөйлем: Өңірлік форумда білім беру мен өндірісте жасанды интеллекті қолдану мәселелері талқыланды.,0.8998696804046631,True,1,472,71,543,1.0695024619999458,1.0761527919985383,0.0,1,1,0,1,0,,,,,,,,,
Experiment_1_Kazakh_Paraphrase_Generation_FINAL,4655bcf1a86bfad55ff440a78fa0497d2807be86c3c3381ee92346ad38930a32,84,news,kazllm,issai/LLama-3.1-KazLLM-1.0-8B,baseline,5,True,False,Жаңа қолдау бағдарламасының шарттары жергілікті кәсіпкерлерге арналған ресми кездесуде таныстырылды.,0.9860328435897827,True,1,503,60,563,0.9069083490003322,0.9132441589999871,0.0,1,1,0,1,0,,,,,,,,,
Experiment_1_Kazakh_Paraphrase_Generation_FINAL,467c3fa15c19f9794e434f95e284ebec505bb72785464ec42053de7cb18020e4,30,education,llama,NousResearch/Meta-Llama-3.1-8B-Instruct,kazdiv,1,True,False,Дәстүрлі оқыту әдістерінің қорытынды нәтижелерін қамтамасыз ететін цифрлық құралдарды орынды қолдану мүмкіндігін көрсетеді.,0.8388290405273438,True,1,600,1041,1641,15.514387784000064,15.52737209299994,0.0,13,10,3,9,1,5,4,1,1,14290066247568628761,0.95,1,,
Experiment_1_Kazakh_Paraphrase_Generation_FINAL,4689f2951c625d2b2045e6be64658210ed841032a4ed06da96c5a1d87c8ee2df,34,education,llama,NousResearch/Meta-Llama-3.1-8B-Instruct,kazdiv,1,True,False,Күрделі мәселелерді түсіндіруде студенттер мысалдарды қолдануы үшін күшейді.,0.7977578043937683,True,1,602,663,1265,9.867364734000148,9.8793930740012,0.0,12,12,0,11,1,8,3,6,9,2894636921932935714,0.95,1,,
Experiment_1_Kazakh_Paraphrase_Generation_FINAL,46910607c3c580c5426f0c5dbda76922e7f5564061865dde04be80af8f2f1356,64,technology,kazllm,issai/LLama-3.1-KazLLM-1.0-8B,baseline,3,True,False,Қауіпсіздік жүйелері ақпараттық ресурстарды рұқсатсыз қол жеткізуден қорғауға арналған.,0.9422880411148071,True,1,511,63,574,0.9506436100000428,0.9563980800003264,0.0,1,1,0,1,0,,,,,,,,,
Experiment_1_Kazakh_Paraphrase_Generation_FINAL,46976656041433cd843c8570c2225491833a1d171e77145adc7a7a1683593a8e,99,news,kazllm,issai/LLama-3.1-KazLLM-1.0-8B,kazdiv,4,True,False,Технологиялық көрмеде отандық әзірлеушілер білім беру мен медицина салаларына арналған цифрлық шешімдерді көрсетті.,0.9737014174461365,True,1,629,788,1417,11.746287008999388,11.75561291899976,0.0,12,8,4,8,0,2,6,0,4,18279858077585431326,0.95,1,,
Experiment_1_Kazakh_Paraphrase_Generation_FINAL,469d2d090d11c9fe60499ea92f46a8edcf18dff2b898cbe2bd498e247a1d253e,2,general,kazllm,issai/LLama-3.1-KazLLM-1.0-8B,baseline,1,True,False,Адамдар маңызды шешім қабылдағанда қолда бар ақпаратты мұқият салыстыруы керек.,1.0,False,1,492,49,541,0.7437595300000339,0.7495220789999166,0.0,1,1,0,0,1,,,,,,,,,
Experiment_1_Kazakh_Paraphrase_Generation_FINAL,46f47c1f63a00b6129ad0f615a8da3dc4308770448ab228435d8bc8d5838254a,73,technology,llama,NousResearch/Meta-Llama-3.1-8B-Instruct,baseline,3,True,False,"Сөйлемді өзгертіңіз: Мәтінді талдау, құрастыру және ақпаратты өңдеу міндеттерінде кеңінен қолданылатын тілдік модельдер.",0.8463730812072754,True,1,485,79,564,1.1870343280006637,1.1934233279989712,0.0,1,1,0,1,0,,,,,,,,,
Experiment_1_Kazakh_Paraphrase_Generation_FINAL,47087673dda2622931f0dad636b63d29eee434cdc69f1ccbe4b0a151409a4907,94,news,llama,NousResearch/Meta-Llama-3.1-8B-Instruct,kazdiv,1,True,False,Ғылыми конференцияда зерттеушілер деректерді қорғау және жасанды интеллекттің ойға саясын талқылады.,0.8709705471992493,True,2,1178,2049,3227,30.531249390000085,30.54875865000031,0.0,13,6,7,6,0,2,4,0,0,4660586854142670317,0.95,2,,
Experiment_1_Kazakh_Paraphrase_Generation_FINAL,472d2ce9f822afc3cbc1646c04069c6f6d3b95e8737c05c182a4f8e6ea7cdbec,9,general,llama,NousResearch/Meta-Llama-3.1-8B-Instruct,baseline,2,True,False,"Сөйлемді жаңа ақпаратсыз, кейбір жай сөздерді ауыстыру арқылы қайта жазу: Адамға жаңа ортаға бейімделу үшін оның қажет екенін тәжірибе ашық қарым-қатынастағы уақыт көрсетеді.",0.7967873811721802,True,1,479,123,602,1.8351640159999079,1.8421604359991761,0.0,1,1,0,1,0,,,,,,,,,
Experiment_1_Kazakh_Paraphrase_Generation_FINAL,4734c55cb44b475d1ba6a4a980a0e4ca660b1bf6073c2d054b269938aeb90b48,82,news,llama,NousResearch/Meta-Llama-3.1-8B-Instruct,kazdiv,5,True,False,Білім беру орталығының ашылуына байланысты оқушыларға жаңа технологиялық курстарды ұсыну жұмыстары басталды.,0.9161233901977539,True,1,597,964,1561,14.36062478399981,14.375139363999551,0.0,12,12,0,12,0,9,3,1,1,7219906812667979607,0.95,1,,
Experiment_1_Kazakh_Paraphrase_Generation_FINAL,47524bd576e501968a017bcc83162ae239d054cc19c0bed8ecaa726eb75a5e70,93,news,llama,NousResearch/Meta-Llama-3.1-8B-Instruct,baseline,2,True,False,Қалалық және ауылдық округтерде ауа сапасын бақылауға арналған қосымша өлшеу бекеттерін орнатуды жоспарлап отыр.,0.9165897369384766,True,1,481,72,553,1.0836511319994315,1.0903251720010303,0.0,1,1,0,1,0,,,,,,,,,
Experiment_1_Kazakh_Paraphrase_Generation_FINAL,4752953924488e30cfa2a6f6e517baed78b5d0b3437be1e6ccffb7b5b8b717d3,19,general,kazllm,issai/LLama-3.1-KazLLM-1.0-8B,kazdiv,2,True,False,Қоғамның тарихи жадын сақтау қоғамның тарихи жадын келесі ұрпаққа жеткізеді.,0.8779243230819702,True,2,1248,1978,3226,29.47510093300002,29.491155901999946,0.0,13,3,10,3,0,2,1,0,2,15252680104722923752,0.95,2,,
Experiment_1_Kazakh_Paraphrase_Generation_FINAL,4781a60eca8ce86ad2ef95d59c1e943b575dabd966580a859ec2a435d37ceabe,60,science,kazllm,issai/LLama-3.1-KazLLM-1.0-8B,kazdiv,1,True,False,Зерттеу нәтижелерінің практикалық пайдасын бағалау тек статистикалық мәнділікті түсіндіруге көп жұмсалмауы керек.,0.9227226972579956,True,1,628,753,1381,11.21644335200017,11.225376882000091,0.0,12,7,5,7,0,3,4,0,0,12974390541921717722,0.95,1,,
Experiment_1_Kazakh_Paraphrase_Generation_FINAL,478aed603cccf7b4a9edcacdeefca6c9fdce55c2597c7ddea7a8f9fda3a50e59,45,science,llama,NousResearch/Meta-Llama-3.1-8B-Instruct,baseline,4,True,False,"Ғылыми қорытынды зерттеу нәтижелеріне сүйеніп, бастапқы сұраққа ғылыми тұрғыдан нақты жауап беруі керек.",0.9883583784103394,True,1,477,71,548,1.0686317820000113,1.0749536020011874,0.0,1,1,0,1,0,,,,,,,,,
Experiment_1_Kazakh_Paraphrase_Generation_FINAL,47a9775b966bc7fd0d7c7b5dc9ba3acedc657ede885e44686e55cde2e77bfcbd,81,news,kazllm,issai/LLama-3.1-KazLLM-1.0-8B,kazdiv,5,True,False,Қала әкімдігі қоғамдық көлік бағыттарын тұрғындардың ұсыныстары негізінде қайта қарауға ниетті,0.9054073691368103,True,1,635,816,1451,12.155808875999355,12.164523645999907,0.0,12,6,6,6,0,1,5,0,3,16354294380025119130,0.95,1,,
Experiment_1_Kazakh_Paraphrase_Generation_FINAL,47ec851163e08a4e99ed89116378d229d2c37ed00fd29c9ca92d7761701e6e52,11,general,kazllm,issai/LLama-3.1-KazLLM-1.0-8B,kazdiv,1,True,False,Жоспарлау қаржыны бұрыннан бастап жұмсауға қажет болмайтын шығындарды азайтуға көмектеседі.,0.8892576694488525,True,1,608,610,1218,9.071669173999908,9.080237663999924,0.0,12,5,7,4,1,3,1,0,0,18297929319109147635,0.95,1,,
Experiment_1_Kazakh_Paraphrase_Generation_FINAL,4803ec3350a8163f7c0e8fec0744e1f0c33fff3b4307103b204f6f03ccb9b832,55,science,llama,NousResearch/Meta-Llama-3.1-8B-Instruct,kazdiv,4,True,False,Зерттеушілер әдісті таңдағанда оның құралы болып табылатын көмекшілігінен бөлек оның шектеулерін де білуге тиіс.,0.9247971773147583,True,1,591,914,1505,13.6112143499995,13.623983329000112,0.0,13,12,1,12,0,6,6,2,5,2416410686715779819,0.95,1,,
Experiment_1_Kazakh_Paraphrase_Generation_FINAL,4831446611e61e10ca8ada8ef627d1620de04adbdae8c01ebbf6b6a843f00c65,14,general,kazllm,issai/LLama-3.1-KazLLM-1.0-8B,kazdiv,5,True,False,Мәселені жан-жақты түсіну үшін әртүрлі көзқарастарды тыңдау қажет.,0.900464653968811,True,1,616,686,1302,10.206817163000096,10.21498034299998,0.0,13,7,6,7,0,2,5,1,1,5402938458826884320,0.95,1,,
Experiment_1_Kazakh_Paraphrase_Generation_FINAL,48497ea9aa08f20b3621a465c2aa9aea4ef8d6b72e1589477a1ed6a3fd3ac358,7,general,kazllm,issai/LLama-3.1-KazLLM-1.0-8B,baseline,1,True,False,Дұрыс тамақтану мен белсенді қимыл-қозғалыс күнделікті өмір сапасына оң әсер етеді.,0.9788786172866821,True,1,496,58,554,0.876535925999633,0.8833159659998273,0.0,1,1,0,1,0,,,,,,,,,
Experiment_1_Kazakh_Paraphrase_Generation_FINAL,4859ba8dfddf572bb7531473521e7b8200d3b2169f17da3dad7880b6a2d79d62,90,news,llama,NousResearch/Meta-Llama-3.1-8B-Instruct,kazdiv,4,True,False,Жаңа зертхана студенттер мен жас ғалымдарға тәжірибелік жобалар жүргізуге қолайлы жағдайларды ұсынады.,0.9709963798522949,True,1,591,746,1337,11.107780213000296,11.119653112999003,0.0,12,12,0,12,0,3,9,0,7,957663629848604886,0.95,1,,
Experiment_1_Kazakh_Paraphrase_Generation_FINAL,48a78677dc4b50aed376b47fd61a56718a2f2a757a385bc6981e9db878830eb7,60,science,kazllm,issai/LLama-3.1-KazLLM-1.0-8B,baseline,1,True,False,Зерттеу нәтижелерінің практикалық маңызын бағалау статистикалық мәнділікті түсіндірумен ғана шектелмеуі тиіс.,1.0,False,1,510,67,577,1.0094307300005312,1.016133869999976,0.0,1,1,0,0,1,,,,,,,,,
Experiment_1_Kazakh_Paraphrase_Generation_FINAL,48dcf1f54dc88856c494fe3fa7272144a182f907515fd1ddcf122f3ef31485f4,32,education,kazllm,issai/LLama-3.1-KazLLM-1.0-8B,kazdiv,1,True,False,Студенттердің өз жұмысын қорғауы олардың тақырыпты түсінгенін анықтауға көмектеседі.,0.9682494401931763,True,1,633,789,1422,11.749261997000303,11.757461907000106,0.0,12,2,10,2,0,2,0,1,1,12577633573172522561,0.95,1,,
Experiment_1_Kazakh_Paraphrase_Generation_FINAL,48df66e3f06a0b5add680f287711f93aa7791b30c9e72fbd2efd89e3a40deeef,54,science,kazllm,issai/LLama-3.1-KazLLM-1.0-8B,kazdiv,2,True,False,Ашық деректер ғылыми нәтижелерді тексеру және қайта пайдалану үшін қажет.,0.9231009483337402,True,1,616,580,1196,8.629007550000097,8.63730908999969,0.0,12,4,8,3,1,2,1,0,3,14927273528830328419,0.95,1,,
Experiment_1_Kazakh_Paraphrase_Generation_FINAL,48f049c5af5ecdeb023bfb059cd44550cf822b59fec71d763620e850b48d0fa0,28,education,kazllm,issai/LLama-3.1-KazLLM-1.0-8B,kazdiv,4,True,False,Жеке оқу траекториясы студенттің қабілеттері мен оқу жылдамдығын ескеруге мүмкіндік береді.,0.9789645671844482,True,1,614,735,1349,10.94230224499961,10.951294465000046,0.0,13,9,4,9,0,3,6,0,0,14653819453257840647,0.95,1,,
Experiment_1_Kazakh_Paraphrase_Generation_FINAL,4902b639b3d2ddb0646f1137e99a8d56ccf8e48ce930c1f36828e314aad870e2,13,general,llama,NousResearch/Meta-Llama-3.1-8B-Instruct,baseline,1,True,False,Қайта жазылған сөйлем: Уақытында берілген кері байланыс жұмыстың сапасын жақсартады.,0.8987312316894531,True,1,469,55,524,0.8333395030003885,0.8396646029996191,0.0,1,1,0,1,0,,,,,,,,,
Experiment_1_Kazakh_Paraphrase_Generation_FINAL,494656dc01f87f8bd183a0c2a8f628efb5525ab99eba5c4ea200279d5d478959,66,technology,llama,NousResearch/Meta-Llama-3.1-8B-Instruct,baseline,3,True,False,Бастапқы сөйлемді жаңа тілдік формада қайта жазу: Мобильді қосымшаның талғамдылықты интерфейсі пайдаланушының сервисті меңгеру уақытын азайтады.,0.7893194556236267,True,1,478,90,568,1.348750357001336,1.3550749969999742,0.0,1,1,0,1,0,,,,,,,,,
Experiment_1_Kazakh_Paraphrase_Generation_FINAL,49544fe32dacd01cd40c711d98ad8f514d730023f917e8a743def86c63b86aa3,91,news,llama,NousResearch/Meta-Llama-3.1-8B-Instruct,baseline,1,True,False,Сөйлемді жаңа сөздермен қайта жазу: Өңірлік форумда білім беру мен өндірісте жасанды интеллектті қолдану мәселелері талқыланды.,0.8993338346481323,True,1,472,78,550,1.1725233799988928,1.181254130000525,0.0,1,1,0,1,0,,,,,,,,,
Experiment_1_Kazakh_Paraphrase_Generation_FINAL,4962f4ba33cfc872bd0e250cf5a5e85a0b64ae59f83270fd05efc496685d0a94,92,news,kazllm,issai/LLama-3.1-KazLLM-1.0-8B,kazdiv,4,True,False,Қалалық инфрақұрылымды дамытуға қатысты бірнеше ұсынысты қоғамдық кеңес мүшелері қарастырды.,0.9826866388320923,True,1,626,806,1432,12.013009678000344,12.016050367999924,0.0,12,1,11,1,0,1,0,0,0,14060620133598873687,0.95,1,,
Experiment_1_Kazakh_Paraphrase_Generation_FINAL,498237cc6a56456aaa43d7959d370d46ebcd44ab2c78647f20deb520ea8a2b14,65,technology,kazllm,issai/LLama-3.1-KazLLM-1.0-8B,kazdiv,4,True,False,Жүйелі бағдарламалық жасақтаманы тестілеу өнімдегі қателерді ерте анықтауға көмектеседі.,0.9585092067718506,True,1,623,724,1347,10.78808622699944,10.797103466999943,0.0,12,6,6,5,1,2,3,1,5,13894059306350860856,0.95,1,,
Experiment_1_Kazakh_Paraphrase_Generation_FINAL,498c265b0c45953f5dd51ba4db4d3fa936db5a1f6f97c30ad6f656c570ab8229,57,science,llama,NousResearch/Meta-Llama-3.1-8B-Instruct,kazdiv,1,True,False,Ғылыми мақаланың дәлелдемелеріне керек құралдар – дереккөздер.,0.8287948369979858,True,1,596,785,1381,11.686026975001369,11.697536945001048,0.0,12,11,1,11,0,6,5,2,3,5417791891145093299,0.95,1,,
Experiment_1_Kazakh_Paraphrase_Generation_FINAL,49a5647c508f437800f494ed029e71dfd18950d27f9c0a4f8b2e9b2e51814a5f,54,science,kazllm,issai/LLama-3.1-KazLLM-1.0-8B,baseline,2,True,False,Ашық деректер ғылыми нәтижелерді тексеру және қайта пайдалану мүмкіндігін береді.,0.9840220808982849,True,1,498,48,546,0.7295505629999752,0.7312366229998588,0.0,1,1,0,1,0,,,,,,,,,
Experiment_1_Kazakh_Paraphrase_Generation_FINAL,49c1084d833766818f6678a1c085c4d3cc18bd80f7cc93b957fce6131b7060b5,13,general,kazllm,issai/LLama-3.1-KazLLM-1.0-8B,baseline,2,True,False,Жұмыстың сапасын жақсарту үшін уақытында кері байланыс беру өте маңызды.,0.8684284090995789,True,1,494,51,545,0.7742444680000062,0.7801927280002019,0.0,1,1,0,1,0,,,,,,,,,
Experiment_1_Kazakh_Paraphrase_Generation_FINAL,4a0140cfa44a913f92e208f8bf648379e7dfc889a6d313f2629205f4fc97b3b6,44,science,kazllm,issai/LLama-3.1-KazLLM-1.0-8B,baseline,4,True,False,Статистикалық талдау деректердегі үлгілерді анықтауға және гипотезаларды бағалауға мүмкіндік береді.,0.9414659738540649,True,1,508,63,571,0.9491608749999614,0.950908475000233,0.0,1,1,0,1,0,,,,,,,,,
Experiment_1_Kazakh_Paraphrase_Generation_FINAL,4a0d0d2d113c99116bff34622d8a248e0b9728536f7e9f4c10c432711199fa30,57,science,kazllm,issai/LLama-3.1-KazLLM-1.0-8B,kazdiv,5,True,False,Зерттеу тұжырымдары ғылыми мақалада қолданылған дереккөздер арқылы жеткілікті деңгейде негізделуі керек.,0.9632428884506226,True,1,621,774,1395,11.519566470000427,11.527767528999902,0.0,12,4,8,4,0,2,2,1,1,2104034351933414374,0.95,1,,
Experiment_1_Kazakh_Paraphrase_Generation_FINAL,4a18b0a588edaad7569ed6077db2d87fa235c622a69f59c27dba91730ea214d6,13,general,llama,NousResearch/Meta-Llama-3.1-8B-Instruct,kazdiv,1,True,False,Кері байланыс жұмысын уақытында беру жұмыстың сапасын жақсартады.,0.9149526357650757,True,1,587,804,1391,11.973164988999997,11.985380248999718,0.0,13,11,2,10,1,5,5,2,2,17642282456500054754,0.95,1,,
Experiment_1_Kazakh_Paraphrase_Generation_FINAL,4a46a40871d0fcb6648f3e26ebe3231dbee46952ab5bf68ae14b63cef3555ed5,62,technology,llama,NousResearch/Meta-Llama-3.1-8B-Instruct,baseline,4,True,False,"Мағынасын сақтай отырып, басқа сөздермен қайта жазылған сөйлем: Мақсаттың сапасы оқу материалдарының көлемі мен сапасына байланысты.",0.6544753909111023,False,1,475,88,563,1.3192165179989388,1.3255300280015945,0.0,1,1,0,0,1,,,,,,,,,
Experiment_1_Kazakh_Paraphrase_Generation_FINAL,4a734a267c74f99cd428127619006bebedacb48d0d2fd980b2498a48c06ad80a,49,science,llama,NousResearch/Meta-Llama-3.1-8B-Instruct,kazdiv,1,True,False,Ғылыми модель нақты құбылыстың маңызды ерекшеліктерін ықшам түрде сипаттауға арналған.,0.9925473928451538,True,1,594,717,1311,10.665468813000189,10.675965682999959,0.0,12,12,0,12,0,1,11,0,1,10229971892820362783,0.95,1,,
Experiment_1_Kazakh_Paraphrase_Generation_FINAL,4a7f5e06b5da3c59d616c1b17c93cc659b4fbdade8cf35ceb5d3f1f543506e94,74,technology,kazllm,issai/LLama-3.1-KazLLM-1.0-8B,kazdiv,3,True,False,Бағдарламалық интерфейстер әртүрлі ақпараттық жүйелер арасында деректерді автоматты түрде алмастыруды ұйымдастыруға көмектеседі.,0.9835107326507568,True,1,633,1028,1661,15.318413939000493,15.328267689000313,0.0,12,8,4,8,0,5,3,0,0,10413960377735302974,0.95,1,,
Experiment_1_Kazakh_Paraphrase_Generation_FINAL,4adba8afcf6394cf6e9655ec3358eb0b787a7fa414bd7cbc5343df7d95f7ebdb,28,education,kazllm,issai/LLama-3.1-KazLLM-1.0-8B,baseline,3,True,False,Оқушының қабілеті мен білім алу қарқынын ескеретін жеке оқу жолын таңдауға болады.,0.8940404653549194,True,1,496,57,553,0.8624491440000384,0.8681659940002646,0.0,1,1,0,1,0,,,,,,,,,
Experiment_1_Kazakh_Paraphrase_Generation_FINAL,4b17fa3caf47efa30bc55893d3ea1fd7f3f54aad1e3b1aeb1275464ea5ce844e,76,technology,llama,NousResearch/Meta-Llama-3.1-8B-Instruct,kazdiv,5,True,False,Нейрондық желілер күрделі үлгілерді оқығанда өзара байланысқан есептеу қабаттарын қолданып үйренеді.,0.9001257419586182,True,2,1212,2069,3281,30.8339590100004,30.848502259999805,0.0,12,12,0,12,0,3,9,2,6,15115731171904997700,0.95,2,,
Experiment_1_Kazakh_Paraphrase_Generation_FINAL,4b41d3155f6b7473d3ec2bfb55ae9d99f93b71d03336aa39c64630562e1869ae,74,technology,kazllm,issai/LLama-3.1-KazLLM-1.0-8B,baseline,1,True,False,Бағдарламалық интерфейстер әртүрлі ақпараттық жүйелер арасында автоматты дерек алмасуды ұйымдастыруға көмектеседі.,1.0,False,1,515,72,587,1.088986775000194,1.0953810649998559,0.0,1,1,0,0,1,,,,,,,,,
Experiment_1_Kazakh_Paraphrase_Generation_FINAL,4b44594013a79fc0b575d0fe6942488ea8bcb617f32c6ad3d15652edcebca204,32,education,kazllm,issai/LLama-3.1-KazLLM-1.0-8B,kazdiv,5,True,False,Студенттердің тақырып бойынша өз жұмысын қорғауы олардың оны қаншалықты түсінгенін анықтауға көмектеседі.,0.9910268187522888,True,2,1266,2295,3561,34.22446122800011,34.235592387999986,0.0,13,4,9,4,0,2,2,0,0,5894710233190225426,0.95,2,,
Experiment_1_Kazakh_Paraphrase_Generation_FINAL,4b49864550dd0ad9560cd4317af8e691bc0ed984493933a3b9a9cb9ad9dc7e5e,17,general,llama,NousResearch/Meta-Llama-3.1-8B-Instruct,kazdiv,1,True,False,Күн тәртібін сақтау жұмыс пен демалыс арасындағы арақатынастардың динамикалық стабильділігіне ықпал етеді.,0.8792643547058105,True,1,599,754,1353,11.223145384999953,11.232629135000025,0.0,12,12,0,12,0,9,3,6,6,3843867036187063244,0.95,1,,
Experiment_1_Kazakh_Paraphrase_Generation_FINAL,4b4f4b0330570178fd013edf484f8bbc3e98698c37bea01da40cfbaf4658deb5,70,technology,kazllm,issai/LLama-3.1-KazLLM-1.0-8B,baseline,4,True,False,Бағдарламаның тиімділігін арттыру есептеу ресурстарын барынша пайдалануға мүмкіндік береді.,0.8790591955184937,True,1,501,53,554,0.8037060749993543,0.8096907859999192,0.0,1,1,0,1,0,,,,,,,,,
Experiment_1_Kazakh_Paraphrase_Generation_FINAL,4b5db6cc8cad22db1f1293f219474cfb40511c5a4483917e401f237551c95e72,69,technology,kazllm,issai/LLama-3.1-KazLLM-1.0-8B,kazdiv,1,True,False,Кескіндердегі нысандарды автоматты түрде анықтау үшін компьютерлік көру алгоритмдері қолданылады.,0.8936851024627686,True,1,614,593,1207,8.828310232999684,8.83992611299982,0.0,12,4,8,4,0,2,2,1,2,11629500297507689016,0.95,1,,
Experiment_1_Kazakh_Paraphrase_Generation_FINAL,4b72f674b012ac48084411e301145c2eca0f84a7c0ea11f37a80d1ed917d13f5,52,science,kazllm,issai/LLama-3.1-KazLLM-1.0-8B,baseline,4,True,False,Зерттеу нәтижелерін көрнекі түрде көрсету күрделі байланыстарды түсіндіруді жеңілдетеді.,0.9357357621192932,True,1,492,60,552,0.9061400889995639,0.9120445190001192,0.0,1,1,0,1,0,,,,,,,,,
Experiment_1_Kazakh_Paraphrase_Generation_FINAL,4badc64034624deb22e8b58ec6f47c4389a5883e5c3e9d6ecedd18f2a6f0bd8a,88,news,kazllm,issai/LLama-3.1-KazLLM-1.0-8B,kazdiv,2,True,False,Мектептерде цифрлық сауаттылықты арттыру үшін қосымша сабақтар өткізілуде.,0.9332461357116699,True,1,625,618,1243,9.20111070099938,9.209558391000428,0.0,12,4,8,4,0,1,3,0,3,10453614008460715390,0.95,1,,
Experiment_1_Kazakh_Paraphrase_Generation_FINAL,4bb256fdcd8431d5612452b7672e5dd697b107dfa126bea7883ee708a04384c6,43,science,llama,NousResearch/Meta-Llama-3.1-8B-Instruct,kazdiv,3,True,False,"Зерттеу әдістерін толық түсініп, басқа ғалымдар қайта бақылауға құқылы.",0.8728196620941162,True,1,595,817,1412,12.162952422000672,12.174833351999041,0.0,13,13,0,13,0,5,8,1,1,8127778759916709431,0.95,1,,
Experiment_1_Kazakh_Paraphrase_Generation_FINAL,4bbc9cb2c8bca29c38206712933a0d77a0b32929efc48de01aa89eb88dc3fd71,73,technology,llama,NousResearch/Meta-Llama-3.1-8B-Instruct,baseline,2,True,False,"Тілдік модельдің үлкен мәліметтерін талдау, жинақтау және ақпаратты өңдеу міндеттерінде кеңінен қолданылады.",0.917357325553894,True,1,485,69,554,1.039645479999308,1.045947710001201,0.0,1,1,0,1,0,,,,,,,,,
Experiment_1_Kazakh_Paraphrase_Generation_FINAL,4bf342036dc2d9dd368f7febc42c0f3ded94cbf7e3d83a265fd21bd2d695dc1a,53,science,llama,NousResearch/Meta-Llama-3.1-8B-Instruct,baseline,2,True,False,Ғылыми жаңалық бұрынғы зерттеулермен салыстырғанда көрсетілуге тиіс.,0.9495276212692261,True,1,469,46,515,0.7001562339992233,0.70650862399998,0.0,1,1,0,1,0,,,,,,,,,
Experiment_1_Kazakh_Paraphrase_Generation_FINAL,4c13bdf9a65191cf7e1ba49b3c294e11135f902c60e6871b702185211cd5b996,26,education,llama,NousResearch/Meta-Llama-3.1-8B-Instruct,baseline,5,True,False,Қайта жазылған сөйлем: Практикалық жобалар студенттерге алған білімін әлемдік мәселелерді шешуде қолдануға жағдай жасайды.,0.8833130598068237,True,1,476,76,552,1.1423144879991014,1.1484715179994964,0.0,1,1,0,1,0,,,,,,,,,
Experiment_1_Kazakh_Paraphrase_Generation_FINAL,4c187e6392b9fbd50b4d6ebdad9b89bcbf5b0808173997f460917d2698ca752a,54,science,kazllm,issai/LLama-3.1-KazLLM-1.0-8B,baseline,1,True,False,Ғылыми нәтижелерді тексеру және қайта пайдалану үшін ашық деректер қажет.,0.8848759531974792,True,1,498,45,543,0.6854030920003424,0.6924807220002549,0.0,1,1,0,1,0,,,,,,,,,
Experiment_1_Kazakh_Paraphrase_Generation_FINAL,4c41c6c04d1248790060f99e1032bf1be29f2b7b1320335e99b4f9c34985092c,54,science,kazllm,issai/LLama-3.1-KazLLM-1.0-8B,kazdiv,4,True,False,Ғылыми нәтижелерді тексеру және қайта пайдалану үшін ашық деректер қажет.,0.8848759531974792,True,1,616,670,1286,9.972073894999994,9.980593754999973,0.0,12,8,4,8,0,2,6,1,1,1079446704325654437,0.95,1,,
Experiment_1_Kazakh_Paraphrase_Generation_FINAL,4c764da762aa45c981995dc298198d0feb1eab9fd6bc4c63e4d8168387695912,2,general,kazllm,issai/LLama-3.1-KazLLM-1.0-8B,baseline,4,True,False,Адамдар маңызды шешім қабылдағанда қолда бар ақпаратты мұқият салыстыруы керек.,1.0,False,1,492,49,541,0.7442457300001024,0.7459641500001908,0.0,1,1,0,0,1,,,,,,,,,
Experiment_1_Kazakh_Paraphrase_Generation_FINAL,4ca2b6ba03d4fa6c7cbf122fc9f85aa02b8407774e21a8318fd1d165667bb0ff,47,science,kazllm,issai/LLama-3.1-KazLLM-1.0-8B,kazdiv,4,True,False,Күрделі құбылыстарды бірнеше көрсеткіш бойынша талдау үшін үлкен деректер жиынтығы қажет.,0.8507201075553894,True,1,628,792,1420,11.80464694300008,11.813408223000351,0.0,12,6,6,5,1,5,0,1,1,18150179184787188152,0.95,1,,
Experiment_1_Kazakh_Paraphrase_Generation_FINAL,4cb99dcee6a0cd91e0631bc7e04ad2512e8337b4f6336d385cd042f1f3570517,66,technology,llama,NousResearch/Meta-Llama-3.1-8B-Instruct,kazdiv,2,True,False,Мобильді қосымшаны пайдаланғанда жұмыс істеу қиындығы төмендейді.,0.8144550323486328,True,1,596,818,1414,12.168969181999273,12.179319892000422,0.0,12,11,1,5,6,5,0,3,4,10560035469777962940,0.95,1,,
Experiment_1_Kazakh_Paraphrase_Generation_FINAL,4d0c26c5654ae5b7b513f159a96cf4b2b104d84cf6e8b234c545c8139a32e5d3,2,general,llama,NousResearch/Meta-Llama-3.1-8B-Instruct,kazdiv,4,True,False,Адамдар маңызды шешім қабылдағанда қолда бар ақпаратты құпиялықпен салыстыруы керек.,0.9282026886940002,True,2,1170,1880,3050,28.00093302300047,28.01275379300023,0.0,13,13,0,13,0,2,11,0,0,8714700491961789310,0.95,2,,
Experiment_1_Kazakh_Paraphrase_Generation_FINAL,4d1843afa50259ac882674ce70db75f71ab3a2cddd92bd66c88566cfb4a4aa04,80,technology,llama,NousResearch/Meta-Llama-3.1-8B-Instruct,baseline,3,True,False,Оқу үрдісінде жасанды деректерді қолдануға болады.,0.6704835891723633,False,1,474,31,505,0.47940139599995746,0.4857862759999989,0.0,1,1,0,0,1,,,,,,,,,
Experiment_1_Kazakh_Paraphrase_Generation_FINAL,4d640bf9fb162fc1c621e81fdab5561c1828482f820359b7ccc1776fcb1c79bc,72,technology,kazllm,issai/LLama-3.1-KazLLM-1.0-8B,kazdiv,1,True,False,Модельдің шешімдерін түсіндіру мүмкіндігі жасанды интеллект жүйелерін енгізу кезінде маңызды талапқа айналып келеді.,0.9524239301681519,True,1,631,884,1515,13.165007001000049,13.168093280999528,0.0,12,2,10,1,1,1,0,0,0,13300345788140154647,0.95,1,,
Experiment_1_Kazakh_Paraphrase_Generation_FINAL,4d7f56b0f77a431c78f70d9bc4a17fcc5bc1c85fba904ac6d0b37b58692a797e,44,science,kazllm,issai/LLama-3.1-KazLLM-1.0-8B,baseline,3,True,False,Статистикалық талдау деректердегі заңдылықтарды анықтауға және гипотезаларды бағалауға мүмкіндік береді.,1.0,False,1,508,65,573,0.9790228449996903,0.9807557550002457,0.0,1,1,0,0,1,,,,,,,,,
Experiment_1_Kazakh_Paraphrase_Generation_FINAL,4dec3020e8b751a84a72988c96aee3c5395e3cef2e8e031d424cec7d876040c7,51,science,kazllm,issai/LLama-3.1-KazLLM-1.0-8B,kazdiv,5,True,False,Деректерді алдын ала өңдеу кезінде қателер мен жетіспейтін мәндерді дұрыс анықтау өте маңызды.,0.9955520629882812,True,1,620,791,1411,11.77862534399992,11.786979024000175,0.0,13,5,8,5,0,1,4,0,4,13769307330236971002,0.95,1,,
Experiment_1_Kazakh_Paraphrase_Generation_FINAL,4df7b0ce213ffd39054f66f9ad6dde49bd648c305ca3c78322220ac18417047f,78,technology,kazllm,issai/LLama-3.1-KazLLM-1.0-8B,kazdiv,3,True,False,Техникалық ақау кезінде маңызды деректерді қалпына келтіру үшін резервтік көшірмелердің көмегімен жүйенің сақтық көшірмелері жасалады.,0.8774666786193848,True,1,627,865,1492,12.894097042000794,12.902877601,0.0,12,3,9,3,0,3,0,0,0,5045506705633680003,0.95,1,,
Experiment_1_Kazakh_Paraphrase_Generation_FINAL,4df9e927c4d37963da5f3845c6f08fa30ca960173a798224e5b94aaf5eb10645,62,technology,llama,NousResearch/Meta-Llama-3.1-8B-Instruct,baseline,1,True,False,Қайта жазылған сөйлем: Мақсатты оқыту әдісінің сапасы оқу деректерінің көлемі мен сапасына байланысты.,0.7737879753112793,True,1,475,69,544,1.0393899200007581,1.045682919999308,0.0,1,1,0,1,0,,,,,,,,,
Experiment_1_Kazakh_Paraphrase_Generation_FINAL,4e31f0d9fbffadb8c833d8f011db9cf4c3f6af54487507e2a9aab25041f3ff59,97,news,llama,NousResearch/Meta-Llama-3.1-8B-Instruct,baseline,2,True,False,"Мамандар жаңа экологиялық жоба қалдықтардың тазартылып, сұрыпталуына ықпал етеді деп есептейді.",0.9066638350486755,True,1,482,61,543,0.9219600630003697,0.9284989930001757,0.0,1,1,0,1,0,,,,,,,,,
Experiment_1_Kazakh_Paraphrase_Generation_FINAL,4e4f228476efa9919ea26a950980e8ac77315c7ed9cb6bc8d2338b2316ef74d4,59,science,kazllm,issai/LLama-3.1-KazLLM-1.0-8B,baseline,3,True,False,Бақылау тобы эксперименттік әсерді басқа ықтимал факторлардан ажыратуға көмектеседі.,1.0,False,1,494,51,545,0.7744213820005825,0.7761742020002202,0.0,1,1,0,0,1,,,,,,,,,
Experiment_1_Kazakh_Paraphrase_Generation_FINAL,4e5aee13a2f73852959532d54845680936c569c99c0e7cff212c0578d045c882,97,news,kazllm,issai/LLama-3.1-KazLLM-1.0-8B,kazdiv,3,True,False,Қалдықтарды сұрыптау мәдениетін дамытуға жаңа экологиялық жоба ықпал ететінін мамандар қолдайды.,0.8959184885025024,True,1,625,888,1513,13.234209056000509,13.242624516000433,0.0,13,4,9,4,0,2,2,0,2,17596523136461363638,0.95,1,,
Experiment_1_Kazakh_Paraphrase_Generation_FINAL,4e8fbd809b3e3acd3aa47bc71c2c9add8e8dd6355057d3d0db2f6dd70e3e2ed9,84,news,llama,NousResearch/Meta-Llama-3.1-8B-Instruct,kazdiv,4,True,False,Жергілікті кәсіпкерлерге арналған жаңа қолдау бағдарламасының шарттары ресми кездесу іс-шарасында таныстырылды.,0.9838364124298096,True,1,596,832,1428,12.385847448998902,12.399597048999567,0.0,12,12,0,12,0,6,6,1,1,5455861891204672306,0.95,1,,
Experiment_1_Kazakh_Paraphrase_Generation_FINAL,4e95972298cfa1089092b70d89c57b03ebd2e25d5e1bddec77df73dba5c7ad75,43,science,llama,NousResearch/Meta-Llama-3.1-8B-Instruct,kazdiv,4,True,False,"Толық сипатталған әдістерді қолданғанда, басқа ғалымдар нәтижелерді қайта тексеру мүмкіндігін білдіреді.",0.9380961060523987,True,1,595,970,1565,14.447523896000348,14.46031746600056,0.0,12,12,0,12,0,5,7,1,1,3243820392744706228,0.95,1,,
Experiment_1_Kazakh_Paraphrase_Generation_FINAL,4ea2f4ac692db18ac96dd45f25b43f0668890a9ebf175c121002fa8f40269b22,56,science,kazllm,issai/LLama-3.1-KazLLM-1.0-8B,baseline,5,True,False,Сапалы аннотацияланған деректер машиналық оқыту модельдерін объективті бағалау үшін маңызды.,0.9999999403953552,False,1,490,47,537,0.7144858419997036,0.7162276019998899,0.0,1,1,0,0,1,,,,,,,,,
Experiment_1_Kazakh_Paraphrase_Generation_FINAL,4edf87ea002595e35a58849dcf87fcfdbb2afa4119faf34c84218d952caea357,27,education,llama,NousResearch/Meta-Llama-3.1-8B-Instruct,kazdiv,4,True,False,Алдын ала түсіндірілген бағалау критерийлері студенттерге тапсырма талаптарын орындайтындығын көрсетеді.,0.8808275461196899,True,1,593,715,1308,10.64391511499889,10.653130144999523,0.0,12,10,2,10,0,7,3,5,7,12841339616910964054,0.95,1,,
Experiment_1_Kazakh_Paraphrase_Generation_FINAL,4ef08d1ed310d7d5ac08c069c3e6be60eafbe2d2562ba819c05c8ff478191f70,17,general,llama,NousResearch/Meta-Llama-3.1-8B-Instruct,kazdiv,4,True,False,Тәртіпті сақтау – жұмыс пен демалыс арасындағы теңдік қалыптастырудың жеткіліксіз шарты емес.,0.75103759765625,True,1,599,782,1381,11.642682210998828,11.652234990999204,0.0,13,13,0,13,0,4,9,3,11,9550303251049767101,0.95,1,,
Experiment_1_Kazakh_Paraphrase_Generation_FINAL,4f0e586476799b78a0c63b36c6ec188d798bdcdbc96efef047f035b28b66bf40,86,news,llama,NousResearch/Meta-Llama-3.1-8B-Instruct,baseline,4,True,False,Қалада жол қауіпсіздігін арттыру мақсатында бірнеше жаяу жүргінші өткелі жаңартылды.,1.0,False,1,474,56,530,0.8477055929997732,0.8496791230008967,0.0,1,1,0,0,1,,,,,,,,,
Experiment_1_Kazakh_Paraphrase_Generation_FINAL,4f1312e8058e2e1a5502eb0b69a50476dbf1710a1197131f7d555bfb25c7ceb0,29,education,kazllm,issai/LLama-3.1-KazLLM-1.0-8B,kazdiv,2,True,False,Зерттеу негізіндегі оқыту студенттердің сыни ойлау және ақпаратты талдау дағдыларын дамытады.,0.9484094977378845,True,1,619,834,1453,12.425022635999994,12.433662586000082,0.0,14,4,10,4,0,1,3,0,0,6271470774142557748,0.95,1,,
Experiment_1_Kazakh_Paraphrase_Generation_FINAL,4f1bcb26a12503fbd381b6d5d90a90556224a1d5de2bffffec657d5ecddb18f4,40,education,kazllm,issai/LLama-3.1-KazLLM-1.0-8B,baseline,3,True,False,Ақпараттық білім беру ортасы әр студенттің оқу үдерісіне тең мүмкіндік беретін жағдай жасайды.,0.8700820207595825,True,1,504,61,565,0.9206064160002825,0.9268340160001571,0.0,1,1,0,1,0,,,,,,,,,
Experiment_1_Kazakh_Paraphrase_Generation_FINAL,501af379c7cb7de17f1755f2649f235227aec78d685aeab98ecb643fa57b9805,65,technology,kazllm,issai/LLama-3.1-KazLLM-1.0-8B,kazdiv,2,True,False,Бағдарламалық құралға мұқият тестілеу өнімдегі қателерді ерте анықтауға көмектеседі.,0.921949028968811,True,1,623,683,1306,10.174124563000078,10.182792302999587,0.0,12,7,5,5,2,3,2,2,3,16266431321323327434,0.95,1,,
Experiment_1_Kazakh_Paraphrase_Generation_FINAL,501c5d2e7bebb11e0e926c85687caddfd40be4e44af09f59da3c264382d8d62a,39,education,llama,NousResearch/Meta-Llama-3.1-8B-Instruct,kazdiv,3,True,False,Оқу мен ашық сұрақтардың біріккен әрекеті студенттердің ойлау қабілетін дамытады.,0.8697769641876221,True,1,599,720,1319,10.720123451999825,10.729926571999385,0.0,13,13,0,12,1,5,7,3,7,7887120574215178933,0.95,1,,
Experiment_1_Kazakh_Paraphrase_Generation_FINAL,50662ed210569ea85d6dabd6653de91468a9e7c8db48a2664aab7c19a171633e,43,science,llama,NousResearch/Meta-Llama-3.1-8B-Instruct,baseline,4,True,False,"Талаптарды орындау нәтижесінде жаңа сөйлем: Зерттеуде қолданылған әдістер толық сипатталса, басқа ғалымдар нәтижелерді қайта талдап шыға алады.",0.8326328992843628,True,1,477,93,570,1.39265450899984,1.3994522290013265,0.0,1,1,0,1,0,,,,,,,,,
Experiment_1_Kazakh_Paraphrase_Generation_FINAL,50792bfa53f574ac7bc7a89bd2937a8ffe64fe1a8cc1eff212b8318147d31aa0,45,science,kazllm,issai/LLama-3.1-KazLLM-1.0-8B,baseline,3,True,False,"Зерттеу нәтижелеріне сүйене отырып, ғылыми қорытынды бастапқы сұраққа нақты жауап беруі тиіс.",0.9732168912887573,True,1,502,62,564,0.9356482160001178,0.9420145349999984,0.0,1,1,0,1,0,,,,,,,,,
Experiment_1_Kazakh_Paraphrase_Generation_FINAL,50ad17eb6e8e3300d5b36de050c78c4183675abb37dda1744b2990e118e4409f,43,science,kazllm,issai/LLama-3.1-KazLLM-1.0-8B,kazdiv,1,True,False,"Егер зерттеуде қолданылатын әдістер толық сипатталса, басқа ғалымдар нәтижелерді қайта тексере алады.",0.9879723787307739,True,1,620,793,1413,11.813521774000037,11.821730933999788,0.0,12,3,9,3,0,1,2,0,0,1185808304259458226,0.95,1,,
Experiment_1_Kazakh_Paraphrase_Generation_FINAL,50ba8fa922af923f0f594d54639ff174da9b5c5166b3609b8dd99d8016f479d5,76,technology,kazllm,issai/LLama-3.1-KazLLM-1.0-8B,kazdiv,4,True,False,Нейрондық желілер күрделі үлгілерді үйрену үшін бір-бірімен байланысқан көптеген есептеу қабаттарын пайдаланады.,0.996833860874176,True,1,631,968,1599,14.428214704000311,14.43730828400021,0.0,13,3,10,3,0,1,2,0,0,18243052284088479279,0.95,1,,
Experiment_1_Kazakh_Paraphrase_Generation_FINAL,50c119cb9882aa81d4973fed5fc8d3dd399f07b557b3c5716b3bdeac2ba961e4,64,technology,kazllm,issai/LLama-3.1-KazLLM-1.0-8B,baseline,1,True,False,Киберқауіпсіздік жүйелері ақпарат ресурстарын рұқсат етілмеген қол жеткізуден қорғауға бағытталған.,0.9844166040420532,True,1,511,70,581,1.0537652389994037,1.0607804089995625,0.0,1,1,0,1,0,,,,,,,,,
Experiment_1_Kazakh_Paraphrase_Generation_FINAL,50e10dba6a1c32f0fea77c2cbe40e65d22295afb3b3715e0a7244d6a6f52de7c,72,technology,llama,NousResearch/Meta-Llama-3.1-8B-Instruct,baseline,4,True,False,Қайта жазылған сөйлем: Модельдің шешімдерін түсіндіру мүмкіндігі жасанды интеллект жүйелерін енгізу кезінде маңызды талапқа айналып келеді.,0.8951698541641235,True,1,488,88,576,1.3192977769995196,1.3259718879999127,0.0,1,1,0,1,0,,,,,,,,,
Experiment_1_Kazakh_Paraphrase_Generation_FINAL,50e1e633c55d83c0980b0d09bf7e5e6b0ad567fa04366c3e7eb3c37b0bdbf44d,23,education,llama,NousResearch/Meta-Llama-3.1-8B-Instruct,kazdiv,3,True,False,"Нәтижелі байланыс үшін оқытушының студентті өз қателерін түсініп, нәтижесін жақсартуға көмектесуі қажет.",0.8768166303634644,True,1,605,1014,1619,15.115458546999434,15.126052547000654,0.0,12,12,0,12,0,8,4,2,4,8424426405501926064,0.95,1,,
Experiment_1_Kazakh_Paraphrase_Generation_FINAL,50e7ed1352047b757da84fd4e5a09e44d1ce77e5f32c598d0975234b47dffc99,20,general,llama,NousResearch/Meta-Llama-3.1-8B-Instruct,baseline,3,True,False,Талаптарды орындаған қайта жазылған сөйлем: Қиын мәселені төрттеніп шағынға бөлуге ұқып кешу оны шешу кезінде жақындатады.,0.7040492296218872,False,1,470,89,559,1.334256797999842,1.340527808000843,0.0,1,1,0,0,1,,,,,,,,,
Experiment_1_Kazakh_Paraphrase_Generation_FINAL,510dfc2483f2cd98c8aede6424157cbae343bdde6a6cbcafddc2324066078bcc,35,education,llama,NousResearch/Meta-Llama-3.1-8B-Instruct,baseline,5,True,False,Пәнаралық тапсырмалар әртүрлі салалардағы білімді бір мәселе төңірегінде біріктіруге мүмкіндік берді.,0.9530898332595825,True,1,486,67,553,1.0105835720005416,1.0166681320006319,0.0,1,1,0,1,0,,,,,,,,,
Experiment_1_Kazakh_Paraphrase_Generation_FINAL,5136a0169a3116b55fb8ab48c559daff2f5eeee61b39ba5a023b177478daec1d,35,education,kazllm,issai/LLama-3.1-KazLLM-1.0-8B,baseline,3,True,False,Пәнаралық тапсырмалар бір мәселе төңірегінде әртүрлі салалардағы білімдерді біріктіруге мүмкіндік береді.,0.9890921115875244,True,1,511,69,580,1.0384701660000246,1.044411955999749,0.0,1,1,0,1,0,,,,,,,,,
Experiment_1_Kazakh_Paraphrase_Generation_FINAL,513f0e134a7fed68c26021bd68db2aae9a201fd4b9aa012a3f37b0f80fa30d25,58,science,kazllm,issai/LLama-3.1-KazLLM-1.0-8B,baseline,2,True,False,Екі айнымалының арасындағы байланысты көрсететін корреляция себеп-салдар қатынасын дәлелдемейді.,0.9031470417976379,True,1,507,56,563,0.8464647910004715,0.8522737610001059,0.0,1,1,0,1,0,,,,,,,,,
Experiment_1_Kazakh_Paraphrase_Generation_FINAL,518f0dbed480c55d7ffbe71bb970bdd1a0fc49d42dacfdcd5e558fdc970bce44,80,technology,llama,NousResearch/Meta-Llama-3.1-8B-Instruct,baseline,5,True,False,Жасанды деректер нақты деректер шектеулі болған жағдайда модельді оқыту мүмкіндігін кеңейте алады. Қайта жазылған сөйлем: Модельді оқытуға жасанды деректер нақты деректер шектеулі болғанда мүмкіндігін кеңейте алады.,0.9144863486289978,True,1,474,126,600,1.8818307649999042,1.8885957849997794,0.0,1,1,0,1,0,,,,,,,,,
Experiment_1_Kazakh_Paraphrase_Generation_FINAL,5190dfaf110e5ee6c7e275e3de33dbefe22a6d575dfa3a01cb05945fe5aaf7f0,73,technology,kazllm,issai/LLama-3.1-KazLLM-1.0-8B,kazdiv,2,True,False,"Үлкен тіл үлгілері мәтінді талдау, құрастыру және ақпаратты өңдеу тапсырмаларында кеңінен қолданылады.",0.9312447309494019,True,1,628,982,1610,14.63743844199962,14.646676601999388,0.0,13,5,8,5,0,1,4,0,1,5827932586487111569,0.95,1,,
Experiment_1_Kazakh_Paraphrase_Generation_FINAL,51a515d4390a05b5e3c8ce4f454d835d0b3a2392212c82ff7d19f1cea9f2c190,46,science,kazllm,issai/LLama-3.1-KazLLM-1.0-8B,baseline,1,True,False,Әдебиеттерге жүйелі шолу белгілі бір саладағы негізгі бағыттар мен зерттеу олқылықтарын анықтауға көмектеседі.,1.0,False,1,513,70,583,1.0590097350000178,1.0651611349999257,0.0,1,1,0,0,1,,,,,,,,,
Experiment_1_Kazakh_Paraphrase_Generation_FINAL,51cd29fca9890d77b1b2a9b241ef3b82485294539d044cebdb835cedcf62e7b2,49,science,llama,NousResearch/Meta-Llama-3.1-8B-Instruct,baseline,4,True,False,Ғылыми модель нақты өмірлік құбылыстың басты құраушыларын көрсетуге арналған.,0.8862521648406982,True,1,476,54,530,0.8187178299995139,0.8249513800001296,0.0,1,1,0,1,0,,,,,,,,,
Experiment_1_Kazakh_Paraphrase_Generation_FINAL,51fb6d1393177cada21244f730c87d5d9e76bd9b978ee69fc3dbc07d012aeb51,79,technology,llama,NousResearch/Meta-Llama-3.1-8B-Instruct,kazdiv,3,True,False,Құрылғылардан қызмет алуға көмектесетін цифрлық сервистердің қолжетімділігі басымдыққа ие болғанда жеткілікті.,0.7856265306472778,True,1,609,829,1438,12.353468510000312,12.366689219999898,0.0,12,12,0,9,3,8,1,7,11,2058633144923272015,0.95,1,,
Experiment_1_Kazakh_Paraphrase_Generation_FINAL,52056b7b4ad98d268b0bd958392b6f3c3e1e2433484169d928a3752cfaa10681,58,science,kazllm,issai/LLama-3.1-KazLLM-1.0-8B,kazdiv,3,True,False,"Екі айнымалы арасындағы байланысты көрсеткенімен, корреляция себеп-салдар қатынасын өздігінен дәлелдемейді.",0.976202130317688,True,1,625,814,1439,12.123666123000476,12.132728522999969,0.0,12,7,5,7,0,1,6,0,0,13052509621909507000,0.95,1,,
Experiment_1_Kazakh_Paraphrase_Generation_FINAL,520f5394ce99e36025155100094f0692d790c180d5ba3332f98a4eb7fd92e222,4,general,llama,NousResearch/Meta-Llama-3.1-8B-Instruct,kazdiv,1,True,False,Тұрақты әдеттер адамның күндіз күні мақсаттарына жақындауына ықпал етеді.,0.9181898236274719,True,1,598,628,1226,9.342579873000432,9.353851843001394,0.0,12,10,2,10,0,5,5,2,2,517575875690692059,0.95,1,,
Experiment_1_Kazakh_Paraphrase_Generation_FINAL,522c97693899f5c7309db5334b3877060b76b914341134da77f33f6bd066dce4,77,technology,llama,NousResearch/Meta-Llama-3.1-8B-Instruct,kazdiv,4,True,False,"Модельді өндірістік ортаға енгізіп, оны тұрақты түрде бақылау қажет.",0.9109840989112854,True,1,596,589,1185,8.757897409001089,8.770077938001123,0.0,12,12,0,12,0,2,10,1,7,8503516536619283967,0.95,1,,
Experiment_1_Kazakh_Paraphrase_Generation_FINAL,52387f84876ce330a36294692f93793482728e7a678ff87bbcbd9d439394e9b5,49,science,kazllm,issai/LLama-3.1-KazLLM-1.0-8B,kazdiv,3,True,False,Нақты құбылыстардың маңызды ерекшеліктерін сипаттау үшін ғылыми модель қолданылады.,0.9012833833694458,True,1,619,713,1332,10.619663954000316,10.62890549399981,0.0,13,11,2,11,0,3,8,1,7,18308455112908552381,0.95,1,,
Experiment_1_Kazakh_Paraphrase_Generation_FINAL,5261c601283910effea6b25fdbab4b4bc7635c38b48016f9217507260721174d,66,technology,llama,NousResearch/Meta-Llama-3.1-8B-Instruct,baseline,2,True,False,"Мобильді қосымшаның ыңғайлы интерфейсі пайдаланушының сервисті меңгеру уақытын қысқартады. Мобильді қосымшаға ыңғайлы интерфейсі бар, оның пайдаланушының сервисті меңгеру уақытын қысқартады.",0.8974801301956177,False,1,478,126,604,1.8780971710002632,1.8843231110004126,0.0,1,1,0,0,1,,,,,,,,,
Experiment_1_Kazakh_Paraphrase_Generation_FINAL,52624fc06e1862400159370d7bcffafb94590fa95eb7736330d0310ffcb6a7d3,92,news,llama,NousResearch/Meta-Llama-3.1-8B-Instruct,baseline,2,True,False,Сөйлемді жаңа сөздермен қайта жазу: Қоғамдық кеңестің мүшелері қалалық инфрақұрылымды ұйымдастыруға байланысты бірнеше ұсыныстар қаралды.,0.8324378728866577,True,1,483,96,579,1.4381353790013236,1.4446311489991785,0.0,1,1,0,1,0,,,,,,,,,
Experiment_1_Kazakh_Paraphrase_Generation_FINAL,5280e3d9f1e379db5230d876ff49102ec7716ffca8eb91245a309a9dcf465c26,53,science,llama,NousResearch/Meta-Llama-3.1-8B-Instruct,kazdiv,1,True,False,Ғылыми жаңалық бұрынғы зерттеулердің шығыстарымен салыстыру арқылы анықталады.,0.8652962446212769,True,1,587,721,1308,10.729120842999691,10.739250182999967,0.0,12,10,2,10,0,5,5,3,3,12279684327125908916,0.95,1,,
Experiment_1_Kazakh_Paraphrase_Generation_FINAL,52ae9c2bb8aa199c5cf6dc4015baaf1cd04f60ebb4b01ea373a18ee9ae8c0ffb,91,news,kazllm,issai/LLama-3.1-KazLLM-1.0-8B,kazdiv,2,True,False,Аймақтық форумда білім беру мен өндірісте жасанды интеллектті қолдану мәселелері талқыланды.,0.9619325399398804,True,1,615,674,1289,10.03132529099912,10.03995544099962,0.0,12,4,8,4,0,1,3,0,0,1168618708541007269,0.95,1,,
Experiment_1_Kazakh_Paraphrase_Generation_FINAL,52cfea6d74b570a03877a19ebda7c406c2ad9e79415da782b4ef855373ce6bdc,55,science,llama,NousResearch/Meta-Llama-3.1-8B-Instruct,baseline,4,True,False,"Талаптарды орындаған сөйлем: Маңызды ғылыми зерттеулерді жүргізуға арналған құжаттарды түзеңізде, олардың әдістерінің ыңғайлылығын қоса, төмендегідей кемшіліктерін де көруге тиіңіз.",0.6014600992202759,False,1,473,129,602,1.9218510139999125,1.9283255640002608,0.0,1,1,0,0,1,,,,,,,,,
Experiment_1_Kazakh_Paraphrase_Generation_FINAL,52d01a0dcedc2683890008d80a40ed329123dd9b8f5785c8aab00e946ac04d8f,4,general,llama,NousResearch/Meta-Llama-3.1-8B-Instruct,kazdiv,2,True,False,Адамның тұрақты әдеттері оның тұрақты іс-әрекеттерге жақындауына ықпал етеді.,0.8678708076477051,True,1,598,759,1357,11.297006427999804,11.307855257999108,0.0,13,13,0,13,0,4,9,3,11,15819530967004180874,0.95,1,,
Experiment_1_Kazakh_Paraphrase_Generation_FINAL,52dc083b1e77db650bb9cfbc4940febca6c06e4610b8b2365be2d596dcb8c127,68,technology,kazllm,issai/LLama-3.1-KazLLM-1.0-8B,baseline,4,True,False,Өндірісте қайталанатын операцияларды робототандырылған жүйелер арқылы автоматтандыруға болады.,0.8939557075500488,True,1,502,52,554,0.7881096060000345,0.7940399859999161,0.0,1,1,0,1,0,,,,,,,,,
Experiment_1_Kazakh_Paraphrase_Generation_FINAL,52ec51b1ed06818246a26474963991954e74b76d74ca0c8063448aa142d48d38,43,science,llama,NousResearch/Meta-Llama-3.1-8B-Instruct,baseline,2,True,False,Сөйлемді жаңа сөздермен қайта жазу нәтижесінде:,0.5113656520843506,False,1,477,34,511,0.5231906059998437,0.5292516359986621,0.0,1,1,0,0,1,,,,,,,,,
Experiment_1_Kazakh_Paraphrase_Generation_FINAL,53305f40dd500e0437423d5d010e0e3086e91235857a6fd410d0005a6c002b31,50,science,llama,NousResearch/Meta-Llama-3.1-8B-Instruct,kazdiv,2,True,False,"Тәжірибені қайталау тәжірибенің дәлдігін арттырады, ал ауытқулардың әсері төмендейді.",0.7895030379295349,True,1,594,681,1275,10.132696138000028,10.141911267999603,0.0,12,10,2,9,1,7,2,4,9,14200617179140502003,0.95,1,,
Experiment_1_Kazakh_Paraphrase_Generation_FINAL,5336c39aec078c94311dbb462e0009577182e881ad2782e854527487f1b4fda2,88,news,kazllm,issai/LLama-3.1-KazLLM-1.0-8B,kazdiv,4,True,False,Мектептерде цифрлық сауаттылықты арттыру бойынша қосымша сабақтар кезең-кезеңімен енгізілуде.,0.9980437755584717,True,2,1250,1980,3230,29.50319827200019,29.514016002000062,0.0,12,4,8,3,1,1,2,0,1,6493733031585523487,0.95,2,,
Experiment_1_Kazakh_Paraphrase_Generation_FINAL,534ce7aa36199e451c0bf297d36debdf29efb8b5a333b054a5162eab0d8f0194,65,technology,llama,NousResearch/Meta-Llama-3.1-8B-Instruct,kazdiv,4,True,False,Тестілеу өнімдеріне қателердің кез келгенін анықтауға жүйелі бағдарламалық жасақтаманы қолдану қызықты.,0.8029969930648804,True,1,598,822,1420,12.234624961000009,12.244146331000593,0.0,13,12,1,12,0,11,1,0,0,8849759237608659165,0.95,1,,
Experiment_1_Kazakh_Paraphrase_Generation_FINAL,53994096603d006f64acc76c4e1f565ef41f775265b3bf85cff133fc557208ca,3,general,llama,NousResearch/Meta-Llama-3.1-8B-Instruct,baseline,4,True,False,Бастапқы сөйлем: Қоғамдағы өзара сенім адамдар арасындағы байланысты нығайтуға ықпал етеді. Қайта жазылған сөйлем: Өзара сенім қоғамдағы байланысты нығайтуға адамдар арасында әсер етеді.,0.837580144405365,False,1,474,133,607,1.9819068489996425,1.9882159589997173,0.0,1,1,0,0,1,,,,,,,,,
Experiment_1_Kazakh_Paraphrase_Generation_FINAL,53d63fcb6fc5b9a01347a6e06d3ae7f87f2090eaaa2e640d0e2652cd36fdd735,9,general,kazllm,issai/LLama-3.1-KazLLM-1.0-8B,baseline,1,True,False,"Жаңа ортаға бейімделу үшін уақыт, тәжірибе және ашық қарым-қатынас қажет.",0.980745792388916,True,1,504,56,560,0.8471703400000479,0.8540204199998698,0.0,1,1,0,1,0,,,,,,,,,
Experiment_1_Kazakh_Paraphrase_Generation_FINAL,53e48584e73107c8648a13d093a0196863de2accf84f66897db84fc0d2fb540a,10,general,kazllm,issai/LLama-3.1-KazLLM-1.0-8B,kazdiv,5,True,False,Отбасындағы өзара қолдау қиын жағдайларды бірге жеңуге мүмкіндік береді.,0.9885067343711853,True,1,614,638,1252,9.494981741999936,9.503375873000095,0.0,12,5,7,5,0,1,4,0,1,8438038608997814974,0.95,1,,
Experiment_1_Kazakh_Paraphrase_Generation_FINAL,53efbe4c7c6d15a346a6cc1b635b5a064777e4262dd62512f8305271c04ca8a0,49,science,llama,NousResearch/Meta-Llama-3.1-8B-Instruct,baseline,5,True,False,Ғылыми модель нақты құбылыстың бір қасиетін ықшам түрде сипаттауға арналған.,0.9682915806770325,True,1,476,53,529,0.8033923940001841,0.8095606939987192,0.0,1,1,0,1,0,,,,,,,,,
Experiment_1_Kazakh_Paraphrase_Generation_FINAL,5416e49adfd70c188a101a432da82b16f659120f510160d4473f4fa40c445153,53,science,llama,NousResearch/Meta-Llama-3.1-8B-Instruct,baseline,1,True,False,Ғылыми жаңалық зерттеулердің бұрынғы нәтижелерімен салыстырылып көрсетілуге тиіс.,0.9583250284194946,True,1,469,54,523,0.8183287030005886,0.8246743230010907,0.0,1,1,0,1,0,,,,,,,,,
Experiment_1_Kazakh_Paraphrase_Generation_FINAL,5430adadf85c7c765220d04506785db115c874637ca657a44bfe7589f4ba6728,32,education,kazllm,issai/LLama-3.1-KazLLM-1.0-8B,baseline,1,True,False,Оқушылардың өз жұмысын қорғауы олардың тақырыпты қаншалықты түсінгені туралы ақпарат береді.,0.9387416243553162,True,1,515,66,581,1.0004827149996345,1.00706083499972,0.0,1,1,0,1,0,,,,,,,,,
Experiment_1_Kazakh_Paraphrase_Generation_FINAL,5430cbf27c50e6fc8fe36624f0ef6cf5e135bbc61d434f7fa735d7ff6558dd2c,99,news,kazllm,issai/LLama-3.1-KazLLM-1.0-8B,baseline,3,True,False,Технологиялық көрмеде жергілікті әзірлеушілер білім беру мен медицинаға арналған бірнеше цифрлық шешімді таныстырды.,0.9339330196380615,True,1,511,68,579,1.0242316379999465,1.0301511880006728,0.0,1,1,0,1,0,,,,,,,,,
Experiment_1_Kazakh_Paraphrase_Generation_FINAL,543b64cdc64c4dd55c25fac696306bec3f6d3e8795ecb21b2c9dc1d985e17e55,28,education,llama,NousResearch/Meta-Llama-3.1-8B-Instruct,kazdiv,4,True,False,Оқушының жеке оқу жолы оның білім алу қабілетін ескере отырып оқығанда оның білімі арта түседі.,0.7668784856796265,True,1,589,775,1364,11.535354755998924,11.546295795998958,0.0,13,13,0,2,11,2,0,1,1,16440126600310592109,0.95,1,,
Experiment_1_Kazakh_Paraphrase_Generation_FINAL,543c824345743136b22d53b2842d92a7caf025cd624d29c4d6a35b6d5a547603,64,technology,llama,NousResearch/Meta-Llama-3.1-8B-Instruct,kazdiv,2,True,False,Ақпараттық ресурстарды қорғауға арналған киберқауіпсіздік жүйелері қолданыстағы жаңа технологияның үлгісі.,0.7755089998245239,True,1,604,819,1423,12.195383890999437,12.206932600998698,0.0,12,11,1,10,1,9,1,4,5,16506671167199281054,0.95,1,,
Experiment_1_Kazakh_Paraphrase_Generation_FINAL,54651c473ce246fda5ef5b89e952ac7000f06b80c65c05c49c43e48ff83583b9,55,science,llama,NousResearch/Meta-Llama-3.1-8B-Instruct,kazdiv,5,True,False,Зерттеушілер әдісті таңдағанда оның артықшылықтарымен қатар оның шектеулерін де ескеруі керек.,0.9948078393936157,True,1,591,748,1339,11.135813729999427,11.14574340999934,0.0,12,12,0,12,0,2,10,0,0,15259247284624716679,0.95,1,,
Experiment_1_Kazakh_Paraphrase_Generation_FINAL,547a23dc1db32ece5b52ed4e5be702e9efdf0d2e1dad06b117f4af522b191eb0,61,technology,llama,NousResearch/Meta-Llama-3.1-8B-Instruct,kazdiv,5,True,False,Көлемді деректерді зерттеу күрделі заңдылықтарды анықтауға жасанды интеллекттің қолдануына мүмкіндік береді.,0.8170174956321716,True,1,604,820,1424,12.213409141000739,12.223057131001042,0.0,13,13,0,13,0,5,8,4,11,9305648973673170871,0.95,1,,
Experiment_1_Kazakh_Paraphrase_Generation_FINAL,54925b976f81461af04f5004fb6e3911d6f3f0fdcbd810e50a7486cdc4455ddf,81,news,llama,NousResearch/Meta-Llama-3.1-8B-Instruct,baseline,5,True,False,Қала әкімдігі көлік бағыттарын тұрғындардың пікірлері бойынша қайта қарауды жоспарлап отыр.,0.9650930166244507,True,1,492,63,555,0.9514242219993321,0.9577418919998308,0.0,1,1,0,1,0,,,,,,,,,
Experiment_1_Kazakh_Paraphrase_Generation_FINAL,54ab9de42d9c717c88905b6aa8c4d75b1660c30e272167b294ae1b811dbf986b,82,news,kazllm,issai/LLama-3.1-KazLLM-1.0-8B,kazdiv,4,True,False,"Ауданда жаңа білім беру орталығы ашылды, ол оқушыларға қосымша технологиялық курстар ұсына бастады",0.8903915882110596,True,1,622,734,1356,10.930745290999766,10.938081760999921,0.0,12,1,11,1,0,1,0,0,0,8092054826176767017,0.95,1,,
Experiment_1_Kazakh_Paraphrase_Generation_FINAL,54c288c6b75ff16e8c33e257346e31b0badac1baa54c348c6a53fdd647466e32,39,education,llama,NousResearch/Meta-Llama-3.1-8B-Instruct,baseline,2,True,False,Оқу барысында қойылатын ашық сұрақтар студенттердің дәлелді жауап құрастыру қабілетін дамытады.,1.0,False,1,481,63,544,0.9503753429999051,0.952261432999876,0.0,1,1,0,0,1,,,,,,,,,
Experiment_1_Kazakh_Paraphrase_Generation_FINAL,54d8fe971bc6dc87dea081c7d4436efd86f162ec9683028931b9666083fba5fb,89,news,llama,NousResearch/Meta-Llama-3.1-8B-Instruct,kazdiv,4,True,False,Еңбек нарығында деректерді талдау қызметіне көп қажеттілік туды деп сарапшылар айтты.,0.896894097328186,True,1,597,941,1538,14.025641849000749,14.039032548998875,0.0,13,11,2,11,0,9,2,1,1,11056476206671586315,0.95,1,,
Experiment_1_Kazakh_Paraphrase_Generation_FINAL,551136c382e895901d644d104ff61005291b1398a89847a1fae7116eaf7e388d,8,general,kazllm,issai/LLama-3.1-KazLLM-1.0-8B,kazdiv,4,True,False,Қоғамдық орындарда ортақ ережелерді сақтау - басқа адамдарға құрмет көрсетудің бір түрі.,0.9805996417999268,True,1,633,880,1513,13.109451140000601,13.117417469999964,0.0,13,3,10,2,1,1,1,0,1,17433233823857452179,0.95,1,,
Experiment_1_Kazakh_Paraphrase_Generation_FINAL,55161d26d8546125c3422ed4850d8b60eb1373552b7d4fed78d85dc10fde2a9b,49,science,llama,NousResearch/Meta-Llama-3.1-8B-Instruct,kazdiv,2,True,False,Ғылыми модель құбылыстың маңызды қасиеттерін ықшам түрде сипаттауға арналған.,0.9887630939483643,True,1,594,604,1198,8.981164687000273,8.991670737001186,0.0,13,13,0,13,0,6,7,0,0,2637269968590188068,0.95,1,,
Experiment_1_Kazakh_Paraphrase_Generation_FINAL,5517c23a1d635976934e1c3cfd0a26d30fca1708c556286cc27686c0aa354a7a,7,general,kazllm,issai/LLama-3.1-KazLLM-1.0-8B,kazdiv,3,True,False,Дұрыс тамақтану және белсенді әрекеттер күнделікті өмірдің сапасын арттырады.,0.9296801090240479,True,1,614,668,1282,9.939904947999821,9.948683738,0.0,12,6,6,6,0,2,4,1,2,3065807731736462856,0.95,1,,
Experiment_1_Kazakh_Paraphrase_Generation_FINAL,55296b18841028ffb8ed9c2ee996a720894514b50b7dff913a30e74955b1a4a5,45,science,kazllm,issai/LLama-3.1-KazLLM-1.0-8B,baseline,2,True,False,"Түпнұсқа сөйлем: Ғылыми қорытынды зерттеу нәтижелеріне сүйеніп, бастапқы сұраққа нақты жауап беруі керек. Қайта жазылған сөйлем: Ғылыми қорытынды бастапқы сұраққа нақты жауап беру үшін зерттеу нәтижелеріне сүйеніп, түпкілікті болуы тиіс.",0.8355482816696167,False,1,502,164,666,2.4374411389999295,2.4435892980000062,0.0,1,1,0,0,1,,,,,,,,,
Experiment_1_Kazakh_Paraphrase_Generation_FINAL,55305ae9ebbabe03363eb0fb3b4bf2c121019f81c769e15f9c553cc40ca1db5c,37,education,llama,NousResearch/Meta-Llama-3.1-8B-Instruct,baseline,4,True,False,Жоғары оқу орнынан кейін де студенттің өз бетінше білім алу дағдысы кәсіби дамуға негіз болады.,0.9834144115447998,True,1,477,58,535,0.8776788340001076,0.8837699040013831,0.0,1,1,0,1,0,,,,,,,,,
Experiment_1_Kazakh_Paraphrase_Generation_FINAL,5544683c301cc854e5fe4c484bbb37318b8ab813a4e59ed27d5bbbfcef6364aa,97,news,kazllm,issai/LLama-3.1-KazLLM-1.0-8B,baseline,2,True,False,Мамандар жаңа экологиялық жоба қалдықтарды сұрыптау мәдениетін дамытуға ықпал етеді деп есептейді.,1.0,False,1,507,64,571,0.9648579309996421,0.9665636820000145,0.0,1,1,0,0,1,,,,,,,,,
Experiment_1_Kazakh_Paraphrase_Generation_FINAL,556a49ac09f028ca487200b28d8f3ad14ce4fc22d07a93593d6de3db8203f222,12,general,llama,NousResearch/Meta-Llama-3.1-8B-Instruct,kazdiv,4,True,False,"Табиғат аясында демалғанда адамның көңіл күйі жақсарып, күнделікті күйзелісті төмендетеді.",0.9433361291885376,True,1,602,751,1353,11.18301114499991,11.192423784999846,0.0,12,12,0,12,0,1,11,0,2,6428148820650396934,0.95,1,,
Experiment_1_Kazakh_Paraphrase_Generation_FINAL,558dce3e3b8cf91c87d73d24c69ded60ef1dba13118af0b6b006677fef431bba,35,education,llama,NousResearch/Meta-Llama-3.1-8B-Instruct,baseline,1,True,False,Пәнаралық тапсырмалар әртүрлі салалардағы білімді бір мәселе төңірегінде біріктіруге мүмкіндік береді. Қайта жазылған сөйлем: Пәнаралық тапсырмалар әртүрлі салалардағы білімді бір мәселе төңірегінде біріктіруге мүмкіндік береді.,0.9125456809997559,False,1,486,151,637,2.248234914000932,2.254981633999705,0.0,1,1,0,0,1,,,,,,,,,
Experiment_1_Kazakh_Paraphrase_Generation_FINAL,55993185647292af42a2f2f270db7fc9959e39e4227b1173d85ff02a30aa2899,42,science,kazllm,issai/LLama-3.1-KazLLM-1.0-8B,baseline,3,True,False,Эксперимент нәтижелерінің сенімділігі деректерді жинау әдісінің дұрыстығына тікелей байланысты.,1.0,False,1,499,56,555,0.8467936860001828,0.8485140859997955,0.0,1,1,0,0,1,,,,,,,,,
Experiment_1_Kazakh_Paraphrase_Generation_FINAL,55a0eeab2bbd4adc4f80188b1e27f6d732e01e1e8b71c0a71fad116f2ccf8ea6,76,technology,kazllm,issai/LLama-3.1-KazLLM-1.0-8B,baseline,5,True,False,Нейрондық желілер күрделі үлгілерді үйрену үшін бірнеше байланысқан есептеу қабаттарын пайдаланады.,0.9867786169052124,True,1,513,63,576,0.9570049249996373,0.9630893449993891,0.0,1,1,0,1,0,,,,,,,,,
Experiment_1_Kazakh_Paraphrase_Generation_FINAL,55acdfc1a92ce89f0b020eaa0d348bb25f8be0a917852a9970f39043f359ebfe,99,news,llama,NousResearch/Meta-Llama-3.1-8B-Instruct,kazdiv,4,True,False,Білім беру мен медицинаға арналған цифрлық шешімдерді көрсетуге технологиялық көрмеде отандық әзірлеушілер көп көңіл бөлді.,0.9304361343383789,True,1,604,839,1443,12.503945581000153,12.513625571000375,0.0,12,12,0,12,0,2,10,1,6,5879027392284493712,0.95,1,,
Experiment_1_Kazakh_Paraphrase_Generation_FINAL,55b47684ab1f8377491b060b7015839e52c1ac69bf6042c9670c25603f810b78,60,science,llama,NousResearch/Meta-Llama-3.1-8B-Instruct,kazdiv,2,True,False,"Зерттеу нәтижелерінің практикалық маңызын бағалау статистикалық мәнділікті түсіндірумен қатар, оның практикалық нәтижелерін де бағалауға мәжбүр.",0.8415971994400024,True,1,603,1019,1622,15.191072387000531,15.20415434700044,0.0,12,12,0,6,6,4,2,1,5,13230803606074773862,0.95,1,,
Experiment_1_Kazakh_Paraphrase_Generation_FINAL,55c90eeff36d9d74b53aa81df05a6a9a84c5ffad0dfc5bf654b1b1a5acf4186b,79,technology,llama,NousResearch/Meta-Llama-3.1-8B-Instruct,baseline,3,True,False,Басқа сөздермен қайта жазылған сөйлем: Құрылғылардың жайғұс қолдануы пайдаланушыларды цифрлық сервистерді пайдаланудың қолайлылығына жетелейді.,0.7282940149307251,False,1,491,95,586,1.4221621489996323,1.4290683189992706,0.0,1,1,0,0,1,,,,,,,,,
Experiment_1_Kazakh_Paraphrase_Generation_FINAL,55cd8a58217e98397135f6ea041db5cc23017efbca4737af157e4a3ec09f66e3,66,technology,llama,NousResearch/Meta-Llama-3.1-8B-Instruct,kazdiv,5,True,False,Мобильді қосымшаның ыңғайлы интерфейсі пайдаланушының сервисті меңгеру қарыздығын қысқартады.,0.9682708382606506,True,1,596,960,1556,14.300439470998754,14.310480721000204,0.0,12,11,1,11,0,6,5,0,0,10676237896588448827,0.95,1,,
Experiment_1_Kazakh_Paraphrase_Generation_FINAL,55e13ffc07c7dc23dd9474fe7e748e7283302eb82be39e5872eea735aeb3163e,81,news,kazllm,issai/LLama-3.1-KazLLM-1.0-8B,kazdiv,3,True,False,Қала әкімдігі тұрғындардың ұсыныстары негізінде қоғамдық көлік маршруттарын қайта қарастыруды жоспарлап отыр,0.9107667207717896,True,1,635,940,1575,14.012179586999991,14.020816467000259,0.0,12,7,5,7,0,2,5,1,6,17655543584269568718,0.95,1,,
Experiment_1_Kazakh_Paraphrase_Generation_FINAL,55f67d403af94424ab7c36799506e88dfb3c11aa142f78a8848c9f69689c1e28,13,general,llama,NousResearch/Meta-Llama-3.1-8B-Instruct,baseline,4,True,False,Сөйлемді жаңа ақпараттарсыз қайта жазу: Кері байланыс жұмысында уақытында жүргізілген жақсарту ықпал етеді.,0.7521517276763916,True,1,469,74,543,1.112831090000327,1.1190362200013624,0.0,1,1,0,1,0,,,,,,,,,
Experiment_1_Kazakh_Paraphrase_Generation_FINAL,561144d6fb4daa86225def7b04c643539e24760e6e7cac33f2d6ff7891aa4540,24,education,kazllm,issai/LLama-3.1-KazLLM-1.0-8B,baseline,3,True,False,Топтық жұмыс студенттердің бірлесе жұмыс істеу және ортақ шешім қабылдау дағдыларын дамытады.,0.9702785015106201,True,1,499,61,560,0.9203339250000226,0.9260150050001812,0.0,1,1,0,1,0,,,,,,,,,
Experiment_1_Kazakh_Paraphrase_Generation_FINAL,563bfda99164775fea739d58c1acd5fdab1aae01385583c716bb266777ea6134,78,technology,llama,NousResearch/Meta-Llama-3.1-8B-Instruct,kazdiv,5,True,False,"Резервтік көшірмелер жүйені қалпына келтіруге қолдау көрсетеді, алайда техникалық ақаулар кезінде.",0.8500089645385742,True,1,602,916,1518,13.64727079899967,13.657022818999394,0.0,13,12,1,10,2,9,1,2,2,140260535596377596,0.95,1,,
Experiment_1_Kazakh_Paraphrase_Generation_FINAL,56428de89035d65b60c56f788ea0fa97ed179f04f2f38253b01e9113dbe43847,3,general,llama,NousResearch/Meta-Llama-3.1-8B-Instruct,kazdiv,4,True,False,Адамдар арасындағы өзара сенім нығайтуға ықпал етеді.,0.9243285655975342,True,1,592,658,1250,9.789499104999777,9.799718874999598,0.0,12,11,1,11,0,7,4,0,0,11657843531969489641,0.95,1,,
Experiment_1_Kazakh_Paraphrase_Generation_FINAL,5654a16cbabd35fa7cc46ce0bb5c1b526dc4f5eff367a46c79accc1bb2cc7a6b,8,general,kazllm,issai/LLama-3.1-KazLLM-1.0-8B,kazdiv,3,True,False,Басқаларды құрметтеу үшін қоғамдық орындарда ортақ ережелерді сақтау маңызды.,0.9108701944351196,True,1,633,854,1487,12.722972743000355,12.731757483000365,0.0,13,4,9,4,0,2,2,0,0,11643489667539933208,0.95,1,,
Experiment_1_Kazakh_Paraphrase_Generation_FINAL,567c88828a15ed1d504bc98aaf7881001bc93c6ec9655fe862865b62ca8fa554,14,general,kazllm,issai/LLama-3.1-KazLLM-1.0-8B,baseline,5,True,False,Әртүрлі пікірлерді тыңдау мәселені жан-жақты түсінуге мүмкіндік береді.,0.9849835634231567,True,1,498,50,548,0.7589381149998644,0.7645824749999974,0.0,1,1,0,1,0,,,,,,,,,
Experiment_1_Kazakh_Paraphrase_Generation_FINAL,569f2677d9df192a8d8babf7db40ac5977b653c05d8d17e358dc9babbb4f311f,16,general,kazllm,issai/LLama-3.1-KazLLM-1.0-8B,kazdiv,4,True,False,"Адамның әлеуметтік тәжірибесін кеңейте отырып, еріктілік қызметі қоғамға пайда әкеледі.",0.8827446699142456,True,1,625,801,1426,11.926465235000023,11.93496231600011,0.0,12,6,6,6,0,3,3,0,2,6396434175901991460,0.95,1,,
Experiment_1_Kazakh_Paraphrase_Generation_FINAL,56a15e060054a7aa4e765515c97fbeb5dbdd24534eac6176e769c6ec49a4f038,12,general,llama,NousResearch/Meta-Llama-3.1-8B-Instruct,baseline,2,True,False,"Табиғат аясында демалу адамның көңіл күйін жақсартып, күнделікті күйзелісті төмендетуі мүмкін. Қайта жазылған сөйлем: Демалыс күнделікті күйзелісті төмендетуі мүмкін.",0.9171677827835083,True,1,484,114,598,1.7019663349983603,1.708246145000885,0.0,1,1,0,1,0,,,,,,,,,
Experiment_1_Kazakh_Paraphrase_Generation_FINAL,56a83be67ed005ea5b89cadbadc04b4e7423576de1cbae11f89d997a97c2d5be,95,news,llama,NousResearch/Meta-Llama-3.1-8B-Instruct,baseline,1,True,False,Жаңа сөйлем: Қалада кітапханаларда жастарға арналған тегін цифрлық дағдылар курстары шықты.,0.9011081457138062,True,1,476,61,537,0.9218199329989147,0.9286028429996804,0.0,1,1,0,1,0,,,,,,,,,
Experiment_1_Kazakh_Paraphrase_Generation_FINAL,56aa1f5ad8967f076f998161cd19e0c0ebffc695aa8b7a18e0b287f4a25d37dd,99,news,llama,NousResearch/Meta-Llama-3.1-8B-Instruct,kazdiv,1,True,False,Технологиялық көрмеде білім беру және медицина салаларына арналған шешімдерді көрсетуге отандық әзірлеушілер қатысты.,0.90665602684021,True,1,604,1188,1792,17.72858842000096,17.743428709998625,0.0,13,13,0,13,0,5,8,3,6,16522875241382946550,0.95,1,,
Experiment_1_Kazakh_Paraphrase_Generation_FINAL,56e2625f2a2c547cf81dbe998672d45a1407f2e092f1e0d1ae71d3137dbe8d1b,55,science,kazllm,issai/LLama-3.1-KazLLM-1.0-8B,baseline,3,True,False,Зерттеушілер әдіс таңдағанда оның артықшылықтарымен қатар шектеулерін де ескеруі қажет.,1.0,False,1,498,55,553,0.8332244610000998,0.834961631000624,0.0,1,1,0,0,1,,,,,,,,,
Experiment_1_Kazakh_Paraphrase_Generation_FINAL,57360b80e29775007eb12c804adda785daa8dd3a5e223e20a578343992a30901,4,general,kazllm,issai/LLama-3.1-KazLLM-1.0-8B,kazdiv,1,True,False,Мақсаттарына жету үшін адамдарға тұрақты әдеттер қажет,0.8288685083389282,True,1,623,563,1186,8.375038212000163,8.383267801999864,0.0,12,6,6,5,1,2,3,1,2,3066903199659979027,0.95,1,,
Experiment_1_Kazakh_Paraphrase_Generation_FINAL,573b4101e482754eeee0114a7f17b36a7d550856397ac6bd314ad04c4c51739b,93,news,kazllm,issai/LLama-3.1-KazLLM-1.0-8B,kazdiv,3,True,False,Жергілікті билік ауаның сапасын бақылау үшін қосымша өлшеу бекеттерін орнатуды жоспарлап отыр.,0.9971676468849182,True,1,624,897,1521,13.368936351999764,13.377534841999477,0.0,15,3,12,3,0,1,2,0,1,3655314122218549550,0.95,1,,
Experiment_1_Kazakh_Paraphrase_Generation_FINAL,573c9eaab6f45a54629f6a323d497f08e81f4350ae18775947d8fd540db062ae,24,education,kazllm,issai/LLama-3.1-KazLLM-1.0-8B,kazdiv,5,True,False,Топтық жұмыс студенттердің бірлесіп шешім қабылдау дағдыларын дамытады және пікір алмасуға ықпал етеді.,0.9812666773796082,True,1,617,852,1469,12.69072045200005,12.699730212000077,0.0,12,9,3,9,0,1,8,0,0,14018208561321522154,0.95,1,,
Experiment_1_Kazakh_Paraphrase_Generation_FINAL,57af75bb58a44f1118c52007b2484c4b5a7842b8f1607e892fcfdf646324619b,89,news,llama,NousResearch/Meta-Llama-3.1-8B-Instruct,baseline,4,True,False,Талаптарды қорыта отырып жаңа сөйлем: Сарапшылар еңбек нарығында деректерді талдау құралдарына сұраныс өсті.,0.8067485690116882,True,1,479,70,549,1.054527591999431,1.060995592000836,0.0,1,1,0,1,0,,,,,,,,,
Experiment_1_Kazakh_Paraphrase_Generation_FINAL,57d40df526db9e42361aad8d602f573660e6b07ad1920df3566617a052c3eceb,39,education,llama,NousResearch/Meta-Llama-3.1-8B-Instruct,baseline,3,True,False,Оқу барысында қойылатын сұрақтар студенттердің дәлелді жауаптар құрастыру қабілетін дамытады.,0.9618743658065796,True,1,481,59,540,0.8920565739990707,0.8984491339997476,0.0,1,1,0,1,0,,,,,,,,,
Experiment_1_Kazakh_Paraphrase_Generation_FINAL,57ee3ffcfd590c9069f7c5af7e893d373d75bb0eae5318e0334248ee624ce9bb,76,technology,kazllm,issai/LLama-3.1-KazLLM-1.0-8B,kazdiv,3,True,False,Нейрондық желілер күрделі үлгілерді үйрену үшін бір-бірімен байланысқан бірнеше есептеу қабаттарын пайдаланады.,0.9930438995361328,True,2,1262,2048,3310,30.52538605799964,30.53672793900023,0.0,12,2,10,2,0,1,1,0,0,16028898837180254639,0.95,2,,
Experiment_1_Kazakh_Paraphrase_Generation_FINAL,5844b2c1370900ae590bcc2c4be1e2abd11be44dbe5687074c125b7b1c87e700,90,news,kazllm,issai/LLama-3.1-KazLLM-1.0-8B,baseline,1,True,False,Жаңа зертхана студенттер мен жас ғалымдарға тәжірибелік жобалар жүргізуге мүмкіндік береді.,1.0,False,1,498,55,553,0.8337745600001654,0.8398598200001288,0.0,1,1,0,0,1,,,,,,,,,
Experiment_1_Kazakh_Paraphrase_Generation_FINAL,586793535eff600dd4d3de619c4418e80166be8ed5a4747847d35e3b074b1ad5,34,education,kazllm,issai/LLama-3.1-KazLLM-1.0-8B,kazdiv,2,True,False,Студенттердің жаңа ұғымдарды меңгеруін жеңілдету үшін күрделі тақырыптарды мысалдар арқылы түсіндіру қажет,0.846146821975708,True,1,627,846,1473,12.602898832000392,12.611301292000007,0.0,12,3,9,2,1,2,0,0,1,15637067430204287765,0.95,1,,
Experiment_1_Kazakh_Paraphrase_Generation_FINAL,58a82e0010e0d5371b779b6420703449040587b88758a93ad1cbeeefba8869bd,17,general,kazllm,issai/LLama-3.1-KazLLM-1.0-8B,baseline,1,True,False,Жұмыс пен демалыстың арасындағы тепе-теңдікті қамтамасыз ету үшін күн тәртібін сақтау өте маңызды.,0.907047688961029,True,1,506,71,577,1.0670854099998905,1.074001429999953,0.0,1,1,0,1,0,,,,,,,,,
Experiment_1_Kazakh_Paraphrase_Generation_FINAL,58d4006700e36baafc5c7d29fedbbfb007b4b7184c8022efc6183d75bc109e44,73,technology,kazllm,issai/LLama-3.1-KazLLM-1.0-8B,baseline,4,True,False,"Үлкен тілдік үлгілер мәтінді талдау, құрастыру және ақпаратты өңдеу салаларында кеңінен қолданылады.",0.9148893356323242,True,1,510,71,581,1.0684625740004776,1.074476474000221,0.0,1,1,0,1,0,,,,,,,,,
Experiment_1_Kazakh_Paraphrase_Generation_FINAL,58f9da0220d26155ee775e1fbfc35762f5f8118a944ff145f161219be8e26abd,34,education,llama,NousResearch/Meta-Llama-3.1-8B-Instruct,baseline,4,True,False,Мысалдар арқылы күрделі тақырыптарды түсіндіру студенттердің жаңа ұғымдарды меңгеруін жеңілдетеді.,0.9759904146194458,True,1,484,66,550,0.9947677630007092,0.9966371930004243,0.0,1,1,0,1,0,,,,,,,,,
Experiment_1_Kazakh_Paraphrase_Generation_FINAL,58ff993145f7546303440f5b4259c9ac0d4b1b0241641a6ff07d3ff605492b77,87,news,kazllm,issai/LLama-3.1-KazLLM-1.0-8B,baseline,3,True,False,Аймақта шағын және орта бизнесті қолдауға бағытталған оқыту бағдарламасы іске қосылды.,1.0,False,1,504,61,565,0.9208029789997454,0.9224694790000285,0.0,1,1,0,0,1,,,,,,,,,
Experiment_1_Kazakh_Paraphrase_Generation_FINAL,59061671e7ec22aa5bfbbf8717a78f3e6fb2a90d453d191720532ff864221d5e,97,news,kazllm,issai/LLama-3.1-KazLLM-1.0-8B,baseline,4,True,False,Мамандар жаңа экологиялық жобаның мақсаты – қалдықтарды сұрыптау мәдениетін ілгерілету деп санайды.,0.9202183485031128,True,1,507,60,567,0.9060507130006954,0.9126339329995972,0.0,1,1,0,1,0,,,,,,,,,
Experiment_1_Kazakh_Paraphrase_Generation_FINAL,590b82e206cc11b4f0f93fcbfe6a12ada6bc87488e8af8cfe89eb7f8328f1781,64,technology,kazllm,issai/LLama-3.1-KazLLM-1.0-8B,kazdiv,3,True,False,Киберқауіпсіздік жүйелері ақпараттық ресурстарды рұқсатсыз қол жеткізуден қорғауға арналған.,0.9892221689224243,True,1,629,818,1447,12.191123311999945,12.199741431999428,0.0,12,6,6,5,1,2,3,1,3,6789781912101229126,0.95,1,,
Experiment_1_Kazakh_Paraphrase_Generation_FINAL,590bade014223b953660542c9ade74f1e04aa767ac75ac724cbabc7d8305e7b0,19,general,llama,NousResearch/Meta-Llama-3.1-8B-Instruct,kazdiv,1,True,False,Жергілікті мәдени дәстүрлерді сақтау қоғамның тарихи жадын қорғауға және айқындауға қолданылады,0.8470170497894287,True,1,599,897,1496,13.358141107000847,13.367565937000109,0.0,12,12,0,10,2,10,0,5,5,3036723907320965187,0.95,1,,
Experiment_1_Kazakh_Paraphrase_Generation_FINAL,595a9bc75b6aafbe43ca80ca8a0b9df33fda6fda1bc2219fd410029220fe8537,25,education,llama,NousResearch/Meta-Llama-3.1-8B-Instruct,kazdiv,2,True,False,Онлайн платформалар кез келген уақытта оқу материалдарына қол жеткізуге мүмкіндік береді.,0.9981492757797241,True,1,585,676,1261,10.06198974200015,10.073326011999598,0.0,12,12,0,12,0,3,9,0,0,2657831327501485194,0.95,1,,
Experiment_1_Kazakh_Paraphrase_Generation_FINAL,597e21778cb48962a15a51bea222d7a8f95d5e3e2e379badd2fce917ab8a77ae,45,science,kazllm,issai/LLama-3.1-KazLLM-1.0-8B,kazdiv,3,True,False,"Зерттеу нәтижелеріне сүйеніп, бастапқы сұраққа нақты жауап беруі керек ғылыми қорытынды",0.9314301013946533,True,1,620,747,1367,11.128527708000092,11.137138497999786,0.0,12,4,8,3,1,3,0,1,2,13799780457930534581,0.95,1,,
Experiment_1_Kazakh_Paraphrase_Generation_FINAL,59a50e6ba8f9b34950a652509cae889a87adb2eaa062c8dd8a2354b69f0961c0,10,general,llama,NousResearch/Meta-Llama-3.1-8B-Instruct,kazdiv,2,True,False,Отбасының бірге көмегі қиынқа түскенде өзара қолдау көрсетуге мүмкіндік береді.,0.9309213161468506,True,1,589,731,1320,10.878596837999794,10.88754699799938,0.0,13,7,6,7,0,1,6,0,5,7653755853946879505,0.95,1,,
Experiment_1_Kazakh_Paraphrase_Generation_FINAL,59a5af2250481183665791e8caf0feb9bc8a0e6af186c3a4bcac47882a288ca5,61,technology,kazllm,issai/LLama-3.1-KazLLM-1.0-8B,baseline,2,True,False,Жасанды интеллект үлкен көлемдегі деректерден күрделі заңдылықтарды автоматты түрде анықтауға мүмкіндік береді.,1.0,False,1,511,68,579,1.0239458890000606,1.0256658990001597,0.0,1,1,0,0,1,,,,,,,,,
Experiment_1_Kazakh_Paraphrase_Generation_FINAL,5a01cd1b4ce7fc1c9ec87741a83bb528bf1e286691d6f68f9c2dba45dd095a9c,11,general,llama,NousResearch/Meta-Llama-3.1-8B-Instruct,kazdiv,1,True,False,"Қаржыны жоспарлау қажет, ол шығындарды азайтуға көмектеседі.",0.872567892074585,True,1,583,571,1154,8.494106788000863,8.50505621800039,0.0,12,10,2,9,1,4,5,2,3,9269530870705254677,0.95,1,,
Experiment_1_Kazakh_Paraphrase_Generation_FINAL,5a0f7c7234862089627911217c4385016832ef54f6b931f3688cf9721bdd6526,97,news,llama,NousResearch/Meta-Llama-3.1-8B-Instruct,kazdiv,1,True,False,Мамандардың экологиялық денсаулықты дамытуға ықпал ететін жаңа экологиялық жоба қалдықтарды сұрыптауға көмектеседі.,0.8368208408355713,True,1,600,792,1392,11.798667916998966,11.811341446998995,0.0,12,11,1,10,1,8,2,6,7,6506666013204788529,0.95,1,,
Experiment_1_Kazakh_Paraphrase_Generation_FINAL,5a4e2c2d959ede9708ca396d08b3c0f9b836a5eb0e15a0d7245fb0b4dbdff55b,84,news,kazllm,issai/LLama-3.1-KazLLM-1.0-8B,kazdiv,2,True,False,Жергілікті кәсіпкерлерге арналған жаңа қолдау бағдарламасының шарттары ресми жиналыста таныстырылды.,0.9619604349136353,True,1,621,732,1353,10.899470221999763,10.908132022000245,0.0,12,3,9,3,0,1,2,0,2,7177503754417597796,0.95,1,,
Experiment_1_Kazakh_Paraphrase_Generation_FINAL,5a71569c7e7d0b0c16faab015b00923b406bc22df9e710d1514e77a5f527b7ea,81,news,kazllm,issai/LLama-3.1-KazLLM-1.0-8B,baseline,5,True,False,Қала әкімдігі тұрғындардың ұсыныстары негізінде қоғамдық көлік бағыттарын қайта қарауды жоспарлап отыр.,0.9958628416061401,True,1,517,74,591,1.1183469070001593,1.1200848369999221,0.0,1,1,0,1,0,,,,,,,,,
Experiment_1_Kazakh_Paraphrase_Generation_FINAL,5a77f6f47d83e22ad5d72c1a6ef12988f0eb610d064560e65f5da55b5d64555a,74,technology,llama,NousResearch/Meta-Llama-3.1-8B-Instruct,baseline,2,True,False,Бағдарламалық интерфейстер әртүрлі ақпараттық жүйелер арасында автоматты дерек алмасуды ұйымдастыруға көмектеседі. Сөйлемді қайта жазу тапсырысында бастапқы сөйлемді толық сақтап жазуға алыпсатарлық сөздерді алып тастау арқылы жүргізілді. Сөйлемді қайта жазу тапсырысындағы басқа талаптардың қатарында бастапқы ақпаратты алып тастау талабы да сақталды.,0.7599667310714722,False,1,490,226,716,3.3503763070002606,3.357202467001116,0.0,1,1,0,0,1,,,,,,,,,
Experiment_1_Kazakh_Paraphrase_Generation_FINAL,5a81a22e54f64fdf9106adad5ee850fd82ca940bb30b45fd6404a2a4d857d49d,90,news,kazllm,issai/LLama-3.1-KazLLM-1.0-8B,kazdiv,2,True,False,Жаңа зертханада студенттер мен жас ғалымдар тәжірибелік жобалар жүргізеді.,0.9261919260025024,True,1,616,681,1297,10.139075570000387,10.147993679999672,0.0,12,6,6,5,1,2,3,1,2,18278507773716906368,0.95,1,,
Experiment_1_Kazakh_Paraphrase_Generation_FINAL,5a8bfa467802887c78ff35097672455c2f5b9a68ebb48c1a9f118e4bca4876d1,95,news,llama,NousResearch/Meta-Llama-3.1-8B-Instruct,kazdiv,2,True,False,Жастар кітапханаларда цифрлық дағдылар курстарына қатысуға құқық алды,0.789803683757782,True,1,594,655,1249,9.749656623998817,9.760361763999754,0.0,12,11,1,11,0,6,5,0,0,7069167064082023922,0.95,1,,
Experiment_1_Kazakh_Paraphrase_Generation_FINAL,5aa349767dc4f5567b8c2566d5c7cf92efb91bf2f51702d96c37e9a81196a6be,12,general,kazllm,issai/LLama-3.1-KazLLM-1.0-8B,kazdiv,2,True,False,"Табиғат аясында демалу адамның көңіл-күйін жақсартып, күнделікті күйзелісті төмендетуі мүмкін.",0.9982422590255737,True,1,627,1123,1750,16.750447396999903,16.759505756999943,0.0,14,6,8,5,1,3,2,1,5,907264014379691482,0.95,1,,
Experiment_1_Kazakh_Paraphrase_Generation_FINAL,5ab0ba55371572cb21776ea89b39937efbbb6b249e069bd874488b63f9491c45,47,science,llama,NousResearch/Meta-Llama-3.1-8B-Instruct,kazdiv,3,True,False,Деректер жиынтығы күрделі құбылыстарды бірнеше көрсеткіш бойынша қарастыруға мүмкіндік береді.,0.9094206094741821,True,1,603,795,1398,11.842755694000516,11.854697454000416,0.0,12,12,0,12,0,6,6,1,1,2394868131788166235,0.95,1,,
Experiment_1_Kazakh_Paraphrase_Generation_FINAL,5b1fcb5bcb0b5c1e7c5109d0187b4572d4ab3012a593f4364f2721ecf4d77bc5,83,news,llama,NousResearch/Meta-Llama-3.1-8B-Instruct,kazdiv,3,True,False,Су ресурстарын үнемді пайдалануға қажеттілік алдағы маусымда мамандардың еңбегін қамтамасыз етті.,0.9049668312072754,True,1,579,778,1357,11.58164628600025,11.595155196000633,0.0,12,12,0,11,1,2,9,1,4,13963412116028285324,0.95,1,,
Experiment_1_Kazakh_Paraphrase_Generation_FINAL,5b5e757c281e48e05c3c826334f55dbe9b1645bc8d7fe88703f1139c8c8cdb65,66,technology,kazllm,issai/LLama-3.1-KazLLM-1.0-8B,kazdiv,5,True,False,Мобильді қосымшаның ыңғайлы интерфейсі пайдаланушының сервисті меңгеру уақытын азайтады.,0.9873480796813965,True,1,621,743,1364,11.068413803999647,11.075854814000195,0.0,12,2,10,1,1,1,0,0,1,11908390491185544403,0.95,1,,
Experiment_1_Kazakh_Paraphrase_Generation_FINAL,5b6560e2035166a04c871978d995d4f5b319ac6b9a7edeed832c38c7aec4ec11,93,news,kazllm,issai/LLama-3.1-KazLLM-1.0-8B,kazdiv,5,True,False,Жергілікті билік ауаның сапасын бақылау үшін қосымша өлшеу бекеттерін орнатуды жоспарлап отыр.,0.9971675872802734,True,1,624,728,1352,10.847170471999561,10.855856922000385,0.0,12,7,5,7,0,1,6,0,2,6210437307450188591,0.95,1,,
Experiment_1_Kazakh_Paraphrase_Generation_FINAL,5c250748ad1b98e0fd73a94a24728213149a7302a52cf212c408f50084b03c87,95,news,kazllm,issai/LLama-3.1-KazLLM-1.0-8B,kazdiv,5,True,False,Қаладағы кітапханаларда жастарға арналған тегін цифрлық дағдылар курстары ұйымдастырыла бастады.,0.9959980845451355,True,1,619,750,1369,11.174897173999852,11.183404533999237,0.0,12,5,7,5,0,1,4,0,4,13724015837804046904,0.95,1,,
Experiment_1_Kazakh_Paraphrase_Generation_FINAL,5c63b43ee2e4477fec5aae2abc6d86edffa049411844054b2e1c18d6f05026f0,42,science,kazllm,issai/LLama-3.1-KazLLM-1.0-8B,kazdiv,4,True,False,Эксперимент нәтижелерінің сенімділігі деректерді жинау әдісінің дұрыстығына тікелей байланысты болып табылады.,0.9941341876983643,True,2,1234,1523,2757,22.687966034000056,22.69767343400008,0.0,13,1,12,1,0,1,0,0,0,7031872962383618063,0.95,2,,
Experiment_1_Kazakh_Paraphrase_Generation_FINAL,5c781a7c954e94485c6f18e8451c29fd3d467211f4813eba5df42a599b877fd7,1,general,llama,NousResearch/Meta-Llama-3.1-8B-Instruct,kazdiv,4,True,False,Құрметті уақытты пайдалану үшін дұрыс жоспарлау керек.,0.7883400917053223,True,1,586,520,1106,7.727336325000579,7.7379332250002335,0.0,12,11,1,10,1,9,1,4,4,16967968667132951420,0.95,1,,
Experiment_1_Kazakh_Paraphrase_Generation_FINAL,5c791d8bcbe453a8b76f8515ad6f948bdb2ba2d664fa260c1fe5fca56ec14f2d,63,technology,kazllm,issai/LLama-3.1-KazLLM-1.0-8B,kazdiv,5,True,False,Күрделі бағдарламаларды іске қосу үшін жергілікті инфрақұрылымды қымбат емес бұлттық есептеу ресурстарын пайдалануға болады.,0.8793611526489258,True,1,635,1117,1752,16.660025794999456,16.668951225000455,0.0,14,5,9,5,0,4,1,3,3,6232990536543123157,0.95,1,,
Experiment_1_Kazakh_Paraphrase_Generation_FINAL,5caf55fd667e4b4d3223152723a96f8ba89033ff3a4c81205d6fe28d6b9f864c,57,science,llama,NousResearch/Meta-Llama-3.1-8B-Instruct,kazdiv,4,True,False,Ғылыми мақалаларда көп қолданылатын дереккөздердің анықтамалық мәліметтерін жеткілікті деңгейде зерттеу керек.,0.8374412059783936,True,1,596,990,1586,14.744598240000414,14.754769640001541,0.0,13,10,3,10,0,3,7,1,4,3300977025253960848,0.95,1,,
Experiment_1_Kazakh_Paraphrase_Generation_FINAL,5cc5d01523fd4031bb6b98e3ce6632cf77d40fa4bce4d552d3bf23ae6bbeb758,34,education,kazllm,issai/LLama-3.1-KazLLM-1.0-8B,baseline,4,True,False,Студенттердің жаңа ұғымдарды үйренуін жеңілдету үшін күрделі тақырыптарды мысалдар арқылы түсіндіру қажет.,0.8564421534538269,True,1,509,73,582,1.0968819350000558,1.1026187950001258,0.0,1,1,0,1,0,,,,,,,,,
Experiment_1_Kazakh_Paraphrase_Generation_FINAL,5d0b2d373c225399a029f7e737ca587f6902acc92cf1dc6ecba101ede3ed4f4c,91,news,kazllm,issai/LLama-3.1-KazLLM-1.0-8B,kazdiv,5,True,False,Өңірлік форумда жасанды интеллектті білім беру мен өндірісте қолдану мәселелері талқыланды.,0.9948208928108215,True,1,615,658,1273,9.794150754999464,9.801293025000632,0.0,12,2,10,2,0,1,1,0,0,9521309738495174795,0.95,1,,
Experiment_1_Kazakh_Paraphrase_Generation_FINAL,5d0ca45248704d3a136e9d6bd2ee21feeefc50ab6691491ee3fd470ae18350c4,63,technology,llama,NousResearch/Meta-Llama-3.1-8B-Instruct,kazdiv,2,True,False,Бұлттық қосылу құралдары күрделі бағдарламаларды іске қостыруда жергілікті инфрақұрылымсыз іске қостыруға мүмкіндік береді.,0.8597160577774048,True,1,610,1073,1683,16.00256768500003,16.015011454999694,0.0,13,10,3,10,0,5,5,2,7,6567624127726673339,0.95,1,,
Experiment_1_Kazakh_Paraphrase_Generation_FINAL,5d12319a9fb2ffc05816939c3af7e7dbdb7626b9f370d99792804508cc5116ef,63,technology,kazllm,issai/LLama-3.1-KazLLM-1.0-8B,baseline,2,True,False,Бұлттық есептеу ресурстары күрделі бағдарламаларды қымбат жергілікті инфрақұрылымсыз іске қосуға мүмкіндік береді.,1.0,False,1,517,74,591,1.1179504080000697,1.1196692680005071,0.0,1,1,0,0,1,,,,,,,,,
Experiment_1_Kazakh_Paraphrase_Generation_FINAL,5d4a964504efcc73ff663e23602ef9888a8b15b4dbe872eb1472b791d03a04c9,41,science,llama,NousResearch/Meta-Llama-3.1-8B-Instruct,baseline,3,True,False,Ғылыми зерттеу нақты мәселені анықтаудан басталады.,0.9313510656356812,True,1,481,32,513,0.49425492599948484,0.5002942159990198,0.0,1,1,0,1,0,,,,,,,,,
Experiment_1_Kazakh_Paraphrase_Generation_FINAL,5d638eb2c4af515db5eab6d2e7f311e70306b5da5d51c072246d5550d3c3a021,68,technology,llama,NousResearch/Meta-Llama-3.1-8B-Instruct,baseline,2,True,False,Қайталанатын операцияларды автоматтандыруға мүмкіндік беретін роботтандырылған жүйелер бар.,0.8813188076019287,True,1,477,49,526,0.7448150930013071,0.7511913830003323,0.0,1,1,0,1,0,,,,,,,,,
Experiment_1_Kazakh_Paraphrase_Generation_FINAL,5d639634ab4327d09fd79fe9a4af8dfb21fdf80dda0e6f8046a158e1278a1843,99,news,kazllm,issai/LLama-3.1-KazLLM-1.0-8B,baseline,2,True,False,Технологиялық көрмеде отандық әзірлеушілер білім беру мен медицинаға арналған бірнеше цифрлық шешімді таныстырды.,1.0,False,1,511,68,579,1.0241261609999128,1.0258557909992305,0.0,1,1,0,0,1,,,,,,,,,
Experiment_1_Kazakh_Paraphrase_Generation_FINAL,5d9f2e69bfaf2993417e3226cc3c85f970992c3bbe5ffe3945f4d2b44f6d068e,70,technology,llama,NousResearch/Meta-Llama-3.1-8B-Instruct,kazdiv,1,True,False,Бағдарламаны оңтайландыру есептеу ресурстарын тиімді пайдалануға жағдай жасайды.,0.9660230875015259,True,1,594,668,1262,9.940936973000134,9.950363482999819,0.0,12,12,0,12,0,9,3,1,1,13973551919220045614,0.95,1,,
Experiment_1_Kazakh_Paraphrase_Generation_FINAL,5dbd34d712d2a0ba003627e5eead7829fb45eafefc3ce089fcb3ba8ed86863b0,30,education,llama,NousResearch/Meta-Llama-3.1-8B-Instruct,kazdiv,4,True,False,Дәстүрлі оқыту әдістерімен бірге цифрлық құралдарды пайдалану оқыту үрдісінде оқушылардың жүйелі үйренуін қамтамасыз етеді.,0.7832890748977661,True,2,1200,2397,3597,35.73823287599771,35.754621755999324,0.0,13,13,0,10,3,7,3,4,7,9970622710327831189,0.95,2,,
Experiment_1_Kazakh_Paraphrase_Generation_FINAL,5dd79fd461def7094be1872481462deee276129649eeea8c3db1d8e856807e3b,93,news,llama,NousResearch/Meta-Llama-3.1-8B-Instruct,baseline,5,True,False,Жергілікті билік ауаның сапасын бақылауға арналған жәрдемдес құрылыстарды орнатуды жоспарлап отыр.,0.9088908433914185,True,1,481,63,544,0.9509236220001185,0.957479181999588,0.0,1,1,0,1,0,,,,,,,,,
Experiment_1_Kazakh_Paraphrase_Generation_FINAL,5def550b0e1ac028f1c4e2f79c3afc8091caf4c4e1ddd8abe00762f591cd01cd,30,education,kazllm,issai/LLama-3.1-KazLLM-1.0-8B,kazdiv,3,True,False,Дәстүрлі оқыту әдістерінің мүмкіндіктерін толықтыру үшін цифрлық құралдарды дұрыс пайдалану маңызды.,0.8481857180595398,True,1,625,867,1492,12.917907282000215,12.926155052000013,0.0,12,2,10,2,0,1,1,0,0,15746729866706631312,0.95,1,,
Experiment_1_Kazakh_Paraphrase_Generation_FINAL,5e0b10677f6a08070d1db9473885ec1e470dd180d822a67a0f92d72bb18a7247,16,general,llama,NousResearch/Meta-Llama-3.1-8B-Instruct,baseline,4,True,False,Қоғамға пайда әкелумен қатар адамның әлеуметтік тәжірибесін кеңейтеді.,0.8949402570724487,True,1,482,53,535,0.8033523230005812,0.805176443000164,0.0,1,1,0,1,0,,,,,,,,,
Experiment_1_Kazakh_Paraphrase_Generation_FINAL,5e8cacbb5d613a033c21fc6515b7c794fe0ba5d04f6c726acd8f51e79afb2513,26,education,kazllm,issai/LLama-3.1-KazLLM-1.0-8B,baseline,4,True,False,Оқушылардың алған білімін практикалық жобалар арқылы нақты мәселелерді шешуге қолдануына жағдай жасайды.,0.9071467518806458,True,1,501,67,568,1.0097025949999079,1.015516055000262,0.0,1,1,0,1,0,,,,,,,,,
Experiment_1_Kazakh_Paraphrase_Generation_FINAL,5e8ce1969b44d24875724772c6d93a64b90f282fadfeca00701c0004ee0d155b,43,science,llama,NousResearch/Meta-Llama-3.1-8B-Instruct,baseline,5,True,False,"Талаптарды орындаған жаңа сөйлем: Ғалымдар нәтижелерді қайта тексеріп, толық сипаттаған әдістерді қолданғанда зерттеу үдерісінде қолданылған әдістер толық сипатталады.",0.7892072796821594,True,1,477,106,583,1.5843117980002717,1.5905638080002973,0.0,1,1,0,1,0,,,,,,,,,
Experiment_1_Kazakh_Paraphrase_Generation_FINAL,5ea61be6597f1a90ed50685bf8de758e2d848d35374f424d604a6022f6e582c5,68,technology,llama,NousResearch/Meta-Llama-3.1-8B-Instruct,kazdiv,5,True,False,Өндірісті өздігінен іске асыратын қондырылған жүйелер өндірістің қайталанатын шараларын іске асыру арқылы өндірістің қолайлылығын арттырады.,0.7560864090919495,True,2,1190,2298,3488,34.262400716999764,34.278703927000606,0.0,13,12,1,1,11,1,0,0,5,17078979562923639872,0.95,2,,
Experiment_1_Kazakh_Paraphrase_Generation_FINAL,5f252702b2526272a7086a7f90fd7e44ea6f6326cf4dfb26bdec9cad7355ab20,25,education,kazllm,issai/LLama-3.1-KazLLM-1.0-8B,baseline,2,True,False,Онлайн платформалар қажетті оқу материалдарына кез келген уақытта қол жеткізуге мүмкіндік береді.,0.9856159687042236,True,1,492,54,546,0.8181289969998033,0.824226967000186,0.0,1,1,0,1,0,,,,,,,,,
Experiment_1_Kazakh_Paraphrase_Generation_FINAL,5f2f04682716fac14d2bf0587cb93af6535816d08e41c4d59dde26c0f1ef7fe1,77,technology,llama,NousResearch/Meta-Llama-3.1-8B-Instruct,baseline,1,True,False,Қайта жазылған сөйлем: Модельді өнімді ортаға енгізгеннен кейін оның сапасын тұрақты түрде бақылап отыру қажет.,0.9118288159370422,True,1,478,73,551,1.0988007910000306,1.106041720999201,0.0,1,1,0,1,0,,,,,,,,,
Experiment_1_Kazakh_Paraphrase_Generation_FINAL,5f5094fb383afb9381bd42f24d9f5607435fde24470731bb7c90cccdac71c5a6,48,science,llama,NousResearch/Meta-Llama-3.1-8B-Instruct,baseline,2,True,False,Зерттеу үлгісінің көлемі алғашқы нәтижелердің статистикалық тұрақтылығына әсер етуі мүмкін.,0.9294688701629639,True,1,484,67,551,1.0101399810009752,1.016244390999418,0.0,1,1,0,1,0,,,,,,,,,
Experiment_1_Kazakh_Paraphrase_Generation_FINAL,5f6b8b6e18d6a58d20b4943d748a6e477fe4e8608361e0377292d973a3fe9d92,79,technology,llama,NousResearch/Meta-Llama-3.1-8B-Instruct,kazdiv,4,True,False,Қолжетімді сервистер пайдаланушылардың құрылғыларының санын көбейтеді.,0.7966620922088623,True,1,609,780,1389,11.625437405999037,11.637801106000552,0.0,13,10,3,10,0,7,3,3,4,12159640267109092843,0.95,1,,
Experiment_1_Kazakh_Paraphrase_Generation_FINAL,5f9f2634318035a6799628630b544d458919cc6a954dca1aa2d9cf73136c758a,62,technology,kazllm,issai/LLama-3.1-KazLLM-1.0-8B,kazdiv,5,True,False,Оқыту деректерінің көлемі мен сапасы машиналық оқыту моделінің дәлдігі мен дәйектілігін анықтайды.,0.8325740694999695,True,1,618,726,1344,10.810195316999852,10.818822397000076,0.0,12,8,4,8,0,5,3,4,5,13711219812938276384,0.95,1,,
Experiment_1_Kazakh_Paraphrase_Generation_FINAL,5fcc3fed88d493735be4db0a088add67e0427d2bb9eff8dd11963c005b947143,78,technology,kazllm,issai/LLama-3.1-KazLLM-1.0-8B,kazdiv,2,True,False,Техникалық ақау кезінде жүйенің резервтік көшірмелері маңызды деректерді қалпына келтіруге мүмкіндік береді.,0.9714255332946777,True,1,627,921,1548,13.731057826999859,13.740104546999646,0.0,13,4,9,4,0,1,3,0,1,15545215458832273232,0.95,1,,
Experiment_1_Kazakh_Paraphrase_Generation_FINAL,60a52f7d913ee2bb95b7d4d19859f68172ddef3f96af280c7fd347e72b4124d2,94,news,kazllm,issai/LLama-3.1-KazLLM-1.0-8B,kazdiv,2,True,False,Ғылыми конференцияда зерттеушілер деректер қауіпсіздігі мен жасанды интеллект этикасының өзектілігін талқылады.,0.9711835384368896,True,1,614,736,1350,10.953298141000232,10.962532541000655,0.0,12,6,6,6,0,1,5,0,4,8942859120631910886,0.95,1,,
Experiment_1_Kazakh_Paraphrase_Generation_FINAL,60d8e8db38cb4866c44ae9510f42e96fccfa1e830ba64f0c4a3e098e487f70cd,49,science,llama,NousResearch/Meta-Llama-3.1-8B-Instruct,kazdiv,3,True,False,Ғылыми модельді құбылыстың маңызды қасиеттерін ықшам түрде сипаттауға арналған құрал ретінде қолданады,0.8464833498001099,True,1,594,797,1391,11.872149323000485,11.883834644000672,0.0,12,11,1,10,1,3,7,2,3,2885691135878914075,0.95,1,,
Experiment_1_Kazakh_Paraphrase_Generation_FINAL,60e7a07f82bbaed191e7ff041dbee4db0d59e15b3cda1501f9d37e1155d6490a,32,education,llama,NousResearch/Meta-Llama-3.1-8B-Instruct,kazdiv,5,True,False,Олардың өз жұмысын қорғауы олардың тақырыпты түсінгенін анықтауға мүмкіндік береді.,0.8687120676040649,True,1,608,764,1372,11.370493038000859,11.382859368000936,0.0,12,12,0,12,0,2,10,1,4,16828895020410527406,0.95,1,,
Experiment_1_Kazakh_Paraphrase_Generation_FINAL,610140cce0bd848e3677cf2b913482a4eaedcebcee4ba0e5b12a42bd631ad134,53,science,llama,NousResearch/Meta-Llama-3.1-8B-Instruct,baseline,5,True,False,Ғылыми жаңалық бұрынғы зерттеулермен салыстыру арқылы дәлелденуі тиіс.,0.9755270481109619,True,1,469,46,515,0.7004967939992639,0.7023811540002498,0.0,1,1,0,1,0,,,,,,,,,
Experiment_1_Kazakh_Paraphrase_Generation_FINAL,612f656972bd4536903f4998ad041e435da1d76765506acfc795961243c78f5e,42,science,kazllm,issai/LLama-3.1-KazLLM-1.0-8B,baseline,5,True,False,Эксперимент нәтижелерінің сенімділігі деректерді жинау әдісінің дұрыстығына тікелей байланысты.,1.0,False,1,499,56,555,0.8469052860000374,0.8486473359998854,0.0,1,1,0,0,1,,,,,,,,,
Experiment_1_Kazakh_Paraphrase_Generation_FINAL,6145aeec1ad29ee8d07e8d2841e9da5c25fd234b82839d859030893d458d2c65,64,technology,llama,NousResearch/Meta-Llama-3.1-8B-Instruct,baseline,5,True,False,Қауіпсіздік жүйелері ақпараттық құралдарды азаматтық қол жеткізуден қорғауға арналған.,0.8688485622406006,True,1,486,65,551,0.9813046899998881,0.9873766099990462,0.0,1,1,0,1,0,,,,,,,,,
Experiment_1_Kazakh_Paraphrase_Generation_FINAL,619ab89a53406e0861361861e969d2942d9a898bb5c9beee0089828334a39a9a,68,technology,kazllm,issai/LLama-3.1-KazLLM-1.0-8B,kazdiv,2,True,False,Өндірістегі қайталанатын тапсырмаларды автоматтандыруға мүмкіндік беретін роботтандырылған жүйелер бар.,0.9055953025817871,True,1,620,721,1341,10.735058635000314,10.744352884999898,0.0,12,8,4,8,0,3,5,1,3,12663710364949819489,0.95,1,,
Experiment_1_Kazakh_Paraphrase_Generation_FINAL,61c5e93a157516b44a9cf9238290a81632dcabeb891afdf8fc8380d4194ad58f,94,news,kazllm,issai/LLama-3.1-KazLLM-1.0-8B,kazdiv,3,True,False,Ғылыми конференция барысында зерттеушілер деректер қауіпсіздігі мен жасанды интеллект этикасын талқылады,0.9117900729179382,True,1,614,645,1259,9.603870666999683,9.61139910700058,0.0,12,2,10,2,0,1,1,0,0,18141673446932387607,0.95,1,,
Experiment_1_Kazakh_Paraphrase_Generation_FINAL,61d825aceeea880d8df8f41cb0470e7782fe945e097d67d5562d909b31bfcf1e,4,general,kazllm,issai/LLama-3.1-KazLLM-1.0-8B,baseline,2,True,False,Әдетте тұрақты әдеттер адамның ұзақ мерзімді мақсаттарына біртіндеп жақындауына мүмкіндік береді.,0.9746344089508057,True,1,505,66,571,0.9940168860002814,0.9999533159998464,0.0,1,1,0,1,0,,,,,,,,,
Experiment_1_Kazakh_Paraphrase_Generation_FINAL,61de509c4f40b890abf3653fccb728dba908e7bf2790ad9b2882c92bc352713b,39,education,kazllm,issai/LLama-3.1-KazLLM-1.0-8B,baseline,1,True,False,Оқу барысында қойылатын ашық сұрақтар студенттердің дәлелді жауап құрастыру қабілетін дамытады.,1.0,False,1,506,63,569,0.949792055999751,0.9556559459997516,0.0,1,1,0,0,1,,,,,,,,,
Experiment_1_Kazakh_Paraphrase_Generation_FINAL,61e2a9e00d7559316e17c76afd6f157371ac20902ccb15f61d68fee3793844ec,79,technology,kazllm,issai/LLama-3.1-KazLLM-1.0-8B,kazdiv,2,True,False,Пайдаланушылардың әртүрлі құрылғылардан сандық қызметтерді пайдалануына қолжетімділік жағдай болып табылады.,0.8699653148651123,True,1,634,858,1492,12.783004161999997,12.792031021999719,0.0,12,7,5,7,0,2,5,1,5,13033453004662385588,0.95,1,,
Experiment_1_Kazakh_Paraphrase_Generation_FINAL,61f36162964365e08a1ef9a5eb9766daf0fcb110221a150bc0cc15f87ac25098,63,technology,llama,NousResearch/Meta-Llama-3.1-8B-Instruct,baseline,3,True,False,Бұлттық есептеу ресурстары күрделі бағдарламаларды жергілікті құрылымсыз іске қосуға мүмкіндік береді.,0.961732029914856,True,1,492,67,559,1.0098750099987228,1.0160562799992476,0.0,1,1,0,1,0,,,,,,,,,
Experiment_1_Kazakh_Paraphrase_Generation_FINAL,621067cbb7ff3127767b39e4c3c8e257f5e6ba92e7a86e072109f7340410b626,83,news,kazllm,issai/LLama-3.1-KazLLM-1.0-8B,baseline,3,True,False,Мамандар алдағы маусымда су ресурстарын үнемді пайдалану қажеттілігіне назар аударды.,1.0,False,1,486,43,529,0.6555678730001091,0.6572258529995452,0.0,1,1,0,0,1,,,,,,,,,
Experiment_1_Kazakh_Paraphrase_Generation_FINAL,6226bac2e5b8c50113a05cfc4d553b6ba9bf1c0398f1ffa1ac30a7c938201f3c,55,science,kazllm,issai/LLama-3.1-KazLLM-1.0-8B,kazdiv,1,True,False,"Зерттеушілер әдістерді таңдағанда, олардың артықшылықтарымен қатар, шектеулері де ескерілуі тиіс.",0.9744206666946411,True,1,616,665,1281,9.898331786000199,9.907354146000216,0.0,13,9,4,9,0,1,8,0,2,5984629589512802413,0.95,1,,
Experiment_1_Kazakh_Paraphrase_Generation_FINAL,6286398027f44fc6de9d23a631f4b5e1f2e0295aceca27d39cd31056b9dc8dd2,15,general,llama,NousResearch/Meta-Llama-3.1-8B-Instruct,kazdiv,2,True,False,Орта тұрғындардың белсенді өмір салты қалада жаяу жүргіншіге қолайлы.,0.8993167877197266,True,1,592,576,1168,8.567838298000424,8.577219848000823,0.0,12,12,0,11,1,11,0,5,6,4750286878516379774,0.95,1,,
Experiment_1_Kazakh_Paraphrase_Generation_FINAL,62c2420a316ac64812e85ba2688720850f4c6f9355e4c25bd82498bb3e749995,56,science,llama,NousResearch/Meta-Llama-3.1-8B-Instruct,kazdiv,1,True,False,Дәлелдерді көрсеткен деректер машиналық оқыту моделдерін бағалау үшін қажет.,0.7761856317520142,True,1,583,687,1270,10.226064757000131,10.237063246999242,0.0,13,13,0,6,7,6,0,2,4,1447215045927295491,0.95,1,,
Experiment_1_Kazakh_Paraphrase_Generation_FINAL,62eb953b88138c144b6d27629ab69e1e914ffabdea5da4fa4420626e136b24cd,78,technology,llama,NousResearch/Meta-Llama-3.1-8B-Instruct,kazdiv,2,True,False,Техникалық ақаулар дағдарысында жүйенің көшірмелері сақтауға қажет.,0.7666835188865662,True,1,602,769,1371,11.450988406999386,11.463905057000375,0.0,13,12,1,7,5,6,1,1,3,15838345555725419212,0.95,1,,
Experiment_1_Kazakh_Paraphrase_Generation_FINAL,63144039e283033a7c920d4b3e696bd1fe7a12304fb780859295eadc911b0f7d,42,science,kazllm,issai/LLama-3.1-KazLLM-1.0-8B,kazdiv,2,True,False,Эксперимент нәтижелерінің сенімділігі деректерді жинау әдісінің дұрыстығымен тікелей байланысты.,0.9943979978561401,True,1,617,694,1311,10.33681844099965,10.34408011100004,0.0,12,2,10,1,1,1,0,0,0,3214965253731709811,0.95,1,,
Experiment_1_Kazakh_Paraphrase_Generation_FINAL,6332e37226850b7c4c4e859d86811c763aa1c7ab8eb5474f0a87ccfd183112da,17,general,llama,NousResearch/Meta-Llama-3.1-8B-Instruct,kazdiv,5,True,False,"Күн тәртібі жұмыс пен демалыс арасындағы тепе-теңдікті сақтап, адамдардың күшін жақсартады.",0.8722030520439148,True,1,599,1074,1673,16.015333993998865,16.024803713999063,0.0,14,8,6,4,4,4,0,1,3,5021928961879982675,0.95,1,,
Experiment_1_Kazakh_Paraphrase_Generation_FINAL,6345503fa13de44a54cf89a9553d62f7e5381b25be35b463ca491b4d99f60be8,80,technology,kazllm,issai/LLama-3.1-KazLLM-1.0-8B,baseline,3,True,False,Жасанды деректер шектеулі нақты деректер болған кезде модельді оқытудың мүмкіндігін арттыра алады.,0.9737935662269592,True,1,499,53,552,0.8031818459994611,0.8093838559998403,0.0,1,1,0,1,0,,,,,,,,,
Experiment_1_Kazakh_Paraphrase_Generation_FINAL,6349fc17f76b7d543eb24ac7d60bd1f5de43c8195da4ba9c521ad89c871b3c55,50,science,llama,NousResearch/Meta-Llama-3.1-8B-Instruct,baseline,1,True,False,"Қайталауға әр ретте кездейсоқ ауытқулар да пайда болады, бірақ олар қорытындыға әсерін төмендетеді.",0.8112490177154541,True,1,476,66,542,0.995328631999655,1.0015871320010774,0.0,1,1,0,1,0,,,,,,,,,
Experiment_1_Kazakh_Paraphrase_Generation_FINAL,634d198d0670c560af007d1bbb99c9852973603bd61f47168a5e44c7b520ee7a,37,education,llama,NousResearch/Meta-Llama-3.1-8B-Instruct,baseline,2,True,False,Қайта жазылған сөйлем: Студенттің өз бетінше білім алуға қабілеті жоғары оқу орнынан кейін де өзін-өзі дамытуға негіз болады.,0.8924239873886108,True,1,477,84,561,1.2596556609987601,1.2657405299996753,0.0,1,1,0,1,0,,,,,,,,,
Experiment_1_Kazakh_Paraphrase_Generation_FINAL,6383583ad859e2b7666e7fe08bd0027ad9ea40be1440fd03ac9405ce8563908d,77,technology,kazllm,issai/LLama-3.1-KazLLM-1.0-8B,baseline,1,True,False,Модельді өндірістік жағдайларда қолданғаннан кейін оның жағдайын жүйелі түрде тексеру қажет.,0.8875362873077393,True,1,503,64,567,0.9659369250002783,0.9731200850001187,0.0,1,1,0,1,0,,,,,,,,,
Experiment_1_Kazakh_Paraphrase_Generation_FINAL,63ebda422b270217901beb5a95cac062677a1565159c832ead38de788ecf12fe,62,technology,kazllm,issai/LLama-3.1-KazLLM-1.0-8B,baseline,2,True,False,Машиналық оқыту моделінің сапасы оқыту деректерінің көлемі мен сапасына айтарлықтай байланысты.,0.9549181461334229,True,1,500,58,558,0.8770641210003305,0.8832565210004759,0.0,1,1,0,1,0,,,,,,,,,
Experiment_1_Kazakh_Paraphrase_Generation_FINAL,640f49eba09b31775b8a89d1289227c4479adfcb0fc71dcef91f79958fa03300,21,education,kazllm,issai/LLama-3.1-KazLLM-1.0-8B,baseline,1,True,False,Заманауи білім беру жүйесі студенттердің теориялық білімін практикалық дағдылармен ұштастыруға бағытталады.,1.0,False,1,505,62,567,0.9352762779999466,0.941443025999888,0.0,1,1,0,0,1,,,,,,,,,
Experiment_1_Kazakh_Paraphrase_Generation_FINAL,641535c1554fafa15ccaf0bad8b246414808755c83bedbc259851b599173aa7b,96,news,kazllm,issai/LLama-3.1-KazLLM-1.0-8B,kazdiv,2,True,False,Компания өндіріс тиімділігін арттыру үшін жаңа автоматтандырылған желіні іске қосуды мақсат етеді.,0.9528579115867615,True,1,625,778,1403,11.59524889000022,11.603538210000806,0.0,13,2,11,2,0,1,1,0,1,14541892726635991257,0.95,1,,
Experiment_1_Kazakh_Paraphrase_Generation_FINAL,64225a9968c9e02303b872ed8721aca072407a874ab8914092419d80219ebb33,43,science,llama,NousResearch/Meta-Llama-3.1-8B-Instruct,kazdiv,5,True,False,"Әдістердің сипатын дәлелдейтін материалдар беріліп, басқа ғалымдар оларды қайта талдауға қол жеткізе алады.",0.8446239829063416,True,1,595,992,1587,14.781577052999637,14.792792502999873,0.0,12,11,1,11,0,6,5,0,0,17369894035935436127,0.95,1,,
Experiment_1_Kazakh_Paraphrase_Generation_FINAL,644d6f79786072df6c7c3c1a6421ae7a71bbedd21bfa9b175928f65924db801b,29,education,llama,NousResearch/Meta-Llama-3.1-8B-Instruct,baseline,2,True,False,Сыныптағы оқыту үдерісінде ақпаратты талдауға тәрбиелеп түсіру қажет. Үдерісінде ақпаратты талдауға тәрбиелеп түсіру қажет. Зерттеуге негізделген оқыту сыныптағы оқу үдерісінде студенттердің сыни ойлау дағдыларын қалыптастырады.,0.7775375843048096,False,1,476,146,622,2.1745082969991927,2.1816700869985652,0.0,1,1,0,0,1,,,,,,,,,
Experiment_1_Kazakh_Paraphrase_Generation_FINAL,648756723235179535fa972fa8ea17623289d0c6cbb7358676be605b6824838a,82,news,kazllm,issai/LLama-3.1-KazLLM-1.0-8B,baseline,1,True,False,"Өңірде жаңа білім беру орталығы ашылып, оқушыларға қосымша технологиялық курстар ұсыныла бастады.",0.9999999403953552,False,1,504,61,565,0.9204413289999138,0.926492139000402,0.0,1,1,0,0,1,,,,,,,,,
Experiment_1_Kazakh_Paraphrase_Generation_FINAL,64aa82e20e1ae069713ccf586187a85207cce066ee6fa9129c51424a3564c218,60,science,llama,NousResearch/Meta-Llama-3.1-8B-Instruct,kazdiv,1,True,False,Зерттеу нәтижелерінің практикалық маңызын толық бағалау үшін статистикалық мәнділікте ғана тұру қиындық туғызады.,0.7934298515319824,True,1,603,1034,1637,15.415955934000522,15.42908581499978,0.0,13,11,2,10,1,8,2,0,0,8827541895456164035,0.95,1,,
Experiment_1_Kazakh_Paraphrase_Generation_FINAL,64b7749a61a6fd9e84c196933e7a22ef13b3ed18ff8a5cab08c6a7351c825f1b,24,education,llama,NousResearch/Meta-Llama-3.1-8B-Instruct,kazdiv,3,True,False,Топтық жұмыс студенттердің бірлесіп жұмыс істеуге және пікір алмасуға үйретеді.,0.9184356331825256,True,1,592,743,1335,11.056235821000882,11.067880010999943,0.0,13,12,1,11,1,9,2,0,0,175219198675653821,0.95,1,,
Experiment_1_Kazakh_Paraphrase_Generation_FINAL,64becf260bbcbcdadead07c35088304192c5d6db8844ae79220c289425a27073,47,science,kazllm,issai/LLama-3.1-KazLLM-1.0-8B,baseline,3,True,False,Үлкен деректер жиыны күрделі құбылыстарды бірнеше көрсеткіштер бойынша талдауға мүмкіндік береді.,0.9840512275695801,True,1,510,64,574,0.9653363289999106,0.9711257690000821,0.0,1,1,0,1,0,,,,,,,,,
Experiment_1_Kazakh_Paraphrase_Generation_FINAL,64e09519f7a664415e36fb214cc2750ec56034f8290c8d94478e7fe352763ae2,76,technology,kazllm,issai/LLama-3.1-KazLLM-1.0-8B,baseline,2,True,False,Нейрондық желілер күрделі үлгілерді үйрену үшін өзара байланысқан көптеген есептеу қабаттарын пайдаланады.,1.0,False,1,513,70,583,1.0588925539996126,1.060656853999717,0.0,1,1,0,0,1,,,,,,,,,
Experiment_1_Kazakh_Paraphrase_Generation_FINAL,64e40a9381a4cd6f20c63b85ba1836139df5044dd0d19d1a27b55d38f4491916,20,general,kazllm,issai/LLama-3.1-KazLLM-1.0-8B,baseline,5,True,False,Қиын мәселені бірнеше шағын қадамдарға бөлу оны шешу процесін жеңілдетеді.,0.9977582693099976,True,1,495,51,546,0.7737843719999091,0.7755007420000766,0.0,1,1,0,1,0,,,,,,,,,
Experiment_1_Kazakh_Paraphrase_Generation_FINAL,64fafdb2fc09d1155ba73b91d3000a1e53a5d45bdc5ba2d805454efe74c5b837,33,education,kazllm,issai/LLama-3.1-KazLLM-1.0-8B,baseline,1,True,False,Алдағы тапсырмаларды орындау үшін оқу материалын қайта қарауға итермелейді.,0.7700324654579163,True,1,498,48,546,0.7294004870000208,0.7361842960003742,0.0,1,1,0,1,0,,,,,,,,,
Experiment_1_Kazakh_Paraphrase_Generation_FINAL,650379cad6d4449c3c417dd4bfd9057ae2346d7ef06c568626b28e5a24000749,38,education,kazllm,issai/LLama-3.1-KazLLM-1.0-8B,baseline,3,True,False,Зертханалық жұмыстар теориялық заңдылықтарды тәжірибе арқылы тексеруге мүмкіндік береді.,1.0,False,1,497,54,551,0.8183632559998841,0.820097756999985,0.0,1,1,0,0,1,,,,,,,,,
Experiment_1_Kazakh_Paraphrase_Generation_FINAL,6529f9aea97e79912f6c5af1fcf9a5e1066e80153c58fd2951f2e236ccc066c5,36,education,llama,NousResearch/Meta-Llama-3.1-8B-Instruct,kazdiv,5,True,False,Сабақтың мазмұны мен бағалау тәсілдерін біріктіргенде оқу мағдаратына сәйкес сабақтың мазмұны мен бағалау тәсілдері оңай жүзеге асады,0.8383153676986694,True,1,609,919,1528,13.693529341000612,13.70567125100024,0.0,12,11,1,10,1,3,7,2,2,9625611097285491237,0.95,1,,
Experiment_1_Kazakh_Paraphrase_Generation_FINAL,654a6f553d0d355857c3364708340e3f3f55a97a97d11851e13b07b50c5af52b,87,news,llama,NousResearch/Meta-Llama-3.1-8B-Instruct,kazdiv,3,True,False,Біздің аймақтағы шағын және орта бизнесті қолдауға арналған іске қосылған оқыту бағдарламасы іске қосылған.,0.9456218481063843,True,1,597,842,1439,12.541511138000715,12.552142688000458,0.0,13,13,0,13,0,5,8,3,12,8141019811898418537,0.95,1,,
Experiment_1_Kazakh_Paraphrase_Generation_FINAL,65f261c6c8b47e5ac1f9489c7ef401c081d037247cc3bee03298375ab086f075,33,education,llama,NousResearch/Meta-Llama-3.1-8B-Instruct,baseline,1,True,False,Қысқа бақылау тапсырмалары оқу материалын жүйелі түрде оқығаннан кейін қайталауға ынталандырады.,0.942833423614502,True,1,473,67,540,1.0090878789997078,1.015484309000385,0.0,1,1,0,1,0,,,,,,,,,
Experiment_1_Kazakh_Paraphrase_Generation_FINAL,660692c013bfc01e77abb64c4aab56f59da22ee3d995801cb771bfb9d01809ec,11,general,kazllm,issai/LLama-3.1-KazLLM-1.0-8B,baseline,3,True,False,"Бастапқы сөйлемнің мағынасын сақтай отырып, оны табиғи қазақ тілінде қайта жазу үшін мынадай өзгерістер енгізуге болады: Бастапқы сөйлем: Қаржыны алдын ала жоспарлау қажетсіз шығындарды азайтуға көмектеседі. Қайта жазылған сөйлем: Қаржыны алдын ала жоспарлау қажетсіз шығындарды азайтуға көмектеседі.",0.732677698135376,False,1,490,199,689,2.9528237030000355,2.959279744000014,0.0,1,1,0,0,1,,,,,,,,,
Experiment_1_Kazakh_Paraphrase_Generation_FINAL,66212da30767367290f04c350cbf3b54839eecf924356dc759a3ebe07d6d3097,89,news,llama,NousResearch/Meta-Llama-3.1-8B-Instruct,kazdiv,3,True,False,Сарапшылар еңбек нарығында өсіп келе жатқан деректерді талдау дағдыларына сұраныс бар екенін атап өтті.,0.9805090427398682,True,1,597,855,1452,12.732699140000477,12.74361293900074,0.0,12,12,0,12,0,2,10,0,0,9476160799903793271,0.95,1,,
Experiment_1_Kazakh_Paraphrase_Generation_FINAL,6646ea0a8def1bb1f3e25553ae19bf0a3dfeb645251fa9137a85d9595f221dda,70,technology,kazllm,issai/LLama-3.1-KazLLM-1.0-8B,kazdiv,1,True,False,Есептеу ресурстарын тиімді пайдалану бағдарламаның өнімділігін оңтайландыру арқылы қол жеткізіледі.,0.9197531938552856,True,1,619,735,1354,10.942382852000264,10.951052331999563,0.0,12,4,8,3,1,3,0,0,0,1412566124470903101,0.95,1,,
Experiment_1_Kazakh_Paraphrase_Generation_FINAL,664cf8f4dadd0f203a39cccebcfe4f188ba915495e8ae59ab8124fe4030d867d,56,science,llama,NousResearch/Meta-Llama-3.1-8B-Instruct,baseline,2,True,False,Сапалы аннотацияланған деректер машиналық оқыту моделдерін құрайтын құндылықтарды бағалау үшін маңызды.,0.9495818614959717,True,1,465,63,528,0.9508705320004083,0.957296951999524,0.0,1,1,0,1,0,,,,,,,,,
Experiment_1_Kazakh_Paraphrase_Generation_FINAL,664fe563e2140663d353b4f0df6dacf1b038dab5f9be0259817b086c45ee4aed,73,technology,llama,NousResearch/Meta-Llama-3.1-8B-Instruct,baseline,1,True,False,"Бастапқы сөйлемді мағынасын толық сақтай отырып, табиғи қазақ тілінде басқа сөздермен қайта жазыңыз. Талаптар: 1. Бастапқы сөйлемнің негізгі мағынасын толық сақтаңыз. 2. Жаңа ақпарат қоспаңыз. 3. Бастапқы ақпаратты алып тастамаңыз. 4. Сөйлемді жай ғана сөздердің орнын ауыстыру арқылы өзгертпеңіз. 5. Лексикалық немесе синтаксистік тұрғыдан табиғи қайта тұжырымдауды қолданыңыз. 6. Қазақ тілінің грамматикалық және орфографиялық нормаларын сақтаңыз. 7. Тек бір қайта жазылған сөйлемді қайтарыңыз. 8. Түсіндірме, нөмірлеу, ескерту немесе қосымша мәтін қоспаңыз. Бастапқы сөйлем: Үлкен тілдік модельдер мәтінді талдау, құрастыру және ақпаратты өңдеу міндеттерінде кеңінен қолданылады. Қайта жазылған сөйлем: Басқа сөздермен сөйлемді қайта жазу: Тілдің үлкен моделі талдау, құрастыру және ақпаратты өңдеуде кеңінен қолданылады.",0.6267521381378174,False,1,485,561,1046,8.326385428999856,8.336156619001486,0.0,1,1,0,0,1,,,,,,,,,
Experiment_1_Kazakh_Paraphrase_Generation_FINAL,6653317b7755e1e32d18e48331ef2d30b0baca4c06b64f5cc376f9c7788c2ef6,45,science,kazllm,issai/LLama-3.1-KazLLM-1.0-8B,kazdiv,4,True,False,Ғылыми қорытынды зерттеу нәтижелеріне негізделген бастапқы сұраққа нақты жауап беруі керек.,0.9784479141235352,True,1,620,823,1443,12.263469203000113,12.27176687300016,0.0,13,2,11,2,0,1,1,0,0,18216345018278245205,0.95,1,,
Experiment_1_Kazakh_Paraphrase_Generation_FINAL,6665c25912c5d969ce3c1367914d3ee8371734218f0dc73e307f94760a914419,37,education,kazllm,issai/LLama-3.1-KazLLM-1.0-8B,baseline,2,True,False,Студенттің өз бетінше білім алу қабілеті жоғары білім беру мекемесінен кейін де кәсіби өсу үшін негіз болады.,0.9494882225990295,True,1,502,65,567,0.9792345649998424,0.985147495000092,0.0,1,1,0,1,0,,,,,,,,,
Experiment_1_Kazakh_Paraphrase_Generation_FINAL,6672347c62d7484d7c5aa3f6c4ea22b682fc23ac26147cc17e7f0e23f6d23472,37,education,llama,NousResearch/Meta-Llama-3.1-8B-Instruct,kazdiv,3,True,False,Өз бетінше білім алу дағдысы жоғары оқу орнынан кейін де кәсіби мамандыққа дейінгі жолдағы өсуге оқушының ақыл-кеңестері мен кәсіби қабілеттеріне қолдау береді.,0.898161768913269,True,1,595,1042,1637,15.534524968001278,15.548539178000283,0.0,13,13,0,13,0,6,7,3,10,14589422218153296928,0.95,1,,
Experiment_1_Kazakh_Paraphrase_Generation_FINAL,66785b2e5d4bcb830d6862bf633dfc3233d87aad69fb052be0322d4b459dcba8,37,education,kazllm,issai/LLama-3.1-KazLLM-1.0-8B,baseline,5,True,False,Студенттің өз бетінше білім алу қабілеті жоғары оқу орнынан кейін де кәсіби дамуға негіз болады.,0.9798951148986816,True,1,502,60,562,0.9049009660002412,0.9066166259999591,0.0,1,1,0,1,0,,,,,,,,,
Experiment_1_Kazakh_Paraphrase_Generation_FINAL,669e36b7c63e8f9c5ca7d4ad9654ba3e546ec80495370994c5c36216f5e9a52b,36,education,llama,NousResearch/Meta-Llama-3.1-8B-Instruct,baseline,1,True,False,Қайта жазылған сөйлем: Оқу мақсаттары белгіленген жағдайда оқу мазмұны мен бағалау тәсілінің үйлесімділігі оңайырақ болады.,0.9048463106155396,True,1,491,85,576,1.274749251000685,1.2811579009994603,0.0,1,1,0,1,0,,,,,,,,,
Experiment_1_Kazakh_Paraphrase_Generation_FINAL,66ae86477b8436bb518cb2280de55b0a806f50bf40f6aa97853e9485513d7159,58,science,llama,NousResearch/Meta-Llama-3.1-8B-Instruct,kazdiv,3,True,False,"Айнымалылар арасындағы байланысқа корреляция көрсеткенімен, себептілік қатынасын өздігінен дәлелдемейді.",0.9180143475532532,True,1,600,733,1333,10.912969221999447,10.922307871000157,0.0,13,10,3,10,0,4,6,1,1,6461610806144690301,0.95,1,,
Experiment_1_Kazakh_Paraphrase_Generation_FINAL,66dd5468a0e729d8c25e9994e07a0efa7ea6026b4389443724e6f589b376e7d0,66,technology,llama,NousResearch/Meta-Llama-3.1-8B-Instruct,kazdiv,3,True,False,Мобильді қосымшаның ыңғайлы интерфейсі пайдаланушылардың сервисті меңгеру қабілетін арттыратындығы мен жаңа технологияның қолға алуына негіз болып келеді.,0.824871301651001,True,1,596,1100,1696,16.39312246999907,16.4071844099999,0.0,13,13,0,11,2,8,3,6,7,16570692147447235249,0.95,1,,
Experiment_1_Kazakh_Paraphrase_Generation_FINAL,66e03d85861b3a2f2a7ce8ace09590e7be9abaf7104bbd51981c5d35ba04f305,79,technology,kazllm,issai/LLama-3.1-KazLLM-1.0-8B,baseline,2,True,False,Сандық қызметтердің қолжетімділігі пайдаланушылардың әртүрлі құрылғылардан пайдалануына мүмкіндік береді.,0.9355930685997009,True,1,516,71,587,1.0745903439992617,1.0806940639995446,0.0,1,1,0,1,0,,,,,,,,,
Experiment_1_Kazakh_Paraphrase_Generation_FINAL,6755c5ecdd6478bb9067496e92445176bb17a266634bb7a67b5dc884168f5584,32,education,llama,NousResearch/Meta-Llama-3.1-8B-Instruct,kazdiv,1,True,False,Олардың қорғауы олардың тақырыпты түсінгенін анықтауға көмектеседі.,0.8432059288024902,True,1,608,706,1314,10.506353456999932,10.519578267001634,0.0,13,13,0,9,4,3,6,2,3,9527575445163126051,0.95,1,,
Experiment_1_Kazakh_Paraphrase_Generation_FINAL,679bcd7964f1fd91a8c495e74f63626eb029a316c00fba075423ba5061b5d8ed,74,technology,llama,NousResearch/Meta-Llama-3.1-8B-Instruct,baseline,4,True,False,"Қайта жазылған сөйлем: Бағдарламалық интерфейстер әртүрлі дерек көздері арасында автоматты дерек алмасуды ұйымдастыруға көмектеседі. (Бағдарламалық – ақпараттық жүйелердің орынбасары; интерфейстер – ақпараттық жүйелердің бірлескен іс-әрекеті; ақпараттық – деректер; дерек – ақпарат; арасында – бірі бірінен; ұйымдастыру – ұйымдастыру, дайындау.)",0.8466469645500183,False,1,490,212,702,3.145053234999068,3.151905695000096,0.0,1,1,0,0,1,,,,,,,,,
Experiment_1_Kazakh_Paraphrase_Generation_FINAL,67af29c0a4d4f63a1c042c250270e05cb2fe86617daaed93033448d39329e9c7,92,news,llama,NousResearch/Meta-Llama-3.1-8B-Instruct,baseline,4,True,False,Қоғамдық кеңес мүшелері қаланың құрылысына қатысты бірнеше ұсынысты қарастырды.,0.9053850173950195,True,1,483,56,539,0.8482212130002154,0.8545793829998729,0.0,1,1,0,1,0,,,,,,,,,
Experiment_1_Kazakh_Paraphrase_Generation_FINAL,67b64ca6ac0ad67ab66f6502a2203e650fac4022893a6f71f41b2d6324fef0e3,69,technology,kazllm,issai/LLama-3.1-KazLLM-1.0-8B,kazdiv,3,True,False,Кескіндерден нысандарды автоматты түрде анықтау үшін компьютерлік көру алгоритмдері қолданылады.,0.9160116910934448,True,1,614,590,1204,8.778092823999941,8.786662823999905,0.0,12,6,6,6,0,3,3,0,0,6385833749819496547,0.95,1,,
Experiment_1_Kazakh_Paraphrase_Generation_FINAL,67fbe5f293034196afb1d4b23e74bebf760564df74e9fc399bae456a041955a8,34,education,kazllm,issai/LLama-3.1-KazLLM-1.0-8B,kazdiv,3,True,False,Күрделі тақырыптарды мысалдар арқылы түсіндіру студенттерге жаңа ұғымдарды меңгеруді жеңілдетеді.,0.9977031946182251,True,1,627,842,1469,12.545234292999794,12.553697143000136,0.0,12,6,6,6,0,2,4,0,2,3607792985147012624,0.95,1,,
Experiment_1_Kazakh_Paraphrase_Generation_FINAL,6805026a33c8fee9ddf219516671cc8e5ddb12f05f15376b44816c21613ecf96,10,general,llama,NousResearch/Meta-Llama-3.1-8B-Instruct,baseline,5,True,False,Сөйлем: Отбасындағы өзара түсіністік қиын жағдайларды бірге еңсеруге мүмкіндік береді.,0.8941200971603394,True,1,471,60,531,0.9068108120009128,0.9131336720001855,0.0,1,1,0,1,0,,,,,,,,,
Experiment_1_Kazakh_Paraphrase_Generation_FINAL,6816843bae9c5577420afb1611474d64b1f7644a0a8931a7d0003f7e72b162a6,90,news,llama,NousResearch/Meta-Llama-3.1-8B-Instruct,baseline,4,True,False,Жаңа зертхана студенттер мен жас ғалымдарға тәжірибелік жобалар жүргізуге мүмкіндік береді. Жаңа зертхана студенттер мен жас ғалымдарға тәжірибелік жобалар жүргізуге мүмкіндік береді. Жаңа зертхана студенттер мен жас ғалымдарға тәжірибелік жобалар жүргізуге мүмкіндік береді.,0.9056939482688904,False,1,473,163,636,2.423984040000505,2.4307700310000655,0.0,1,1,0,0,1,,,,,,,,,
Experiment_1_Kazakh_Paraphrase_Generation_FINAL,682edc05f5198b103c3e4cdde6029f8a3fd32d3873501f78470262a0d3618f41,43,science,llama,NousResearch/Meta-Llama-3.1-8B-Instruct,baseline,1,True,False,"Бастапқы сөйлем: Зерттеуде қолданылған әдістер толық сипатталса, басқа ғалымдар нәтижелерді қайта тексере алады. Өзгертілген сөйлем: Тексерілген нәтижелерін көрсеткенде, басқа ғалымдар оны қайтадан зерттеуге ұмтылғанда, сипатталған әдістер қолданылады.",0.8167831897735596,False,1,477,161,638,2.3936058819999744,2.400538351999785,0.0,1,1,0,0,1,,,,,,,,,
Experiment_1_Kazakh_Paraphrase_Generation_FINAL,684583ea91f2da4a6199e86564240060f50b59de3fc80911ddf613faa20f8224,9,general,llama,NousResearch/Meta-Llama-3.1-8B-Instruct,baseline,4,True,False,Үшінші қажеттілік – ашық қарым-қатынас – жаңа ортаға бейімделуге өз үлесін қосады.,0.7498888969421387,False,1,479,61,540,0.9217921030012803,0.9280490729997837,0.0,1,1,0,0,1,,,,,,,,,
Experiment_1_Kazakh_Paraphrase_Generation_FINAL,686747dc3a1e6e089c61cf5244d9cbe26979d9e25c984cf30f2f0ca3a4b1108d,20,general,llama,NousResearch/Meta-Llama-3.1-8B-Instruct,kazdiv,5,True,False,"Бірнеше шағын қадамға бөлуге болатын әдісті пайдаланса, қиындықтар шешіліп турады.",0.8666734099388123,True,1,588,665,1253,9.888174956999137,9.897314627000014,0.0,13,11,2,11,0,5,6,3,6,13064534774652014817,0.95,1,,
Experiment_1_Kazakh_Paraphrase_Generation_FINAL,6878e4561fc48f443c9a9de718146b1d90795ea70912d9489fb106b868b53065,69,technology,llama,NousResearch/Meta-Llama-3.1-8B-Instruct,baseline,2,True,False,Қайта жазылған сөйлем: Мақсатты көру алгоритмдері кескіндерден нысандарды автоматты түрде анықтау үшін қолданылады.,0.8518787026405334,True,1,471,70,541,1.0544004589992255,1.0608151800006453,0.0,1,1,0,1,0,,,,,,,,,
Experiment_1_Kazakh_Paraphrase_Generation_FINAL,68946e39c69bb1da3a8d44617b021507e4a2904ce2b728e024ab7176c2ea644f,25,education,llama,NousResearch/Meta-Llama-3.1-8B-Instruct,kazdiv,5,True,False,Оқу материалдарын онлайн жүйелерде кез келген уақытта қолдана аласыз.,0.8358515501022339,True,1,585,651,1236,9.680479575999925,9.690639456001009,0.0,13,12,1,12,0,2,10,1,5,7070288798160282697,0.95,1,,
Experiment_1_Kazakh_Paraphrase_Generation_FINAL,68a29a67505bd8e7ae44c360bc4317ffb1c756ea0da3967a448086a5ff8cdf38,22,education,kazllm,issai/LLama-3.1-KazLLM-1.0-8B,kazdiv,3,True,False,Сабақ барысында белсенді тапсырмаларды қолдану студенттердің оқу материалына деген қызығушылығын арттырады.,0.9980694055557251,True,1,620,766,1386,11.401987517999942,11.404564378000032,0.0,12,1,11,1,0,1,0,0,0,9640636217250979115,0.95,1,,
Experiment_1_Kazakh_Paraphrase_Generation_FINAL,68d6cd19bd496624ba78afb02dc4420ce973a8105c2c81b3708bcd22859d054a,74,technology,llama,NousResearch/Meta-Llama-3.1-8B-Instruct,kazdiv,2,True,False,Ақпараттық жүйелер арасында дерек алмасу процесін автоматтау үшін бағдарламалық интерфейстер пайдаланылады.,0.893882691860199,True,1,608,754,1362,11.224821920999602,11.235441360999175,0.0,12,9,3,9,0,6,3,1,1,2605104668186955589,0.95,1,,
Experiment_1_Kazakh_Paraphrase_Generation_FINAL,68db649665a21c8f213c48abcb1dca341bfdc9c15a71902a6262643cd439431a,49,science,llama,NousResearch/Meta-Llama-3.1-8B-Instruct,kazdiv,5,True,False,"Ғылыми модель нақты құбылыстың анықталған белгілерін түсініктеп бере отырып, түсінуін көздейді.",0.883747935295105,True,1,594,886,1480,13.195171313000174,13.209026242999244,0.0,13,13,0,13,0,4,9,1,1,10729635637622345460,0.95,1,,
Experiment_1_Kazakh_Paraphrase_Generation_FINAL,68e1ac5d44a37bb05e4902f2fa1a23b12769dea86fa63fc2c2062995c12fb969,79,technology,kazllm,issai/LLama-3.1-KazLLM-1.0-8B,kazdiv,3,True,False,"Цифрлық қызметтердің қолжетімділігі пайдаланушылардың әртүрлі құрылғыларды пайдалана отырып, қызмет алуына мүмкіндік береді.",0.9582918286323547,True,1,634,965,1599,14.385234114000014,14.394409153999732,0.0,12,6,6,6,0,2,4,1,2,15008676523948399968,0.95,1,,
Experiment_1_Kazakh_Paraphrase_Generation_FINAL,690b8efc2a0e78664b15fb34d2de7048004a702fbd839d4748e1963f1918df7b,44,science,llama,NousResearch/Meta-Llama-3.1-8B-Instruct,baseline,1,True,False,Қайта жазылған сөйлем: Заманша талдау деректердегі заңдылықтарды анықтауға және гипотезаларды бағалауға мүмкіндік береді.,0.801246166229248,True,1,483,78,561,1.1719237910001539,1.178496650998568,0.0,1,1,0,1,0,,,,,,,,,
Experiment_1_Kazakh_Paraphrase_Generation_FINAL,6923bb3b1567f4b2696308df7f5fc29c68e21bbfe79ab5b5086a17ef69bc1c2e,71,technology,llama,NousResearch/Meta-Llama-3.1-8B-Instruct,baseline,5,True,False,"Сөйлемді жаңа сөздермен қайта жазу: Интернет құралдары құрылғылар арасында деректерді автоматты түрде жинап, алмасуға жағдай жасайды.",0.8291869163513184,True,1,474,86,560,1.2911071569997148,1.297920877001161,0.0,1,1,0,1,0,,,,,,,,,
Experiment_1_Kazakh_Paraphrase_Generation_FINAL,6924544551cdc4cbc95fb26976cf3d53c80433994311359216502ac305dd6778,50,science,kazllm,issai/LLama-3.1-KazLLM-1.0-8B,baseline,2,True,False,Тәжірибені қайталау арқылы бірнеше рет қайталау кездейсоқ ауытқулардың қорытындыға әсерін азайтады.,0.93792724609375,True,1,501,66,567,0.9953993900003297,1.001161140000022,0.0,1,1,0,1,0,,,,,,,,,
Experiment_1_Kazakh_Paraphrase_Generation_FINAL,694589494f6cf2cee3b0eda92ef801cec3a298bf20d2e531491628e1f1c4394b,44,science,kazllm,issai/LLama-3.1-KazLLM-1.0-8B,kazdiv,3,True,False,Статистикалық талдау деректердегі үлгілерді анықтауға және гипотезаларды бағалауға мүмкіндік береді.,0.9414660930633545,True,1,626,805,1431,11.995173113999954,12.003931324000405,0.0,13,5,8,4,1,4,0,1,2,435958264124947589,0.95,1,,
Experiment_1_Kazakh_Paraphrase_Generation_FINAL,695ac5c928d4f95fcb2b1e982ea5ea4be14f324adecbae7af63f9e483ecfdab2,100,news,llama,NousResearch/Meta-Llama-3.1-8B-Instruct,baseline,5,True,False,Өңірде қоғамдық кеңістіктерді жаңарту жұмыстары келесі кезеңде бірнеше ауданға дейін кеңейтіледі. Басқа сөздермен қайта жазылған сөйлем: Мекенде қоғамдық алаңдарды жаңарту жұмыстары келесі кезеңде бірнеше ауданға кеңейтіледі.,0.8835169076919556,False,1,488,160,648,2.3791165689999616,2.385487359999388,0.0,1,1,0,0,1,,,,,,,,,
Experiment_1_Kazakh_Paraphrase_Generation_FINAL,695d560a7e314a525752c1d09f3a0b6aab06685dd6649a465ec4c8ed5a665d67,17,general,kazllm,issai/LLama-3.1-KazLLM-1.0-8B,kazdiv,5,True,False,Жұмыс пен демалыс арасындағы тепе-теңдікті сақтауға күн тәртібінің маңызы зор.,0.9162970185279846,True,1,624,778,1402,11.586848811999971,11.599458973000083,0.0,12,9,3,8,1,7,1,6,8,9124293448274086552,0.95,1,,
Experiment_1_Kazakh_Paraphrase_Generation_FINAL,69a3603e6ae841be132287d7710a7ee3f799b80568fece05d94246af59739c36,36,education,llama,NousResearch/Meta-Llama-3.1-8B-Instruct,baseline,3,True,False,"Сабақтың мазмұны мен бағалау тәсілдерін үйлестіру оңайырақ болады, ал оқу мақсаттары нақты белгіленген жағдайда.",0.9721472263336182,True,1,491,75,566,1.1268886319994635,1.1331338320014765,0.0,1,1,0,1,0,,,,,,,,,
Experiment_1_Kazakh_Paraphrase_Generation_FINAL,69b36c1abe8e61b5260c9642f462eb417279582351f0672f6ca602d449d5ee40,49,science,llama,NousResearch/Meta-Llama-3.1-8B-Instruct,kazdiv,4,True,False,Ғылыми модель құбылыстың маңызды сипаттарын сипаттауға арналған ықшам сипаттама.,0.9064648747444153,True,1,594,686,1280,10.213038883999616,10.222995523999998,0.0,13,11,2,11,0,7,4,6,10,6358816893528026633,0.95,1,,
Experiment_1_Kazakh_Paraphrase_Generation_FINAL,69df7c5dffc9561be57c8d6801f630b2542bee421252cb28c0558c8efaea1859,14,general,llama,NousResearch/Meta-Llama-3.1-8B-Instruct,baseline,2,True,False,Бастапқы сөйлемді қазіргі қазақ тілі тапаларына сәйкес келтіріп жазсақ: Көзқарастардың әртүрлілігін тыңдау бізге анық түсінік береді.,0.7555010318756104,True,1,473,94,567,1.4076457190003566,1.414506586999778,0.0,1,1,0,1,0,,,,,,,,,
Experiment_1_Kazakh_Paraphrase_Generation_FINAL,69fa4fed8160413a9249a3753c9c3b30af6271ba579260b93e16b1aa17c991ff,60,science,llama,NousResearch/Meta-Llama-3.1-8B-Instruct,baseline,5,True,False,"Зерттеу нәтижелерінің практикалық маңызын бағалау статистикалық мәнділікті түсіндірумен ғана шектелмеуі тиіс. Ұсынылған сөйлемді толық сақтай отырып, оның тапсырылған талаптарына жауап беру нәтижесінде осы сөйлемнің түрлендірілген нұсқасы мынадай: Зерттеу нәтижелерін практикалық маңызын бағалау статистикалық мәнділікті түсіндірумен ғана шектелмеуі тиіс. Қарапайым тілімізде кездесетін «бағалау» сөзін «ұқсастыру» сөзімен алмастырып жазу арқылы табиғи тілімізде жаңа ақпарат қосып түсірілген қайта жазылған сөйлемді ұсындық.",0.7985634803771973,False,1,485,334,819,4.948983981999845,4.955864380999628,0.0,1,1,0,0,1,,,,,,,,,
Experiment_1_Kazakh_Paraphrase_Generation_FINAL,6a01360d567783867365bbbc8b9c119c9a154b9c14dd786b8a2c6b12bb46c9fd,27,education,kazllm,issai/LLama-3.1-KazLLM-1.0-8B,baseline,4,True,False,"Егер бағалау критерийлері алдын ала түсіндірілсе, студенттер тапсырма талаптарын жақсырақ түсінеді.",0.9766685962677002,True,1,500,59,559,0.891058533999967,0.8968242139999347,0.0,1,1,0,1,0,,,,,,,,,
Experiment_1_Kazakh_Paraphrase_Generation_FINAL,6a9d2494fc7f475f0cbe4813529be7018da939090be89e492e7dbeb5c012fc13,38,education,llama,NousResearch/Meta-Llama-3.1-8B-Instruct,kazdiv,2,True,False,Зертханалық жұмыстарда теориялық заңдылықтарды тәжірибе арқылы талқылау ғылыми жетістіктерге әкеледі.,0.8527575135231018,True,1,590,785,1375,11.67784147599923,11.688733396000316,0.0,12,12,0,12,0,10,2,9,10,13488834953528664461,0.95,1,,
Experiment_1_Kazakh_Paraphrase_Generation_FINAL,6aeab5baaa89ffc437134e6073a856b18e1689f2d042120f816ea2882142d91c,65,technology,kazllm,issai/LLama-3.1-KazLLM-1.0-8B,kazdiv,3,True,False,Өнімдегі қателерді ерте анықтауға көмектесетін бағдарламалық қамтамасыз ету тестілеуі жүйелі түрде жүргізілуі керек.,0.8897049427032471,True,1,623,950,1573,14.160807562000628,14.169692312000734,0.0,12,4,8,4,0,4,0,2,2,8800848619302957538,0.95,1,,
Experiment_1_Kazakh_Paraphrase_Generation_FINAL,6affb27611650848fde783291b2669556f7435f54ef57de6dff658aaf875e3b6,32,education,llama,NousResearch/Meta-Llama-3.1-8B-Instruct,kazdiv,2,True,False,Оқытушылар тақырыпты түсінгенін оқушылардың жұмысын қорғауымен анықтауға көмектеседі.,0.8808446526527405,True,1,608,870,1478,12.954083384000114,12.965460334000454,0.0,12,12,0,12,0,2,10,1,1,15033407562710761900,0.95,1,,
Experiment_1_Kazakh_Paraphrase_Generation_FINAL,6b1c5b50c561e0732a76e5cb5d8c7a4eaa9d0974b16c41a083ef6a240900b77f,70,technology,kazllm,issai/LLama-3.1-KazLLM-1.0-8B,kazdiv,3,True,False,Бағдарламаның тиімділігін арттыру арқылы есептеу ресурстарын үнемді пайдалануға болады.,0.8758637309074402,True,1,619,653,1272,9.723738269000023,9.732945448999999,0.0,12,6,6,6,0,4,2,3,3,16719380589783249954,0.95,1,,
Experiment_1_Kazakh_Paraphrase_Generation_FINAL,6b3852028b87b31106156cf6f03ab0767fb441aba0db7720951f735a59d3b6a4,87,news,kazllm,issai/LLama-3.1-KazLLM-1.0-8B,baseline,1,True,False,Аймақта шағын және орта бизнесті қолдауға бағытталған оқыту бағдарламасы іске қосылды.,1.0,False,1,504,61,565,0.9212589090002439,0.92713023899978,0.0,1,1,0,0,1,,,,,,,,,
Experiment_1_Kazakh_Paraphrase_Generation_FINAL,6b3de17aeff5292d4c655bb2ddea74635bfd318f88b75510302c2a9aff6f9a2e,67,technology,llama,NousResearch/Meta-Llama-3.1-8B-Instruct,baseline,4,True,False,"Құпия ақпаратты өзгертіп, сұқырталау немесе басқа нұсқасына ауыстыру – деректерді шифрлау құпия ақпаратты үшінші тұлғалардың оқуынан қорғаудың негізгі тәсілдерінің бірі болып табылады.",0.7966954112052917,True,1,497,132,629,1.9671958500002802,1.9738630100000591,0.0,1,1,0,1,0,,,,,,,,,
Experiment_1_Kazakh_Paraphrase_Generation_FINAL,6b587ab03ec8bd744994fd9d839f3ba8b4d2c975440ed4d2bf347ee4fdc3267d,56,science,kazllm,issai/LLama-3.1-KazLLM-1.0-8B,baseline,3,True,False,Деректерді жақсырақ түсіндіру машиналық оқыту моделін объективті бағалау үшін маңызды.,0.7404171824455261,False,1,490,53,543,0.8026951419997204,0.8085917210000844,0.0,1,1,0,0,1,,,,,,,,,
Experiment_1_Kazakh_Paraphrase_Generation_FINAL,6b784750338a0c398b8e9a1983213fa0258b73dea253f599dcfa215ec0f41cea,7,general,llama,NousResearch/Meta-Llama-3.1-8B-Instruct,kazdiv,5,True,False,Дұрыс тамақтану мен күнделікті шаршаған қозғалыс өмір сапасына оң ықпал етеді.,0.9364112019538879,True,1,589,600,1189,8.924517643001309,8.933958322999388,0.0,12,12,0,12,0,10,2,3,3,14900926590345474405,0.95,1,,
Experiment_1_Kazakh_Paraphrase_Generation_FINAL,6b80d8de6857cb1da9d1a94fcfb49e97bbe94794fc0a85a4034e20bd69e846e6,67,technology,llama,NousResearch/Meta-Llama-3.1-8B-Instruct,baseline,5,True,False,Деректерді шифрлау құпия ақпаратты үшінші тұлғалардың оқуынан қорғаудың негізгі тәсілі болып табылады.,0.977779746055603,True,1,497,72,569,1.0835332090009615,1.0897278190004727,0.0,1,1,0,1,0,,,,,,,,,
Experiment_1_Kazakh_Paraphrase_Generation_FINAL,6b9cdab5819b1647b28a4e377adb96a2c85acb72b0c6d289ddbef408febd37f8,73,technology,kazllm,issai/LLama-3.1-KazLLM-1.0-8B,baseline,2,True,False,"Мәтінді талдау, құрастыру және ақпаратты өңдеу міндеттерінде үлкен тілдік модельдер кеңінен қолданылады.",0.9557063579559326,True,1,510,67,577,1.0093318250001175,1.0151761150000311,0.0,1,1,0,1,0,,,,,,,,,
Experiment_1_Kazakh_Paraphrase_Generation_FINAL,6bbc8baaac6bfa6cb9af7db89815a7661c434f65c1b23c154eaa3e62f9ba574d,29,education,llama,NousResearch/Meta-Llama-3.1-8B-Instruct,kazdiv,4,True,False,Зерттеуге негізделген оқыту ақпаратты талдауға мамандандырылған студенттерді тәрбиеледі.,0.8622596859931946,True,1,594,765,1359,11.392432517000998,11.404876156999308,0.0,13,13,0,7,6,6,1,1,2,5132094569190312300,0.95,1,,
Experiment_1_Kazakh_Paraphrase_Generation_FINAL,6bc54e7c4edf5088aaddafae63c5d7805cb664572b18089ae64823353def4903,90,news,llama,NousResearch/Meta-Llama-3.1-8B-Instruct,kazdiv,2,True,False,Студенттер мен жас ғалымдар тәжірибелік жобалар жүргізу үшін жаңа зертхананы пайдалануға мүмкіндіктің бар.,0.9495217204093933,True,1,591,841,1432,12.527072281000073,12.539847911000834,0.0,12,12,0,12,0,4,8,1,1,12118360327340406132,0.95,1,,
Experiment_1_Kazakh_Paraphrase_Generation_FINAL,6bc726920736bb7515d009cf64c615fd4c1bbfb7276a173522ecb2c33d8f6942,95,news,kazllm,issai/LLama-3.1-KazLLM-1.0-8B,kazdiv,1,True,False,Кітапханаларда жастарға арналған тегін цифрлық дағдылар курстары ұйымдастырыла бастады,0.8812510967254639,True,1,619,595,1214,8.863006833000327,8.87178747300004,0.0,12,6,6,6,0,2,4,1,1,2683267523098651875,0.95,1,,
Experiment_1_Kazakh_Paraphrase_Generation_FINAL,6be6d1a7a2c4874bed118414ac0f6c26abd5d286eef99399f075adbacc7aecd2,51,science,kazllm,issai/LLama-3.1-KazLLM-1.0-8B,baseline,5,True,False,Деректерді алдын ала өңдеу кезінде қателер мен жетіспейтін мәндерді дұрыс анықтау маңызды.,1.0,False,1,502,59,561,0.8911287890000494,0.8928648289997909,0.0,1,1,0,0,1,,,,,,,,,
Experiment_1_Kazakh_Paraphrase_Generation_FINAL,6c0501228dafc598d707493b37fa6770f1055133e8d0a0812d5cfebf206c9cde,97,news,kazllm,issai/LLama-3.1-KazLLM-1.0-8B,kazdiv,1,True,False,Мамандар жаңа экологиялық жоба қалдықтарды сұрыптау мәдениетін дамытуға ықпал етеді деп сенеді.,0.9923396706581116,True,1,625,785,1410,11.696435808999922,11.70484494899938,0.0,12,2,10,2,0,1,1,0,0,15088221790329130218,0.95,1,,
Experiment_1_Kazakh_Paraphrase_Generation_FINAL,6c6d7284fa1ca58a227061eef65fcb938c84c45a43b0f8242504a60d3a14e580,65,technology,kazllm,issai/LLama-3.1-KazLLM-1.0-8B,kazdiv,1,True,False,Өнімнің дұрыс жұмыс істемеуінен туындайтын қателерді анықтау үшін бағдарламалық жасақтаманы үнемі тестілеу қажет.,0.7813148498535156,True,1,623,808,1431,12.040963473000375,12.050476323000112,0.0,12,11,1,11,0,6,5,5,9,11654907269897782156,0.95,1,,
Experiment_1_Kazakh_Paraphrase_Generation_FINAL,6c989fa1dc32cb9fa72acf35fa41060db53f6c0c662b316049f76c1b18b2bf33,47,science,kazllm,issai/LLama-3.1-KazLLM-1.0-8B,baseline,1,True,False,Үлкен деректер жиынтығы күрделі құбылыстарды бірнеше көрсеткіш бойынша талдауға мүмкіндік береді.,1.0,False,1,510,67,577,1.0098131889999422,1.016052968999702,0.0,1,1,0,0,1,,,,,,,,,
Experiment_1_Kazakh_Paraphrase_Generation_FINAL,6c9f2aacd45668638f62fda308801ec0ad528022ef04500fc59ec47e5623f66d,18,general,llama,NousResearch/Meta-Llama-3.1-8B-Instruct,baseline,5,True,False,Қарым-қатынас кезінде адамның ойын анық жеткізуі және өзгелерді мұқият тыңдауы маңызды.,0.9565809965133667,True,1,487,66,553,0.9941679720013781,0.9960302420004155,0.0,1,1,0,1,0,,,,,,,,,
Experiment_1_Kazakh_Paraphrase_Generation_FINAL,6cba13761e6bd8612dc09c9af75ffe20438d4b0ee84aae1e5c250272bfdf52f1,62,technology,kazllm,issai/LLama-3.1-KazLLM-1.0-8B,baseline,5,True,False,Оқыту деректерінің көлемі мен сапасы машиналық оқыту моделінің сапасына үлкен әсер етеді.,0.8749701976776123,True,1,500,56,556,0.8470658309997816,0.8528588119997949,0.0,1,1,0,1,0,,,,,,,,,
Experiment_1_Kazakh_Paraphrase_Generation_FINAL,6cc93ab3ab85f0bb04792deb52b609b1c6d8572b95e69f5a60eb71de2cae766c,74,technology,kazllm,issai/LLama-3.1-KazLLM-1.0-8B,kazdiv,2,True,False,Әртүрлі ақпараттық жүйелер арасында деректер алмасуды автоматты түрде ұйымдастыру үшін бағдарламалық интерфейстер қажет.,0.9021260738372803,True,1,633,874,1507,13.021789700999761,13.030921411000236,0.0,13,3,10,3,0,1,2,0,2,12912327210427218531,0.95,1,,
Experiment_1_Kazakh_Paraphrase_Generation_FINAL,6ce79333f17fb476747fb98bca312264ef25d4a47e71fc3785cec63506eecf4b,73,technology,llama,NousResearch/Meta-Llama-3.1-8B-Instruct,kazdiv,4,True,False,"Үлкен тілдік модельдер мәтінді талдау, құрастыру және ақпаратты өңдеу міндеттерінде қолданылып жүр.",0.9802053570747375,True,1,603,896,1499,13.341193939999357,13.3543070300002,0.0,13,13,0,13,0,7,6,1,4,13963812091105023726,0.95,1,,
Experiment_1_Kazakh_Paraphrase_Generation_FINAL,6ce79feffb357f21815f34ced974896a1a10b2043654784ab336d6eab5af6b71,27,education,llama,NousResearch/Meta-Llama-3.1-8B-Instruct,baseline,4,True,False,Бағалау критерийлері алдын ала түсіндірілгенде студенттер тапсырма талаптарын жақсырақ түсінеді.,1.0,False,1,475,57,532,0.862854351000351,0.8647754110006645,0.0,1,1,0,0,1,,,,,,,,,
Experiment_1_Kazakh_Paraphrase_Generation_FINAL,6cf7721d6a6ee8b349198971461fdd85892c70a0e5f5e53c8e67775a431b62a6,80,technology,kazllm,issai/LLama-3.1-KazLLM-1.0-8B,baseline,5,True,False,Жасанды деректер нақты деректер шектеулі болған кезде модельді оқыту мүмкіндігін кеңейтеді.,0.9866143465042114,True,1,499,51,550,0.7733496159999049,0.7794793850007409,0.0,1,1,0,1,0,,,,,,,,,
Experiment_1_Kazakh_Paraphrase_Generation_FINAL,6d7afa12e7dd5be8b459eec62dd7234e0f993edd9dbe7eed8241f9b3d6884218,29,education,kazllm,issai/LLama-3.1-KazLLM-1.0-8B,baseline,4,True,False,"Оқу үдерісіне негізделген оқыту студенттердің сыни ойлау дағдыларын дамытып, ақпаратты талдауды қамтиды.",0.8975109457969666,True,1,501,63,564,0.9509542129999318,0.9568883830002051,0.0,1,1,0,1,0,,,,,,,,,
Experiment_1_Kazakh_Paraphrase_Generation_FINAL,6dd02b1bb8b1245a5a9285ebd48dd2c23cebcc47cfdf53b8691a47d8a1dc0a96,48,science,kazllm,issai/LLama-3.1-KazLLM-1.0-8B,kazdiv,1,True,False,Үлгі көлемі статистикалық тұрақтылыққа әсер етуі мүмкін алынған нәтижелердің санына әсер етуі мүмкін,0.900986909866333,True,2,1254,1981,3235,29.542197693000617,29.553429994,0.0,12,7,5,7,0,3,4,1,6,14393138951260239930,0.95,2,,
Experiment_1_Kazakh_Paraphrase_Generation_FINAL,6de01b50bda41c57c53f99f553fcfa3582f67a3a23d5c47078a69c88010f1dd7,61,technology,llama,NousResearch/Meta-Llama-3.1-8B-Instruct,kazdiv,2,True,False,Қазіргі уақытта жасанды интеллект күрделі заңдылықтарды күрделі деректерден анықтауға қабілетті болып келеді.,0.8336867690086365,True,1,604,852,1456,12.691026476999468,12.70026090600004,0.0,13,9,4,7,2,6,1,0,0,9533656976654747939,0.95,1,,
Experiment_1_Kazakh_Paraphrase_Generation_FINAL,6deb0c9fc5b0e09e55f2eed110c6d5f5e0d87ae4f6ba8be5ba5764539c84e146,84,news,llama,NousResearch/Meta-Llama-3.1-8B-Instruct,kazdiv,1,True,False,Жергілікті кәсіпкерлерге арналған жаңа қолдау бағдарламасының шарттары таныстырылды.,0.9181363582611084,True,1,596,730,1326,10.864573301998462,10.878159112000503,0.0,13,11,2,11,0,4,7,3,5,13831945987040892611,0.95,1,,
Experiment_1_Kazakh_Paraphrase_Generation_FINAL,6deeb61a00cceb230b1835ff66bac4295949bd15798965afcb2c42e9046a4c85,11,general,llama,NousResearch/Meta-Llama-3.1-8B-Instruct,kazdiv,4,True,False,Шығындарды алдын ала жоспарлау қажетсіз шығындарды төмендетеді.,0.9064992666244507,True,1,583,492,1075,7.309534758000154,7.318741177999982,0.0,12,12,0,10,2,8,2,3,4,3812449385412793805,0.95,1,,
Experiment_1_Kazakh_Paraphrase_Generation_FINAL,6e4422818661b9894b731c3cf01f0621dd6eb9fffe1bb1f7c66c5ad38146a627,37,education,llama,NousResearch/Meta-Llama-3.1-8B-Instruct,kazdiv,2,True,False,Кәсіби дамуға қажетті білімді өзі алған студент кәсіби көрсеткіштерге жетеді.,0.7808468341827393,True,1,595,776,1371,11.547304096999142,11.557663596999191,0.0,12,11,1,8,3,8,0,1,3,7535338729664616908,0.95,1,,
Experiment_1_Kazakh_Paraphrase_Generation_FINAL,6e60a2c89843767fd74474d87b1915cd4cbdeb05340a622d59be52945b415ed4,46,science,llama,NousResearch/Meta-Llama-3.1-8B-Instruct,kazdiv,4,True,False,Әдебиеттерге жүйелі шолу белгілі бір саладағы зерттеулердің негізгі бағыттары мен олқылықтарын анықтауға көмектеседі.,0.986775815486908,True,1,606,955,1561,14.232581686999765,14.242646577000414,0.0,13,10,3,9,1,2,7,0,7,6727047998382977806,0.95,1,,
Experiment_1_Kazakh_Paraphrase_Generation_FINAL,6e79575a34728ebfc48c3d3079e0d870dfbb05c68d2d4885ca49f7909b7f3540,70,technology,llama,NousResearch/Meta-Llama-3.1-8B-Instruct,kazdiv,4,True,False,Есептеу ресурстарын тиімді пайдаланумен бағдарламаның өнімділігін арттыру мүмкін.,0.8749489188194275,True,1,594,802,1396,11.942803613999786,11.952611013999558,0.0,13,13,0,13,0,8,5,5,5,2168731383746749191,0.95,1,,
Experiment_1_Kazakh_Paraphrase_Generation_FINAL,6e843956c795a7b2d90eedd6160334962bd5a4228b4c5d5f937d65db1ff7c3ba,62,technology,llama,NousResearch/Meta-Llama-3.1-8B-Instruct,kazdiv,5,True,False,Машиналық оқыту моделінің жақсы сапасы оқыту деректерінің көп екендігі мен жақсы сапасына байланысты.,0.8745531439781189,True,1,593,696,1289,10.362214749000486,10.372220768998886,0.0,13,9,4,9,0,4,5,0,0,12537964782091001237,0.95,1,,
Experiment_1_Kazakh_Paraphrase_Generation_FINAL,6e88225a403ae83392128e109d42bbc99720ca27719e1acf3f209db9713b2313,56,science,kazllm,issai/LLama-3.1-KazLLM-1.0-8B,kazdiv,2,True,False,Машиналық оқыту үлгілерін объективті бағалау үшін сапалы аннотацияланған деректер өте маңызды.,0.9410735368728638,True,1,608,656,1264,9.753862608000418,9.762090107999938,0.0,12,3,9,3,0,1,2,0,0,18198068571216987933,0.95,1,,
Experiment_1_Kazakh_Paraphrase_Generation_FINAL,6eda78da566a19f5b325854d1e0fd134ebef8bad20c2fcac647f60fa46755679,58,science,kazllm,issai/LLama-3.1-KazLLM-1.0-8B,kazdiv,2,True,False,"Екі айнымалы арасындағы байланысты көрсеткенімен, корреляция себеп-салдар қатынасын өздігінен дәлелдемейді.",0.9762018322944641,True,1,625,848,1473,12.627861726999981,12.63514886700068,0.0,13,2,11,1,1,1,0,0,1,16029262405857098880,0.95,1,,
Experiment_1_Kazakh_Paraphrase_Generation_FINAL,6ee1c654a1c0c24df9883f9594d1136d6ab1ef1b3bc6e6fd707bfa40d9675d88,82,news,kazllm,issai/LLama-3.1-KazLLM-1.0-8B,kazdiv,1,True,False,"Өңірде жаңа білім беру орталығы ашылып, оқушыларға технологиялық курстар ұсыныла бастады.",0.9880143404006958,True,1,622,755,1377,11.24310038799922,11.252262266999423,0.0,12,7,5,6,1,2,4,0,3,15686605910364956906,0.95,1,,
Experiment_1_Kazakh_Paraphrase_Generation_FINAL,6ee7439ebec08c499f8c896fb22973246d76cdbfd9435fca55b30f61e233b504,11,general,kazllm,issai/LLama-3.1-KazLLM-1.0-8B,kazdiv,3,True,False,Қаржыны алдын ала жоспарлау қажетсіз шығындарды азайтуға көмектесетін тәсіл болып табылады.,0.9609556198120117,True,1,608,703,1311,10.463382153999987,10.472346324,0.0,12,7,5,7,0,4,3,2,6,10772937413149133581,0.95,1,,
Experiment_1_Kazakh_Paraphrase_Generation_FINAL,6f05d496f62490446e982b07a64887a42f30741af024c09f8b1b5974fe6ecfe8,10,general,kazllm,issai/LLama-3.1-KazLLM-1.0-8B,baseline,4,True,False,Отбасындағы өзара қолдау қиындықтарды бірге жеңуге мүмкіндік береді.,0.9650286436080933,True,1,496,48,544,0.7293774640000947,0.7351278039999443,0.0,1,1,0,1,0,,,,,,,,,
Experiment_1_Kazakh_Paraphrase_Generation_FINAL,6f09d8f6b4d53022ca9790299ad729a3e2d1b317a24234bc5987488c92c11180,67,technology,kazllm,issai/LLama-3.1-KazLLM-1.0-8B,kazdiv,3,True,False,Деректерді шифрлау құпия ақпаратты үшінші тұлғалардың көруінен қорғау үшін қолданылады.,0.8877301216125488,True,2,1280,2124,3404,31.67320009800096,31.68564846800018,0.0,13,5,8,5,0,2,3,1,3,4236266475020915084,0.95,2,,
Experiment_1_Kazakh_Paraphrase_Generation_FINAL,6f810c0bba4597c8785afc58804b391a7b3a260c85694d1607a2b8cd7f9c8d63,93,news,llama,NousResearch/Meta-Llama-3.1-8B-Instruct,kazdiv,3,True,False,Қосымша өлшеу бекеттерін орнату арқылы жергілікті билік ауаның сапасын бақылау жоспарланып отыр.,0.9615656137466431,True,1,599,794,1393,11.820115796999744,11.830726227000923,0.0,13,13,0,13,0,3,10,0,6,6417085717471923475,0.95,1,,
Experiment_1_Kazakh_Paraphrase_Generation_FINAL,6f8696579cdd4992cffa8d164d5e952e3f2210c2c45116204ea6e72589bc05be,59,science,kazllm,issai/LLama-3.1-KazLLM-1.0-8B,kazdiv,2,True,False,Эксперименттік әсердің басқа ықтимал факторлардан нақты ажыратылуына көмектесетін бақылаушылар бар.,0.829573392868042,True,1,612,705,1317,10.495949850000216,10.504547280000224,0.0,12,4,8,4,0,3,1,2,3,3108551002100442252,0.95,1,,
Experiment_1_Kazakh_Paraphrase_Generation_FINAL,6f86a1e8396ce153cb35a0110c9d602228b4a6d925c372becf742fd2f5b63679,55,science,llama,NousResearch/Meta-Llama-3.1-8B-Instruct,kazdiv,2,True,False,Зерттеушілер әдіс таңдағанда оның артықшылықтарын оңай ескеруі қажет,0.8194501996040344,True,1,591,856,1447,12.738167956000325,12.747487955999532,0.0,13,12,1,12,0,3,9,0,0,5547928265790973206,0.95,1,,
Experiment_1_Kazakh_Paraphrase_Generation_FINAL,6fe3364d2a9ab2285fa9777d194c3bfcdd96f74fb3cd4028518328105e042edb,24,education,llama,NousResearch/Meta-Llama-3.1-8B-Instruct,baseline,5,True,False,Қайта жазылған сөйлем: Құрылымдық жұмыс студенттердің пікір алмасу және бірлесіп шешім қабылдауға дағдыландырады.,0.8279964923858643,True,1,474,76,550,1.1426481180005794,1.1489704270006769,0.0,1,1,0,1,0,,,,,,,,,
Experiment_1_Kazakh_Paraphrase_Generation_FINAL,6fed1a15e8ce0ebc7f484499871c56ad5ad820d4c015aecfd63f2307d5aa9e66,2,general,kazllm,issai/LLama-3.1-KazLLM-1.0-8B,baseline,3,True,False,"Адамдар маңызды шешім қабылдағанда, олар барлық ақпаратты мұқият салыстырып тексеруі керек.",0.9257946014404297,True,1,492,56,548,0.8473844059999465,0.8532657950001976,0.0,1,1,0,1,0,,,,,,,,,
Experiment_1_Kazakh_Paraphrase_Generation_FINAL,6ff8e0b3a0f4f6e6772a62b61a7004fff70cc60549b1acdab1aa11aff5a3f007,41,science,llama,NousResearch/Meta-Llama-3.1-8B-Instruct,baseline,1,True,False,Талаптарды орындау нәтижесінде жаңа сөйлем: Зерттеу қолға алынған мәселені тұжырымдау мен оны тәркілеп талдаудан басталады.,0.6981533765792847,False,1,481,82,563,1.2307598709994636,1.237081800998567,0.0,1,1,0,0,1,,,,,,,,,
Experiment_1_Kazakh_Paraphrase_Generation_FINAL,70162e55706bdf8a5eca0df397dbfd6be7d53bd2d3ada91f6a9bfefffab2a6dd,95,news,kazllm,issai/LLama-3.1-KazLLM-1.0-8B,baseline,4,True,False,Қалалық кітапханаларда жасөспірімдерге арналған тегін цифрлық дағдылар курстары ұйымдастырыла бастады.,0.9703304767608643,True,1,501,63,564,0.9514036320006198,0.9573931220002123,0.0,1,1,0,1,0,,,,,,,,,
Experiment_1_Kazakh_Paraphrase_Generation_FINAL,702245c130b508125e390de8e733009bacc96a2b6976a539b4a20f13a635428b,34,education,llama,NousResearch/Meta-Llama-3.1-8B-Instruct,kazdiv,3,True,False,Күрделі тақырыптарды түсіндіруді мысалдар көмегімен жүргізетін студенттер ерікті түрде оқып жатады.,0.7809581756591797,True,1,602,808,1410,12.029397807998976,12.04228392799996,0.0,12,12,0,12,0,12,0,5,5,16441793718978115836,0.95,1,,
Experiment_1_Kazakh_Paraphrase_Generation_FINAL,7039a0ab6dc181658feba2f981f3b893f6de44a9fd2d845d6706a6a968bd2463,66,technology,kazllm,issai/LLama-3.1-KazLLM-1.0-8B,baseline,3,True,False,Адамның жүктеп алуға қосылған қолданбаның қарапайым пайдаланушы интерфейсі ішіндегі қызметін оқу уақыты қысқартылады.,0.7939130067825317,True,1,503,79,582,1.1868871279993982,1.1928490579994104,0.0,1,1,0,1,0,,,,,,,,,
Experiment_1_Kazakh_Paraphrase_Generation_FINAL,703afd3b4c211f87702b668e0196bf9727acaf568802790487e1c67fa90d3c2a,98,news,kazllm,issai/LLama-3.1-KazLLM-1.0-8B,kazdiv,2,True,False,Жоғары оқу орындары студенттердің өндірістік тәжірибесін күшейту үшін компаниялармен жаңа келісімдер жасады,0.9417788982391357,True,1,628,889,1517,13.252844545999324,13.261940776000301,0.0,12,7,5,7,0,1,6,0,6,5489134704645474999,0.95,1,,
Experiment_1_Kazakh_Paraphrase_Generation_FINAL,706dc704270b2e464b7d16352eeeb7925f38665bf459baf084271319b4b7e286,32,education,kazllm,issai/LLama-3.1-KazLLM-1.0-8B,kazdiv,3,True,False,Студенттердің өз жұмыстарын қорғауы олардың тақырыпты қаншалықты түсінгенін анықтауға көмектеседі.,0.9978939294815063,True,1,633,914,1547,13.617519657999765,13.628728987999693,0.0,12,1,11,1,0,1,0,0,0,12149784534064587392,0.95,1,,
Experiment_1_Kazakh_Paraphrase_Generation_FINAL,707077998d4867c3e6f4dc4919752dc62c56220e87b4d45f48f0c4952ad0eefe,72,technology,kazllm,issai/LLama-3.1-KazLLM-1.0-8B,kazdiv,2,True,False,Модельдің шешімдерін түсіндіру мүмкіндігі AI жүйелерін енгізу кезінде маңызды талапқа айналады,0.8548305630683899,True,1,631,751,1382,11.179964310999821,11.188927160000276,0.0,12,5,7,5,0,2,3,1,4,579137765614413011,0.95,1,,
Experiment_1_Kazakh_Paraphrase_Generation_FINAL,70afb70d6ecbe15984539c3ce5830bab017df7c26c3c7b5ee9864e5ae6e7e44f,31,education,llama,NousResearch/Meta-Llama-3.1-8B-Instruct,baseline,1,True,False,Біріккен білім нәтижелерінің сенімділігін қамтамасыз ететіндігінен академиялық адалдық қағидаларын сақтау қажет.,0.9060453772544861,True,1,481,76,557,1.1414684869996563,1.1478217669991864,0.0,1,1,0,1,0,,,,,,,,,
Experiment_1_Kazakh_Paraphrase_Generation_FINAL,70be3b4b09af0d78b95bc1b2cfcf85d17c475f8147c92ea92424519381f197b6,68,technology,llama,NousResearch/Meta-Llama-3.1-8B-Instruct,baseline,3,True,False,Қайталанатын операцияларды автоматтандыруға мүмкіндік беретін роботтандырылған жүйелер бар.,0.8813188076019287,True,1,477,49,526,0.7449566220002453,0.746886822000306,0.0,1,1,0,1,0,,,,,,,,,
Experiment_1_Kazakh_Paraphrase_Generation_FINAL,70d31d85fff01a8867697f9fa13de5479411e7a442391752019fccb8b4a78894,60,science,llama,NousResearch/Meta-Llama-3.1-8B-Instruct,kazdiv,3,True,False,"Зерттеу нәтижелерінің практикалық маңызын бағалау, мәнділігі статистикалық мағынасынан басқа да ақпараттарға қатысты болуы тиіс.",0.8388925790786743,True,1,603,933,1536,13.900861157999316,13.911033837001014,0.0,12,11,1,11,0,6,5,3,3,5629354006322435147,0.95,1,,
Experiment_1_Kazakh_Paraphrase_Generation_FINAL,7113c2f53e7311712cbbeb5736fb4966ec245961c56b89bc0920dc8ffc3315c9,96,news,kazllm,issai/LLama-3.1-KazLLM-1.0-8B,kazdiv,3,True,False,Компания өндіріс процесін жақсарту үшін автоматтандырылған желіні енгізуді мақсат етіп отыр.,0.9047010540962219,True,1,625,671,1296,9.996415373999298,10.005362703999708,0.0,12,7,5,7,0,2,5,1,3,10195851131603021688,0.95,1,,
Experiment_1_Kazakh_Paraphrase_Generation_FINAL,71542638fbed145b2aa89d9739c1f51927298248107aef702b2dd15ab2028010,44,science,llama,NousResearch/Meta-Llama-3.1-8B-Instruct,kazdiv,4,True,False,Талдау деректердегі заңдылықтарды анықтауға және гипотезаларды бағалауға арналған статистикалық құралдың маңызы зор.,0.8023399114608765,True,2,1202,2071,3273,30.84575288799897,30.872411087000728,0.0,12,10,2,9,1,7,2,0,0,17534203830810191735,0.95,2,,
Experiment_1_Kazakh_Paraphrase_Generation_FINAL,717c36212d78f0f22fc11beec736256e76971dd9246f671b5d104d1f6c10cf10,94,news,llama,NousResearch/Meta-Llama-3.1-8B-Instruct,kazdiv,5,True,False,Ғылыми конференцияда зерттеушілер зерттеулердің деректер қауіпсіздігін және жасанды интеллекттің этикалық мәселелерін талқылады.,0.9571616053581238,True,1,589,1002,1591,14.93209015299908,14.945374203000029,0.0,13,13,0,13,0,3,10,0,6,12228735851715375486,0.95,1,,
Experiment_1_Kazakh_Paraphrase_Generation_FINAL,71b6c449a995a9301dc41b79f63b7d6db473fbd7ced0860cbfdd0c9d7efd5db2,9,general,kazllm,issai/LLama-3.1-KazLLM-1.0-8B,kazdiv,5,True,False,"Адам жаңа ортаға бейімделу үшін уақыт, тәжірибе және ашық қарым-қатынас қажет",0.9511247277259827,True,1,622,745,1367,11.098998070000562,11.107747699000356,0.0,12,4,8,4,0,1,3,0,0,11901988211113775941,0.95,1,,
Experiment_1_Kazakh_Paraphrase_Generation_FINAL,71da1f65cff18e419de8136b43a2b98f3bf3e3630a3e2255cd9a94428a10bd46,53,science,kazllm,issai/LLama-3.1-KazLLM-1.0-8B,kazdiv,2,True,False,Бұрынғы зерттеулермен салыстырғанда ғылыми жаңалықтар негізделіп көрсетілуі тиіс.,0.9045037031173706,True,2,1224,1315,2539,19.562412198999482,19.573336858999937,0.0,12,4,8,4,0,2,2,1,1,7207718504471196144,0.95,2,,
Experiment_1_Kazakh_Paraphrase_Generation_FINAL,71eacab662564695bda629f6f2b63e1cac22e91d49c165997e70f0772ad25fa4,88,news,kazllm,issai/LLama-3.1-KazLLM-1.0-8B,baseline,5,True,False,Мектептерде сандық сауаттылықты арттыру үшін қосымша сабақтар біртіндеп енгізілуде.,0.949745774269104,True,1,507,52,559,0.7879707900001449,0.7937773100002232,0.0,1,1,0,1,0,,,,,,,,,
Experiment_1_Kazakh_Paraphrase_Generation_FINAL,71f9ce423c3ea72071ed3ad8232150d601e894f1d025b7ef216a0ca5bedb1920,91,news,kazllm,issai/LLama-3.1-KazLLM-1.0-8B,kazdiv,1,True,False,Өңірлік форумда білім беру мен өндірісте жасанды интеллектіні қолдану мәселелері талқыланды.,0.9917566776275635,True,1,615,783,1398,11.667810113000087,11.676680443000805,0.0,13,4,9,4,0,1,3,0,0,18065979741546987757,0.95,1,,
Experiment_1_Kazakh_Paraphrase_Generation_FINAL,72816765b41f22759fa6fd8122e12d5d9f9917cb71183f29de1f3b9faa631b68,44,science,kazllm,issai/LLama-3.1-KazLLM-1.0-8B,kazdiv,1,True,False,Гипотезаларды бағалау және деректердегі заңдылықтарды анықтау үшін статистикалық талдау,0.8241133689880371,True,1,626,667,1293,9.936158233000242,9.945038312999714,0.0,12,3,9,3,0,3,0,1,1,5683911647987142651,0.95,1,,
Experiment_1_Kazakh_Paraphrase_Generation_FINAL,72816f0dd9d6eb147e6a7a4742c153e22b103150ef9ab3b7cdc112ad71fe299e,59,science,llama,NousResearch/Meta-Llama-3.1-8B-Instruct,kazdiv,5,True,False,Бақылау тобы экспериментті іс-әрекетті басқа факторлардан ажыратып көрсетеді.,0.8970904350280762,True,1,587,642,1229,9.551330861999304,9.561594701999638,0.0,13,12,1,11,1,9,2,5,7,13960718913140693517,0.95,1,,
Experiment_1_Kazakh_Paraphrase_Generation_FINAL,728cb49c89bdcfa3b684536a55625687c4c8e297fc9a4d67df9184f1692d1291,54,science,llama,NousResearch/Meta-Llama-3.1-8B-Instruct,baseline,1,True,False,Талаптарды орындаған қайта жазылған сөйлем: Ашық деректер ғылыми нәтижелерді тексеру мен қайта пайдалануға мүмкіндік береді.,0.8837343454360962,True,1,473,75,548,1.1274733410009503,1.1337129210005514,0.0,1,1,0,1,0,,,,,,,,,
Experiment_1_Kazakh_Paraphrase_Generation_FINAL,72bb1280d97f543240c0c53033999163459cb7f513e0abb2e4b3c7747fea4628,38,education,llama,NousResearch/Meta-Llama-3.1-8B-Instruct,baseline,2,True,False,Талаптарды орындаған жаңа сөйлем: Теориялық заңдылықтарды зертханалық жұмыстар тәжірибе арқылы тексеруге мүмкіндік береді.,0.8190984129905701,True,1,472,79,551,1.186075231000359,1.1879136610004934,0.0,1,1,0,1,0,,,,,,,,,
Experiment_1_Kazakh_Paraphrase_Generation_FINAL,72d3d768fc17a916d4ca8c4e93680cc87c26351cd76f8545c8fd3cda35d59937,53,science,llama,NousResearch/Meta-Llama-3.1-8B-Instruct,kazdiv,4,True,False,Ғылыми жаңалықты бұрынғы зерттеулермен салыстырып көрсетуге тиіс ғылыми жаңалық.,0.9220826029777527,True,1,587,587,1174,8.730814508999174,8.741722468999797,0.0,12,11,1,11,0,2,9,1,10,4880426427155360258,0.95,1,,
Experiment_1_Kazakh_Paraphrase_Generation_FINAL,72ecfb52ecea082ed54f54d9d67ad19e05e1f00a3b7607e74bd6539976a74be4,3,general,llama,NousResearch/Meta-Llama-3.1-8B-Instruct,kazdiv,2,True,False,Адамдардың өзара сенімге ие болуы қоғамдық өмірде адамдардың арасындағы сүйіспеншілікті арттырады.,0.8976378440856934,True,1,592,681,1273,10.130337352000424,10.141657551999742,0.0,13,8,5,8,0,4,4,1,7,7114719755842972090,0.95,1,,
Experiment_1_Kazakh_Paraphrase_Generation_FINAL,72fc2af5e6e8f85b04f05803e57b7c96269aa81cc25e8676186ce47970fe43ba,47,science,kazllm,issai/LLama-3.1-KazLLM-1.0-8B,baseline,2,True,False,Көптеген көрсеткіштер бойынша күрделі құбылыстарды талдауға болатын үлкен деректер жиынтығынан пайда көреді.,0.8937140703201294,True,1,510,73,583,1.097909578999861,1.1037986490000549,0.0,1,1,0,1,0,,,,,,,,,
Experiment_1_Kazakh_Paraphrase_Generation_FINAL,730e4bd86b6b2966a8dc742a0993e25ecf35b88a004a5c814882cd4de10b39d7,20,general,kazllm,issai/LLama-3.1-KazLLM-1.0-8B,kazdiv,4,True,False,Қиындықты шешу процесін жеңілдету үшін оны бірнеше кішігірім қадамдарға бөліңіз.,0.8389111757278442,True,1,613,722,1335,10.748551432999875,10.75707925100005,0.0,13,6,7,6,0,2,4,1,5,1073372546130018358,0.95,1,,
Experiment_1_Kazakh_Paraphrase_Generation_FINAL,730f06f3e9f501455bfdf314a05b07d7776bea1a2164aab499c49d8f7f7bbd80,92,news,llama,NousResearch/Meta-Llama-3.1-8B-Instruct,kazdiv,5,True,False,Қоғамдық кеңес мүшелері қалалық инфрақұрылымды дамытуға қатысты көптеген ұсыныстарды қарастырды.,0.989533543586731,True,1,601,965,1566,14.374963816999298,14.38840776699908,0.0,13,12,1,12,0,3,9,1,6,14023773699767642601,0.95,1,,
Experiment_1_Kazakh_Paraphrase_Generation_FINAL,73139bb0bcf5d3cf2f3200fb18e380e534d6650473a7cf6e6eec6019312b1971,36,education,llama,NousResearch/Meta-Llama-3.1-8B-Instruct,kazdiv,4,True,False,Оқу мақсаттарына жетіп отыру үшін сабақтың мазмұны мен бағалау тәсілдері үйлесіп отырады.,0.8442492485046387,True,1,609,830,1439,12.365007099999275,12.375523340000655,0.0,14,8,6,5,3,2,3,0,3,17293387147911213517,0.95,1,,
Experiment_1_Kazakh_Paraphrase_Generation_FINAL,731dcd45cf99ba781e30a21fe967fbbda810df1aece9646c39ad47d5c64746e6,70,technology,llama,NousResearch/Meta-Llama-3.1-8B-Instruct,kazdiv,3,True,False,Бағдарлама өнімділігін арттыру үшін компьютерлердің қаржылық ресурстарын үйретілген тәртіппен пайдалануға мүмкіндік береді.,0.7972711324691772,True,1,594,908,1502,13.516073887998573,13.525532678000673,0.0,12,6,6,6,0,6,0,1,1,8786796160936553041,0.95,1,,
Experiment_1_Kazakh_Paraphrase_Generation_FINAL,73359a191340bb109abaae33f9c04f255846e30b6e514720d3b354eef117ef7c,42,science,llama,NousResearch/Meta-Llama-3.1-8B-Instruct,baseline,2,True,False,Талаптарды орындағаннан кейін жаңа сөйлем: Эксперимент нәтижелерінің сенімділігі деректер жинау әдістерінің дұрыстығына тікелей байланысты.,0.799575686454773,True,1,474,83,557,1.2450395110008685,1.2512253709992365,0.0,1,1,0,1,0,,,,,,,,,
Experiment_1_Kazakh_Paraphrase_Generation_FINAL,73498dd8b508a3210f7355ff9f5ab403871e72db7892bebe3c1a26bd1ef7c059,17,general,kazllm,issai/LLama-3.1-KazLLM-1.0-8B,baseline,3,True,False,Жұмыс пен демалыс арасындағы тепе-теңдікті сақтауға көмектесетін күн тәртібін сақтау керек.,0.9346828460693359,True,1,506,64,570,0.9642223189998731,0.9705958290001035,0.0,1,1,0,1,0,,,,,,,,,
Experiment_1_Kazakh_Paraphrase_Generation_FINAL,7390c159acf86f648467de590539dd5660ed03cf7899697c31e0935b807c3691,89,news,kazllm,issai/LLama-3.1-KazLLM-1.0-8B,kazdiv,2,True,False,Сарапшылар еңбек нарығында деректерді талдау дағдыларына сұраныс өсіп келе жатқанын байқады.,0.9917569160461426,True,1,622,810,1432,12.069052378000379,12.0785448179995,0.0,12,8,4,8,0,2,6,0,0,17929798370768917905,0.95,1,,
Experiment_1_Kazakh_Paraphrase_Generation_FINAL,73a15016cf916e5cb05c31afad1d0f415fd9a481deb505221c9806fb79086698,21,education,kazllm,issai/LLama-3.1-KazLLM-1.0-8B,kazdiv,5,True,False,Заманауи білім беру жүйесі студенттердің теориялық және практикалық дағдыларын дамытуға бағытталған,0.8711056709289551,True,1,623,856,1479,12.74808754500009,12.756680534999987,0.0,11,3,8,3,0,2,1,0,0,5328686075198575826,0.95,1,,
Experiment_1_Kazakh_Paraphrase_Generation_FINAL,73a901da470d519125011be75378d3148094a230a959d3941c9faeaad9fca6bc,43,science,kazllm,issai/LLama-3.1-KazLLM-1.0-8B,baseline,4,True,False,"Зерттеуде қолданылған әдістер толық сипатталса, басқа ғалымдар нәтижелерді қайта тексере алады.",1.0,False,1,502,59,561,0.8911039059998984,0.892886255999656,0.0,1,1,0,0,1,,,,,,,,,
Experiment_1_Kazakh_Paraphrase_Generation_FINAL,743aa1d7eb1d80a5614de2b01b78de0b666c761cd81316f71ef60a7ceb19fd7a,10,general,llama,NousResearch/Meta-Llama-3.1-8B-Instruct,kazdiv,3,True,False,Бірге өздерінің қиындықтарын бөліп отбасындағы өзара қолдау көрсету мүмкіндік береді.,0.9024645686149597,True,1,589,685,1274,10.19242392399974,10.201721073999579,0.0,13,12,1,12,0,5,7,2,3,2713575083807287712,0.95,1,,
Experiment_1_Kazakh_Paraphrase_Generation_FINAL,7449770f2b1c93bfefd0c51909e81a0f92ddd57d23b6f2410326b06925ac377c,51,science,kazllm,issai/LLama-3.1-KazLLM-1.0-8B,baseline,3,True,False,Деректерді алдын ала өңдеу кезінде қателер мен жетіспейтін мәндерді дұрыс анықтау маңызды.,1.0,False,1,502,59,561,0.8909795389999999,0.8927261290000388,0.0,1,1,0,0,1,,,,,,,,,
Experiment_1_Kazakh_Paraphrase_Generation_FINAL,747c3ad2b2deb1b20e0c4667f004fdf13b18f3deb783fa0a2d64a86eea011701,54,science,llama,NousResearch/Meta-Llama-3.1-8B-Instruct,kazdiv,1,True,False,Ғылыми нәтижелерді тексеру мен қайта пайдалану үшін ашық деректер пайдаланылады.,0.9166860580444336,True,1,591,735,1326,10.943815890999758,10.954008761000296,0.0,13,13,0,13,0,5,8,4,8,7224193637176769471,0.95,1,,
Experiment_1_Kazakh_Paraphrase_Generation_FINAL,74bbbed152595920ff7b14f7aea20144af568b4c133cf983ed6d1b8a52b08d0f,49,science,llama,NousResearch/Meta-Llama-3.1-8B-Instruct,baseline,2,True,False,Ғылыми модель нақты құбылыстың құбылыстың маңызды қасиеттерін ықшам түрде сипаттауға арналған.,0.9941954612731934,True,1,476,67,543,1.0092502219995367,1.0153817219998018,0.0,1,1,0,1,0,,,,,,,,,
Experiment_1_Kazakh_Paraphrase_Generation_FINAL,74ec6725d845ab27dc512b5e737773b9cec4ca0bdfcad0cd1d691388d93bcdcd,81,news,kazllm,issai/LLama-3.1-KazLLM-1.0-8B,baseline,3,True,False,Қала әкімдігі тұрғындардың ұсыныстары бойынша қоғамдық көлік бағыттарын қайта қарауды жоспарлап отыр.,0.9900110363960266,True,1,517,74,591,1.1188040770002772,1.1247341859998414,0.0,1,1,0,1,0,,,,,,,,,
Experiment_1_Kazakh_Paraphrase_Generation_FINAL,7522b2962552d08d5aac09b55562a1e5254a5f3cd92f08acbf5a8d0a9b02f7d8,48,science,llama,NousResearch/Meta-Llama-3.1-8B-Instruct,kazdiv,3,True,False,Нәтижелерге қатысты статистикалық тұрақтылықты бұлтататын зерттеу үлгісінің үлкендігі,0.7588316202163696,True,1,602,762,1364,11.34927162799977,11.35892832799982,0.0,12,12,0,7,5,5,2,3,5,15892520958629181764,0.95,1,,
Experiment_1_Kazakh_Paraphrase_Generation_FINAL,7541fb77bca2fd0349df6badd8834ee1e3e0876164346daaae9749a3be38c9fc,15,general,llama,NousResearch/Meta-Llama-3.1-8B-Instruct,baseline,4,True,False,Қаладағы жаяу жүргіншілерге қолайлы орта тұрғындардың белсенді өмір салтын қолдайды. Тұрғындық ортаға қолайлы орта тұрғындардың белсенді өмір салтын қолдайды. Ортаға жаяу жүргінші тұрғындардың белсенді өмір салтын қолдайды. Жаяу жүргінші тұрғындардың белсенді өмір салтын қолайлы орта тұрғындар қолдайды.,0.8936077952384949,False,1,474,207,681,3.0712304539993056,3.077718664000713,0.0,1,1,0,0,1,,,,,,,,,
Experiment_1_Kazakh_Paraphrase_Generation_FINAL,755429c3e57e46470342fcc367c3e4a50b97f4541143574b56dd1c875882439d,48,science,llama,NousResearch/Meta-Llama-3.1-8B-Instruct,kazdiv,1,True,False,Алынған нәтижелердің статистикалық тұрақтылығына зерттеудің үлгісі әсер етеді.,0.869271993637085,True,1,602,751,1353,11.175473949000661,11.18725693899978,0.0,13,11,2,11,0,8,3,4,4,3952212198348485629,0.95,1,,
Experiment_1_Kazakh_Paraphrase_Generation_FINAL,757c3bda9fef548b2e6640de91ef63883b6c7c6801b57b3aaf103ef5da5b9259,22,education,kazllm,issai/LLama-3.1-KazLLM-1.0-8B,kazdiv,1,True,False,Белсенді тапсырмаларды орындау сабақ барысында оқушылардың оқу материалына ынталы болуына ықпал етеді.,0.8089016079902649,True,1,620,772,1392,11.492609267000034,11.501770047000036,0.0,12,8,4,8,0,7,1,6,6,8201187703721232736,0.95,1,,
Experiment_1_Kazakh_Paraphrase_Generation_FINAL,759ec3e2715654746f0993e89ffb34ead1bf74f040fcfb44b30565ec3ff33aa2,34,education,llama,NousResearch/Meta-Llama-3.1-8B-Instruct,baseline,1,True,False,Күрделі тақырыптарды мысалдар арқылы түсіндіру студенттерге жаңа ұғымдарды меңгеру қиындығын жоюға көмектеседі.,0.937816321849823,True,1,484,79,563,1.1868892570000753,1.1937221770003816,0.0,1,1,0,1,0,,,,,,,,,
Experiment_1_Kazakh_Paraphrase_Generation_FINAL,767c88d2e34e8e58f1c49de7ea8caa0ec51f688f34d1e4678c136a7782144471,84,news,kazllm,issai/LLama-3.1-KazLLM-1.0-8B,baseline,2,True,False,Жергілікті бизнес иелеріне арналған жаңа қолдау бағдарламасының шарттары ресми жиналыста жария етілді.,0.9080696105957031,True,1,503,55,558,0.8327583899999809,0.8386086909995356,0.0,1,1,0,1,0,,,,,,,,,
Experiment_1_Kazakh_Paraphrase_Generation_FINAL,7682c9a6edc07f31c2c891fa253b79fe77ad686b3666e3e4590404bb4cd42c0c,28,education,llama,NousResearch/Meta-Llama-3.1-8B-Instruct,kazdiv,1,True,False,Оқу траекториясының көмегімен студенттің білім алу қарқынына қарай қабілетін ескеруге мүмкіндік береді.,0.8815762996673584,True,1,589,825,1414,12.285783247998552,12.29865623799924,0.0,12,11,1,11,0,2,9,1,8,9856220809815346996,0.95,1,,
Experiment_1_Kazakh_Paraphrase_Generation_FINAL,7699b96a5fe35bdc64f130c3c8e4f9c1105673adc88263e9546e9e38d87b56ed,42,science,llama,NousResearch/Meta-Llama-3.1-8B-Instruct,baseline,4,True,False,Талаптарды орындағаннан кейін келіп отырған жаңа сөйлем: Эксперимент нәтижелерінің сенімділігі деректерді жинау әдісінің дұрыстығымен байланысты.,0.8208603858947754,True,1,474,90,564,1.3482655600000726,1.3544178800002555,0.0,1,1,0,1,0,,,,,,,,,
Experiment_1_Kazakh_Paraphrase_Generation_FINAL,76b293e8bed0073780684ef309c86f95a850daa7f2c6db3e06072f80f8c2af40,30,education,kazllm,issai/LLama-3.1-KazLLM-1.0-8B,kazdiv,2,True,False,Дәстүрлі оқыту әдістері цифрлық құралдарды пайдалану арқылы толықтырылуы мүмкін.,0.8889667987823486,True,1,625,732,1357,10.9038386860002,10.912346955999965,0.0,12,5,7,5,0,1,4,0,1,9023472105457166663,0.95,1,,
Experiment_1_Kazakh_Paraphrase_Generation_FINAL,76b2ba808d8819d4dce23bd96b2e27abcb30cbe4f004bc420940f83e1459a627,6,general,llama,NousResearch/Meta-Llama-3.1-8B-Instruct,baseline,1,True,False,"Кітап оқу адамның сөздік қорын кеңейтіп, ойлау қабілетін дамытуға көмектеседі. Қайта жазылған сөйлем: Оқу кітап адамның сөздік қорын кеңейтіп, ойлау қабілетін дамытуға көмектеседі.",0.9122574329376221,False,1,474,127,601,1.8939514249996137,1.900389604999873,0.0,1,1,0,0,1,,,,,,,,,
Experiment_1_Kazakh_Paraphrase_Generation_FINAL,76b688dc8e67ca4b171d9ea0e808561f1c5b96a87c1ed23097c962956417cf4b,40,education,kazllm,issai/LLama-3.1-KazLLM-1.0-8B,baseline,1,True,False,Барлық студенттерді қамтитын оқу ортасы әрбір оқушының оқу үдерісіне тең қатысуына мүмкіндік береді.,0.88022780418396,True,1,504,68,572,1.0239117650003209,1.0302909649999492,0.0,1,1,0,1,0,,,,,,,,,
Experiment_1_Kazakh_Paraphrase_Generation_FINAL,773b8ed161848283f3bf64174afc4c1bbc36ea1b48ffe4b8327523ea387d9bd0,5,general,kazllm,issai/LLama-3.1-KazLLM-1.0-8B,baseline,3,True,False,Айналадағы ортаны таза ұстау - әр адамның міндеті.,0.9125215411186218,True,1,486,32,518,0.4935203199997886,0.4989925999998377,0.0,1,1,0,1,0,,,,,,,,,
Experiment_1_Kazakh_Paraphrase_Generation_FINAL,77572edd35ff243f3c8f394c1072fcde10c65953b2f5a1cb17577ef004e5ec95,77,technology,llama,NousResearch/Meta-Llama-3.1-8B-Instruct,baseline,4,True,False,Модельді өндірістік ортаға енгізгеннен кейін оның сапасын тұрақты түрде бақылап отыру қажет. Бастапқы сөйлемнің толықтыруы: Модельді өндірістік ортаға енгізгеннен кейін оның сапасын тұрақты түрде бақылап отыру қажет.,0.9152075052261353,False,1,478,141,619,2.1002567329996964,2.1071848629999295,0.0,1,1,0,0,1,,,,,,,,,
Experiment_1_Kazakh_Paraphrase_Generation_FINAL,777ba85cd86b797930cb6959dd027ae43159cdf27af9a9e1f19fe78fd0ab59f8,91,news,kazllm,issai/LLama-3.1-KazLLM-1.0-8B,baseline,2,True,False,Өңірлік форумда жасанды интеллектіні білім беру мен өндірісте қолдану мәселелері талқыланды.,1.0,False,1,497,54,551,0.8182533500003046,0.8199640700004238,0.0,1,1,0,0,1,,,,,,,,,
Experiment_1_Kazakh_Paraphrase_Generation_FINAL,77913e6f29e867cd5d7084a0ab4a47e45cb44e13d06861fea6f8f312203624d3,36,education,llama,NousResearch/Meta-Llama-3.1-8B-Instruct,baseline,4,True,False,Сабақтың мазмұны мен бағалау тәсілдерін үйлестірудің оңайдауы сабақтың мақсатының нақтыланған жағдайда орынады.,0.9266170263290405,True,1,491,80,571,1.2012690310002654,1.2075946109998767,0.0,1,1,0,1,0,,,,,,,,,
Experiment_1_Kazakh_Paraphrase_Generation_FINAL,779f9d65ff478e7967d8e0b97ea10f7045ef54b9f28a2bdad73b41df36265b7e,60,science,llama,NousResearch/Meta-Llama-3.1-8B-Instruct,baseline,1,True,False,Сөйлемді жаңа ақпаратсыз қайта жазу: Зерттеу нәтижелерінің практикалық маңызын ғылыми мәнділіктен босаңдырмау тиіс.,0.7245487570762634,False,1,485,78,563,1.172708671001601,1.1791645510002127,0.0,1,1,0,0,1,,,,,,,,,
Experiment_1_Kazakh_Paraphrase_Generation_FINAL,77b4e2f569935b277ebb47728251b219b47c74205fc614b9ed073b87ef3a2ce1,91,news,llama,NousResearch/Meta-Llama-3.1-8B-Instruct,baseline,5,True,False,Өңірлік форумда білім беру мен өндірісте жасанды интеллектті қолдану мәселелері талқыланды.,0.9892941117286682,True,1,472,53,525,0.803609623999364,0.8055926440010808,0.0,1,1,0,1,0,,,,,,,,,
Experiment_1_Kazakh_Paraphrase_Generation_FINAL,77cff3981ee926a81feb34a9da88acb19e7a31d72a3ab2c87ca1fd61bcc53464,38,education,kazllm,issai/LLama-3.1-KazLLM-1.0-8B,kazdiv,2,True,False,Экспериментарлық сынақтар теориялық заңдылықтарды тексеруге мүмкіндік береді.,0.874431848526001,True,1,615,636,1251,9.465604297000027,9.474635435999971,0.0,12,10,2,10,0,7,3,3,3,4310946466854727744,0.95,1,,
Experiment_1_Kazakh_Paraphrase_Generation_FINAL,78179c80cef7856e6a186141d24ae7bfd9c08e107e0417e83c0cdc42f9b01545,68,technology,kazllm,issai/LLama-3.1-KazLLM-1.0-8B,kazdiv,1,True,False,Өндірісте қайталанатын операцияларды автоматтандыру үшін роботтық жүйелер қолданылады.,0.8634354472160339,True,1,620,686,1306,10.216526342999714,10.226186053000674,0.0,12,10,2,9,1,6,3,4,6,10966321286588464315,0.95,1,,
Experiment_1_Kazakh_Paraphrase_Generation_FINAL,7826e71ffba8d8bcad72bb3de0210089b58a6d8c308c0b0324cec19590c013e6,18,general,llama,NousResearch/Meta-Llama-3.1-8B-Instruct,baseline,4,True,False,Сапалы қарым-қатынас кезінде адамның ойын анық жеткізуі және өзгелерге мұқият тыңдауы қажет.,0.9795706868171692,True,1,487,67,554,1.0096020319997479,1.0160383110014664,0.0,1,1,0,1,0,,,,,,,,,
Experiment_1_Kazakh_Paraphrase_Generation_FINAL,782b0793aa01691486289c2ad2c6b052769a95c813d79514157388d896056a02,57,science,llama,NousResearch/Meta-Llama-3.1-8B-Instruct,baseline,4,True,False,"Ғылыми мақалада қолданылған дереккөздер зерттеу тұжырымдарын толықтырып, көмкеріп жүргізу керек.",0.9094799160957336,True,1,478,64,542,0.9657675119997293,0.9719889620009781,0.0,1,1,0,1,0,,,,,,,,,
Experiment_1_Kazakh_Paraphrase_Generation_FINAL,7866702801270b9991e1bd4ce070f1a0309214ca4277b78da276fb6715515f90,2,general,kazllm,issai/LLama-3.1-KazLLM-1.0-8B,baseline,5,True,False,Адамдар маңызды шешімдерді қабылдау кезінде қолда бар ақпаратты мұқият салыстыруы қажет.,0.99155592918396,True,1,492,54,546,0.8177156270000978,0.8233923360000972,0.0,1,1,0,1,0,,,,,,,,,
Experiment_1_Kazakh_Paraphrase_Generation_FINAL,7871cf2a456f11f50eb86611438e070335331597999e661f01e74d08441e1ca0,57,science,llama,NousResearch/Meta-Llama-3.1-8B-Instruct,kazdiv,3,True,False,Дереккөздердің зерттелуі зерттеу тұжырымдарының орындалуына жағдай жасайды.,0.7644287347793579,True,1,596,1138,1734,16.95942696199927,16.972009272001742,0.0,13,9,4,4,5,4,0,3,7,17682804945565177210,0.95,1,,
Experiment_1_Kazakh_Paraphrase_Generation_FINAL,7876d95dbb26f6a83698b8f8f70e6d110dbebb4a7392cf4ee9273802f8dbe403,5,general,llama,NousResearch/Meta-Llama-3.1-8B-Instruct,kazdiv,5,True,False,Адамның таза ортаны ұстауында оның жауапкершілігі көрініс береді.,0.8250921964645386,True,1,579,512,1091,7.609071868000683,7.619383518000177,0.0,12,12,0,5,7,5,0,1,3,7688997802649760811,0.95,1,,
Experiment_1_Kazakh_Paraphrase_Generation_FINAL,78ccffa712eaf296b49efa222f14f24b6fc643ae8ce7cca9f84380fec30b1953,63,technology,llama,NousResearch/Meta-Llama-3.1-8B-Instruct,kazdiv,3,True,False,Бұлттық есептеу ресурстары күрделі бағдарламаларды жергілікті инфрақұрылымсыз тұрақты іске қосуға қолдайды.,0.9151928424835205,True,1,610,980,1590,14.596842478000326,14.60660328800077,0.0,12,12,0,12,0,3,9,0,0,4519935048689997212,0.95,1,,
Experiment_1_Kazakh_Paraphrase_Generation_FINAL,78d1b56aba8e7db2fe5cc3e72f9d812a22b27a52a2214c27a1553106474f0cc2,15,general,llama,NousResearch/Meta-Llama-3.1-8B-Instruct,kazdiv,4,True,False,Қаладағы жаяу жүргіншілерге қолайлы орта тұрғындар белсенді тұрғындардың өмір салтын қолдайды.,0.983615517616272,True,1,592,1046,1638,15.586681838000004,15.596483948000241,0.0,13,13,0,13,0,5,8,2,8,12782787189977012486,0.95,1,,
Experiment_1_Kazakh_Paraphrase_Generation_FINAL,790420301a398d4a7ceec650f92b1f6e1055e6f7562673482df3f72fcf21b591,3,general,llama,NousResearch/Meta-Llama-3.1-8B-Instruct,kazdiv,5,True,False,Қоғамдағы өзара сенім байланыс нығайғанша адамдар арасындағы қарым-қатынас жақсарып отырады.,0.9029752016067505,True,1,592,919,1511,13.688495533000605,13.698887992999516,0.0,13,13,0,13,0,4,9,1,1,13359832529124457014,0.95,1,,
Experiment_1_Kazakh_Paraphrase_Generation_FINAL,790530002030f9cbaa21d2ad40b264cf8b56448311c3d33fc590c585f41a12a5,84,news,kazllm,issai/LLama-3.1-KazLLM-1.0-8B,kazdiv,3,False,False,,,False,2,1242,2400,3642,35.81011990800016,35.8156230579998,0.0,0,0,0,,,,,,,,0.95,,parsing,Could not parse KAZ-Div response.
Experiment_1_Kazakh_Paraphrase_Generation_FINAL,790c2d201558e66d754008f579d03d0e167fb8d4dd092eef5c4380aa4f49f43d,53,science,llama,NousResearch/Meta-Llama-3.1-8B-Instruct,kazdiv,5,True,False,Біздің ғылыми жаңалық бұрынғы зерттеулердің нәтижелерімен салыстыру арқылы көрсетілуге тиіс.,0.9226417541503906,True,1,587,711,1298,10.584763803999522,10.59588148399962,0.0,13,9,4,9,0,3,6,1,1,7506716305926017713,0.95,1,,
Experiment_1_Kazakh_Paraphrase_Generation_FINAL,7920b51330657778cc5e4bdd3428fa65f2542ce657c1922f9d24a52c47755cc7,21,education,kazllm,issai/LLama-3.1-KazLLM-1.0-8B,kazdiv,2,True,False,Заманауи білім беру жүйесі студенттердің теориялық білімін практикалық дағдылармен ұштастыруға бағытталған,0.9344794154167175,True,1,623,772,1395,11.496279351000112,11.504812579000145,0.0,12,6,6,6,0,1,5,0,1,14211914303148790924,0.95,1,,
Experiment_1_Kazakh_Paraphrase_Generation_FINAL,793edd14b5a332be895713e30b415381fea97ed834b3fe0d73baca49d01fd80c,73,technology,kazllm,issai/LLama-3.1-KazLLM-1.0-8B,baseline,1,True,False,"Үлкен тілдік модельдер мәтінді талдау, құрастыру және ақпаратты өңдеу тапсырмаларында кеңінен қолданылады.",0.992280900478363,True,1,510,71,581,1.0683475739997448,1.074874123999507,0.0,1,1,0,1,0,,,,,,,,,
Experiment_1_Kazakh_Paraphrase_Generation_FINAL,795ef696542754641024bece4b1def46ef8f9e8576b4382e659648a02d72cbee,46,science,kazllm,issai/LLama-3.1-KazLLM-1.0-8B,kazdiv,2,True,False,Белгілі бір саладағы негізгі бағыттар мен зерттеу олқылықтарын анықтауға көмектесетін әдебиеттерге жүйелі шолу,0.8350000977516174,True,1,631,889,1520,13.247143416999734,13.255621007000173,0.0,12,3,9,3,0,3,0,2,2,5642487208121391390,0.95,1,,
Experiment_1_Kazakh_Paraphrase_Generation_FINAL,798cbd5acfe3dfdb6aa6f714c819f6ed678881edd2cf229aa7f6f9df73198e62,6,general,llama,NousResearch/Meta-Llama-3.1-8B-Instruct,kazdiv,4,True,False,"Оқу кітап көмегімен адамның сөздік қоры кеңейеді, ойлау қабілетін дамытуға жағдай жасайды.",0.9500002861022949,True,1,592,673,1265,10.017479678999734,10.027482638999572,0.0,12,12,0,12,0,4,8,1,6,10910989050164362889,0.95,1,,
Experiment_1_Kazakh_Paraphrase_Generation_FINAL,798ed1c00ab901faf805be169145f0de6e2e6ab3a3b89bebfdcd6050b8b18340,23,education,kazllm,issai/LLama-3.1-KazLLM-1.0-8B,kazdiv,4,True,False,"Уақтылы кері байланыс студентке өз қателерін түсініп, нәтижесін жақсартуға көмектеседі.",0.9586305022239685,True,1,630,917,1547,13.666370840999889,13.673706649999986,0.0,14,2,12,1,1,1,0,0,1,12074481213293478585,0.95,1,,
Experiment_1_Kazakh_Paraphrase_Generation_FINAL,7993404dc50296dc873504fa58c1444bbdc6ce51a3db29ccfb2904fe30ad9adb,41,science,llama,NousResearch/Meta-Llama-3.1-8B-Instruct,baseline,4,True,False,Ғылыми зерттеу нақты мәселені анықтаудан басталады.,0.9313510656356812,True,1,481,32,513,0.4939684769997257,0.4958065769988025,0.0,1,1,0,1,0,,,,,,,,,
Experiment_1_Kazakh_Paraphrase_Generation_FINAL,799eb839ab50e49a011b2cdd40c28e087dd57362eafddbfe61523d1e5793dbde,69,technology,llama,NousResearch/Meta-Llama-3.1-8B-Instruct,baseline,3,True,False,Қайта жазылған сөйлем: Компьютерлік көру алгоритмдері кескіндерден нысандарды автоматты түрде анықтау үшін пайдаланылады.,0.9540914297103882,True,1,471,69,540,1.0393863200006308,1.0456950799998594,0.0,1,1,0,1,0,,,,,,,,,
Experiment_1_Kazakh_Paraphrase_Generation_FINAL,79b55aa3ad8e31a58bff2131dbbed82813e683fb47a75a58b032d585aa4b970a,19,general,llama,NousResearch/Meta-Llama-3.1-8B-Instruct,kazdiv,2,True,False,Қоғамның тарихи жадын келесі ұрпаққа жеткізу арқылы жергілікті мәдени дәстүрлер сақталады.,0.9505708813667297,True,1,599,1081,1680,16.102817003999007,16.112272704000134,0.0,12,10,2,10,0,3,7,0,1,5725583199528555166,0.95,1,,
Experiment_1_Kazakh_Paraphrase_Generation_FINAL,79cd687affd9f8a1d68a7df4f4ff466253dd32e573ed2e14aecf798f19134d36,44,science,llama,NousResearch/Meta-Llama-3.1-8B-Instruct,baseline,4,True,False,Сөйлемді жаңа ақпаратсыз қайта жазу: Деректердегі заңдылықтарды анықтауға және гипотезаларды бағалауға статистикалық талдау мүмкіндік береді.,0.8121153712272644,True,1,483,91,574,1.3631388199992216,1.369511839999177,0.0,1,1,0,1,0,,,,,,,,,
Experiment_1_Kazakh_Paraphrase_Generation_FINAL,7a0346db60e737eef49ab77803652476892ddad1d1c9403466015726efdcc12a,65,technology,kazllm,issai/LLama-3.1-KazLLM-1.0-8B,baseline,2,True,False,Бағдарламалық жасақтаманы жүйелі түрде тексеру өнімдегі қателерді ертерек анықтауға мүмкіндік береді.,0.9587981700897217,True,1,505,69,574,1.038615729000412,1.0443886789998942,0.0,1,1,0,1,0,,,,,,,,,
Experiment_1_Kazakh_Paraphrase_Generation_FINAL,7a0401756cdd15919a037716ff3c08c1fe4346bccec869f32cb1504907c6e886,79,technology,kazllm,issai/LLama-3.1-KazLLM-1.0-8B,kazdiv,1,True,False,Пайдаланушылардың әртүрлі құрылғылардан қызмет алуына мүмкіндік беретін цифрлық қызметтердің қолжетімділігі бар.,0.9394819736480713,True,1,634,870,1504,12.966502950999711,12.975860180999916,0.0,12,5,7,5,0,2,3,1,3,14352228002461527478,0.95,1,,
Experiment_1_Kazakh_Paraphrase_Generation_FINAL,7a15f7fff1009c58305d8bc4153fd3abfd3616349f20aefb4f291a82e96282f1,91,news,llama,NousResearch/Meta-Llama-3.1-8B-Instruct,kazdiv,3,True,False,Өңірлік форумда жасанды интеллектті білім беру мен өндірісте қолдануға байланысты мәселелер талқыланды.,0.989775538444519,True,1,590,819,1409,12.19373507399905,12.20418936400165,0.0,13,13,0,13,0,1,12,0,1,2537784754240599972,0.95,1,,
Experiment_1_Kazakh_Paraphrase_Generation_FINAL,7a48a130f74a657a9b4214f35fc94a1eb3a580ee7214de7552bd911b527058d7,44,science,kazllm,issai/LLama-3.1-KazLLM-1.0-8B,baseline,1,True,False,Статистикалық талдау деректердегі заңдылықтарды анықтауға және гипотезаларды бағалауға мүмкіндік береді.,1.0,False,1,508,65,573,0.9790883050000048,0.9853086349999103,0.0,1,1,0,0,1,,,,,,,,,
Experiment_1_Kazakh_Paraphrase_Generation_FINAL,7a5521d947b2d02ecf9901edfb0ccf57ff7e6f00be6a5db3d7f855ac3b84e6fc,18,general,kazllm,issai/LLama-3.1-KazLLM-1.0-8B,baseline,5,True,False,Өзара қарым-қатынас кезінде адамның ойын ашық айту және өзгелерді абайлап тыңдау маңызды.,0.8950203657150269,True,1,512,64,576,0.9636357179999777,0.9699143479999748,0.0,1,1,0,1,0,,,,,,,,,
Experiment_1_Kazakh_Paraphrase_Generation_FINAL,7a63c2bfa2d990d6dad457d33b0f976814c58b866e1aea0d6d20135c46ce73a0,23,education,kazllm,issai/LLama-3.1-KazLLM-1.0-8B,baseline,5,True,False,"Білім берушінің жақсы уақыттағы кері байланысы студентке қателерін түсініп, нәтижесін жақсартуға көмектеседі.",0.9380661249160767,True,1,512,72,584,1.0817406559999654,1.0875466159998268,0.0,1,1,0,1,0,,,,,,,,,
Experiment_1_Kazakh_Paraphrase_Generation_FINAL,7a994c372a66f62b11448e88663df91ba7c663d27fd03adfa7aa42ca6226171b,2,general,llama,NousResearch/Meta-Llama-3.1-8B-Instruct,baseline,2,True,False,Маңызды шешім қабылдағанда қолда бар материалдың мәнін анық айырбасып қарастыру керек.,0.8019860982894897,True,1,467,53,520,0.8029768530013826,0.8090733829994861,0.0,1,1,0,1,0,,,,,,,,,
Experiment_1_Kazakh_Paraphrase_Generation_FINAL,7aacb41b3daf310c748e67559727dd49c44055098c1159b160bc023685de4596,95,news,kazllm,issai/LLama-3.1-KazLLM-1.0-8B,kazdiv,4,True,False,Жастарға арналған тегін цифрлық дағдылар курстары қала кітапханаларында ұйымдастырыла бастады.,0.9836915731430054,True,1,619,718,1337,10.698283347999677,10.705871977999777,0.0,12,2,10,1,1,1,0,0,0,9535135312787119376,0.95,1,,
Experiment_1_Kazakh_Paraphrase_Generation_FINAL,7ac897f2b3be244fc20c084d293467369a698e963e6c5ffe89e461ec44e21c6c,82,news,llama,NousResearch/Meta-Llama-3.1-8B-Instruct,kazdiv,1,True,False,Өңірде оқушыларды білім беру орталығында технологиялық курстармен таныстырды.,0.8452872037887573,True,1,597,637,1234,9.483007492999604,9.492539523000232,0.0,12,12,0,11,1,3,8,1,5,13438283065862061696,0.95,1,,
Experiment_1_Kazakh_Paraphrase_Generation_FINAL,7b0031412c4b45455d496f5a1c03ba516a918a20b9040093ca9492b37520cbaa,79,technology,llama,NousResearch/Meta-Llama-3.1-8B-Instruct,kazdiv,2,True,False,Құрылғылардың барлығында цифрлық сервистерді қолдануға жағдай туғызу көп қызмет алуға мүмкіндік туғызады.,0.8334367275238037,True,1,609,866,1475,12.906938316000378,12.919688195999697,0.0,12,12,0,9,3,7,2,2,4,15064684394297726014,0.95,1,,
Experiment_1_Kazakh_Paraphrase_Generation_FINAL,7b0aa016073753d834c7784c4214575ea25b9803d6623aea207b1523031b3bde,37,education,llama,NousResearch/Meta-Llama-3.1-8B-Instruct,kazdiv,5,True,False,Оқығаннан кейін студенттің өз бетінше білім алу дағдысы жоғары оқу орнынан кейін де кәсіби дамуға негіз болады.,0.9736700654029846,True,1,595,810,1405,12.059191693000685,12.068623623001258,0.0,12,12,0,12,0,1,11,0,0,13031885435883942749,0.95,1,,
Experiment_1_Kazakh_Paraphrase_Generation_FINAL,7b21b8830a794b84a7e395bb6b3b1ef877524b882bfd5a699f41da094b411023,63,technology,llama,NousResearch/Meta-Llama-3.1-8B-Instruct,kazdiv,4,True,False,Бұлттық есептеу ресурстары күрделі бағдарламаларды іске қосуға қолайлы жолдарды ұсынады.,0.8734476566314697,True,1,610,1101,1711,16.413032880000173,16.424888769999598,0.0,13,13,0,13,0,5,8,0,2,1287346291538410647,0.95,1,,
Experiment_1_Kazakh_Paraphrase_Generation_FINAL,7b42c99153920935cf45e86387871ed48274ef3074eff41c60cc613287ea7e42,38,education,kazllm,issai/LLama-3.1-KazLLM-1.0-8B,kazdiv,3,True,False,Теориялық заңдылықтарды зертханалық жұмыстар арқылы тәжірибе арқылы тексеру мүмкіндігі бар.,0.94620680809021,True,1,615,711,1326,10.590327832000185,10.59909105099996,0.0,12,5,7,5,0,3,2,1,1,6147963698404168756,0.95,1,,
Experiment_1_Kazakh_Paraphrase_Generation_FINAL,7b717d7ff53e17ce95254be284c36a47715f7c4f125a818cb09f4c3dd20a4883,57,science,kazllm,issai/LLama-3.1-KazLLM-1.0-8B,kazdiv,1,True,False,Зерттеу нәтижелерін дәлелдеу үшін ғылыми мақалада қолданылған дереккөздердің сапасы маңызды.,0.8628846406936646,True,1,621,859,1480,12.789943436000613,12.798901156000284,0.0,13,7,6,7,0,3,4,0,0,5424203702704454161,0.95,1,,
Experiment_1_Kazakh_Paraphrase_Generation_FINAL,7bbbb95e0a7553a9350cdba16f051ca2100107ff31ce5853c9d9847b4714641e,92,news,kazllm,issai/LLama-3.1-KazLLM-1.0-8B,baseline,2,True,False,Қоғамдық кеңес мүшелері қалалық инфрақұрылымды дамытуға байланысты бірнеше ұсынысты қарастырды.,0.9993754625320435,True,1,508,66,574,0.993859997999607,0.9996069179996994,0.0,1,1,0,1,0,,,,,,,,,
Experiment_1_Kazakh_Paraphrase_Generation_FINAL,7c3a5092583cce605e0faad1a0f86e26d1d7bffaa04833b4c3d2ae7b98ab1bd2,71,technology,kazllm,issai/LLama-3.1-KazLLM-1.0-8B,kazdiv,5,True,False,Интернет заттары құрылғылар арасында деректерді автоматты түрде жинақтауға және алмасуға мүмкіндік береді.,0.9674149751663208,True,1,617,859,1476,12.787898571999904,12.796445212000435,0.0,13,3,10,3,0,1,2,0,2,12445036528396983954,0.95,1,,
Experiment_1_Kazakh_Paraphrase_Generation_FINAL,7c3b8e1a726af1d0fd6b595d3965c5334a7ae506e7827ba298a3fdcfbcc4469d,46,science,llama,NousResearch/Meta-Llama-3.1-8B-Instruct,baseline,4,True,False,Әдебиеттерге жүйелі шолу белгілі бір саладағы негізгі бағыттар мен зерттеу оқылықтарын анықтауға көмектеседі.,0.9752792716026306,True,1,488,69,557,1.0393473119984264,1.0455537020006886,0.0,1,1,0,1,0,,,,,,,,,
Experiment_1_Kazakh_Paraphrase_Generation_FINAL,7c66e37e31cbc89a290ea3c68802744406b2563d44ff8b767b22b105e2b5bca4,88,news,llama,NousResearch/Meta-Llama-3.1-8B-Instruct,baseline,5,True,False,Мектептерде цифрлық сауаттылықты арттыруға арналған қосымша сабақтар кезең-кезеңімен енгізілуде.,1.0,False,1,482,64,546,0.9659702619992458,0.9678408020008646,0.0,1,1,0,0,1,,,,,,,,,
Experiment_1_Kazakh_Paraphrase_Generation_FINAL,7c9992797fecd8fd4f7eef4ca7c7c7766e841fbe567aad45ea8ac52451b205f6,19,general,llama,NousResearch/Meta-Llama-3.1-8B-Instruct,baseline,4,True,False,Бастапқы сөйлем: Жергілікті мәдени дәстүрлерді сақтау қоғамның тарихи жадын келесі ұрпаққа жеткізеді. Қайта жазылған сөйлем: Тарихи жадын сақтау қоғамдық мәдени дәстүрлер келесі ұрпаққа жеткізеді.,0.8398702144622803,False,1,481,147,628,2.1885890119992837,2.1950375319993327,0.0,1,1,0,0,1,,,,,,,,,
Experiment_1_Kazakh_Paraphrase_Generation_FINAL,7cc8cf201a101ed8a961ec43551fefc7de6bfa4144c85870149e4d624347a72e,15,general,kazllm,issai/LLama-3.1-KazLLM-1.0-8B,kazdiv,4,True,False,қаладағы тұрғындардың белсенді өмір салтын қолдайтын ортасы бар,0.8394627571105957,True,2,1234,1731,2965,25.78862923099996,25.799690111000018,0.0,12,9,3,8,1,4,4,3,4,15795177646440334683,0.95,2,,
Experiment_1_Kazakh_Paraphrase_Generation_FINAL,7d13b8e3709ab0c882de59c5673db559b54c09ebc6929387a302f84c0ec6ff2a,74,technology,kazllm,issai/LLama-3.1-KazLLM-1.0-8B,kazdiv,4,True,False,Әр түрлі ақпараттық жүйелер арасында автоматты деректер алмасуды ұйымдастыруға көмектесетін бағдарламалық интерфейстер бар.,0.9307843446731567,True,1,633,895,1528,13.339940949000265,13.349283099000786,0.0,13,6,7,6,0,3,3,0,0,11972445118610687954,0.95,1,,
Experiment_1_Kazakh_Paraphrase_Generation_FINAL,7d389ef1d80321f6d7953dc1e73e895a9ef4a836ce5b950337c4b6a4afbd9704,58,science,llama,NousResearch/Meta-Llama-3.1-8B-Instruct,kazdiv,5,True,False,"Себеп-салдардың өздігінен дәлелденбейді, бірақ корреляция екі айнымалының байланысын көрсетеді.",0.9306968450546265,True,1,600,844,1444,12.569881667999653,12.578957777999676,0.0,13,10,3,10,0,3,7,2,9,556907705967125707,0.95,1,,
Experiment_1_Kazakh_Paraphrase_Generation_FINAL,7d47305a514bea956c37f17498cde4a210833336bd3828c4d49d693eb5189597,46,science,kazllm,issai/LLama-3.1-KazLLM-1.0-8B,baseline,5,True,False,Әдебиеттерге жүйелі шолу белгілі бір саладағы негізгі бағыттар мен зерттеу олқылықтарын анықтауға көмектеседі.,1.0,False,1,513,70,583,1.059725895000156,1.0615975650002838,0.0,1,1,0,0,1,,,,,,,,,
Experiment_1_Kazakh_Paraphrase_Generation_FINAL,7d54cf3b99a28686ed3902ec6e37509727ad5e4fe408a3a5e9971b5400379c7d,16,general,llama,NousResearch/Meta-Llama-3.1-8B-Instruct,kazdiv,5,True,False,"Адамның еріктілік қызметкі қоғамдық жұмыстарға қатысуы кедейлене бастағанда, әлеуметтік тәжірибесін кеңейтіп отырады.",0.7978343963623047,True,1,600,953,1553,14.194323292998888,14.203933352999229,0.0,12,12,0,12,0,10,2,4,4,11710479454950431513,0.95,1,,
Experiment_1_Kazakh_Paraphrase_Generation_FINAL,7d67499aeef2a587bfe468d93ee0e768bffe4d4482e3683812ceb35e80f4cdbe,58,science,llama,NousResearch/Meta-Llama-3.1-8B-Instruct,kazdiv,4,True,False,"Корреляция арқылы екі айнымалының байланысы көрініс берсе, себеп-салдар қатынасын құралық дәлелдемейді.",0.9120365381240845,True,1,600,786,1386,11.698948154999016,11.708471474999897,0.0,12,10,2,10,0,4,6,1,1,11823391210564471904,0.95,1,,
Experiment_1_Kazakh_Paraphrase_Generation_FINAL,7d7b0730aae0638bf8109c7c87c9730468f8c39bab554a1482127221958ea6b7,86,news,kazllm,issai/LLama-3.1-KazLLM-1.0-8B,baseline,2,True,False,Қалада жол қауіпсіздігін арттыру мақсатында бірнеше жаяу жүргінші өткелі жаңартылды.,1.0,False,1,499,56,555,0.8467763199996625,0.848551789999874,0.0,1,1,0,0,1,,,,,,,,,
Experiment_1_Kazakh_Paraphrase_Generation_FINAL,7d861e812fb07c6acc93ebbe1f48384a3b8577c6a0ad42aeedf28264588af44b,36,education,kazllm,issai/LLama-3.1-KazLLM-1.0-8B,kazdiv,4,True,False,Оқыту мақсаттарын нақты белгілеген кезде сабақтың мазмұны мен бағалау әдістерін үйлестіру оңайырақ болады.,0.9781839847564697,True,1,634,913,1547,13.603331188999618,13.612144838999939,0.0,13,5,8,5,0,3,2,1,1,14564327409023881928,0.95,1,,
Experiment_1_Kazakh_Paraphrase_Generation_FINAL,7dbad28f86d230806ec9e330fbdb3d8a3ac7facabaaa1e8742e798b319245597,5,general,llama,NousResearch/Meta-Llama-3.1-8B-Instruct,baseline,1,True,False,"Қоршаған ортаны таза ұстау әр адамның жауапкершілігінен басталады. Сөйлемді ауыстыру: Адам әр қылмысы үшін өз қылмысын аңғарып, ортаны таза ұстап, жауапкершілікке тұра алады.",0.8473418951034546,False,1,461,117,578,1.7468503459986096,1.7533908159985003,0.0,1,1,0,0,1,,,,,,,,,
Experiment_1_Kazakh_Paraphrase_Generation_FINAL,7de0917367d8d32621f59bb4bd460e31607b2e66eb6ec9b53b8257d9b2a3d935,37,education,kazllm,issai/LLama-3.1-KazLLM-1.0-8B,baseline,4,True,False,Студенттің өз бетінше білім алу қабілеті жоғары оқу орнынан кейін де кәсіби дамуға негіз болады.,0.9798951148986816,True,1,502,60,562,0.90487219500028,0.9106317959999615,0.0,1,1,0,1,0,,,,,,,,,
Experiment_1_Kazakh_Paraphrase_Generation_FINAL,7e0b9c2f0b14b19b725e87b73a79bc78326e1f6b7efb4d101a3b891136ac538e,46,science,llama,NousResearch/Meta-Llama-3.1-8B-Instruct,kazdiv,1,True,False,Әдебиеттердің тарихи-әдеби зерттеулерге қосылған шолу белгілі бір саладағы ғылыми ізденіс орындарының көзқарасынан туған олқылықтарды ашып көрсетеді.,0.7719950079917908,True,1,606,1068,1674,15.916754935000426,15.929338784999345,0.0,12,6,6,4,2,2,2,1,2,12442425139343621025,0.95,1,,
Experiment_1_Kazakh_Paraphrase_Generation_FINAL,7e13cc4f7513f6056aca76741c159f51ba253682cd5d533cd10ef8383ba3a4a8,53,science,kazllm,issai/LLama-3.1-KazLLM-1.0-8B,baseline,1,True,False,Ғылыми жаңалық бұрынғы зерттеулерге қатысты түрде негізделіп көрсетілуі тиіс.,0.9656813144683838,True,1,494,51,545,0.7744307399998434,0.7814125699997021,0.0,1,1,0,1,0,,,,,,,,,
Experiment_1_Kazakh_Paraphrase_Generation_FINAL,7e5b04565a983c8e3f45b97933c7187167dc06ffc4f14943fe66621e463ed3b2,61,technology,llama,NousResearch/Meta-Llama-3.1-8B-Instruct,kazdiv,3,True,False,Деректерді электронды түрде зерттеу арқылы жасанды интеллект күрделі заңдылықтарды анықтауға көмектеседі.,0.7923544645309448,True,1,604,793,1397,11.804196285000216,11.816408414999387,0.0,13,13,0,10,3,9,1,6,9,12099378451832464544,0.95,1,,
Experiment_1_Kazakh_Paraphrase_Generation_FINAL,7e9978b6919924507e4d9dc2805794c36a1ea415a673888f67fafaad9ababe39,18,general,llama,NousResearch/Meta-Llama-3.1-8B-Instruct,baseline,2,True,False,Сөйлемді табиғи тілімен қайта жазу: Адамның ойын анық жеткізуі және өзгелерді тыңдауы сапалы қарым-қатынаста маңызды.,0.8347068428993225,True,1,487,80,567,1.2001500989990745,1.206454779001433,0.0,1,1,0,1,0,,,,,,,,,
Experiment_1_Kazakh_Paraphrase_Generation_FINAL,7e9bae2f607bbb29f0d3ece54645d0e0b44306e8757c82d4fe11e739e6e0ed86,79,technology,llama,NousResearch/Meta-Llama-3.1-8B-Instruct,kazdiv,1,True,False,Сервистердің қолжетімділігі пайдаланушылардың әртүрлі құрылғылардан қызмет алуға қолайлы жағдайды жасайды.,0.9262585639953613,True,1,609,1156,1765,17.247599629999968,17.26146700999925,0.0,13,11,2,11,0,2,9,1,5,9087493530183334710,0.95,1,,
Experiment_1_Kazakh_Paraphrase_Generation_FINAL,7eba0c0d917a0564c78d6ccd3778ec9191fb05d2040bbfae9fbf650ab1311dfc,24,education,kazllm,issai/LLama-3.1-KazLLM-1.0-8B,kazdiv,1,True,False,Топтық жұмыс – бұл оқушылардың бірлесіп шешім қабылдау және пікір алмасу дағдыларын дамыту тәсілі,0.8436075448989868,True,1,617,812,1429,12.098352794999983,12.11077886499993,0.0,12,9,3,9,0,6,3,2,2,15145103489011998323,0.95,1,,
Experiment_1_Kazakh_Paraphrase_Generation_FINAL,7ec5f4a3fb17657d6665125bf25f34fc1e8ac1eb2bd79087fa27357d1000dc80,1,general,kazllm,issai/LLama-3.1-KazLLM-1.0-8B,kazdiv,4,True,False,Күнделікті өмірде уақытты тиімді пайдалануға көмектесетін дұрыс жоспарлау.,0.9484516978263855,True,1,611,673,1284,10.023228423999967,10.030618114000049,0.0,13,2,11,2,0,2,0,1,1,7488127524141268892,0.95,1,,
Experiment_1_Kazakh_Paraphrase_Generation_FINAL,7ecb3b99c4f8b8d7210bf0e0ee838cee6cfbca3fdbc349f9a0f2bcfbd179b11d,92,news,llama,NousResearch/Meta-Llama-3.1-8B-Instruct,kazdiv,4,True,False,Қоғамдық кеңестің мүшелері қалалық инфрақұрылымды дамытуға байланысты бірнеше ұсынысты қарастырды.,0.9952459335327148,True,1,601,867,1468,12.91626014800022,12.929051497998444,0.0,13,11,2,11,0,2,9,0,10,3677531882046699689,0.95,1,,
Experiment_1_Kazakh_Paraphrase_Generation_FINAL,7f1f90ba4b5bc503f009b97188650cee9407f95a76df6f22089ee512b63053f7,85,news,llama,NousResearch/Meta-Llama-3.1-8B-Instruct,baseline,2,True,False,Жаңа цифрлық платформаның жариялануы университет зерттеушілерінің өндірістік үдерістерді талдауға арналған жаңа кешенін ұсынғанына байланысты.,0.9086837768554688,True,1,476,83,559,1.2458318890003284,1.252342330000829,0.0,1,1,0,1,0,,,,,,,,,
Experiment_1_Kazakh_Paraphrase_Generation_FINAL,7f374d6c87fd43ff246ea0d91b1df737d32684bd239363740ceb8386dbaed35c,23,education,llama,NousResearch/Meta-Llama-3.1-8B-Instruct,kazdiv,2,True,False,"Сабақтағы уақтылы байланыс студенттің қателерін түсініп, нәтижесін жақсартуға мүмкіндік береді.",0.9192601442337036,True,1,605,1171,1776,17.46320728199862,17.47373104200051,0.0,13,12,1,12,0,4,8,1,1,12246066417415327434,0.95,1,,
Experiment_1_Kazakh_Paraphrase_Generation_FINAL,7f3adf07ab2c6942f3277227884b854206a6d110b4e0684c47aff9bdebdd98d9,76,technology,kazllm,issai/LLama-3.1-KazLLM-1.0-8B,kazdiv,5,True,False,Нейрондық желілер күрделі үлгілерді үйрену үшін бір-бірімен байланысқан көптеген есептеу қабаттарын пайдаланады.,0.9968339800834656,True,1,631,810,1441,12.070514756000193,12.079152865999276,0.0,12,5,7,4,1,1,3,0,1,5195177000335690976,0.95,1,,
Experiment_1_Kazakh_Paraphrase_Generation_FINAL,7f634c8aea462794d78dc368a2fa8bd4929e524024b7dae824f5d7a21d96ff24,16,general,llama,NousResearch/Meta-Llama-3.1-8B-Instruct,kazdiv,4,True,False,"Еріктілік арқылы адамдардың әлеуметтік тәжірибесі өрістеп, қоғамдың өзін-өзі дамытуына жағдай жасайды.",0.8694353699684143,True,1,600,997,1597,14.854638025000895,14.86414444500042,0.0,13,10,3,10,0,9,1,5,5,3554978599840587831,0.95,1,,
Experiment_1_Kazakh_Paraphrase_Generation_FINAL,7f83f1569ddeb28bb1364ac3942a2e2fd83d8e0f2557fa08954302975da2b71f,95,news,llama,NousResearch/Meta-Llama-3.1-8B-Instruct,baseline,3,True,False,Талаптарды қанағаттандыру нәтижесінде жаңа сөйлем: Қала кітапханаларында жастарға арналған тегін цифрлық дағдылар тәжірибе алаңдары ұйымдастырыла бастады.,0.8567426800727844,True,1,476,101,577,1.510727428998507,1.5171683779990417,0.0,1,1,0,1,0,,,,,,,,,
Experiment_1_Kazakh_Paraphrase_Generation_FINAL,7f87098457766b1543f02e0d7ab932ad13abefcc5b730801f893f4bad865dc9e,26,education,llama,NousResearch/Meta-Llama-3.1-8B-Instruct,baseline,3,True,False,Қосылмалық жобалар студенттерге алған білімін іс жүзінде шешуге пайдалануға жағдай жасайды.,0.8556556701660156,True,1,476,53,529,0.8033923310013051,0.8094409519999317,0.0,1,1,0,1,0,,,,,,,,,
Experiment_1_Kazakh_Paraphrase_Generation_FINAL,7fab57ec780a4f7dd71837b09a18d4d51e4b9850dc61fe44965e1c59f13b29b3,92,news,llama,NousResearch/Meta-Llama-3.1-8B-Instruct,baseline,5,True,False,Қоғамдық кеңестің мүшелері қалалық инфрақұрылымды дамытуға қатысушылардың бірнеше ұсыныстарын қарастырды.,0.9753546118736267,True,1,483,77,560,1.1575063800009957,1.1639522400000715,0.0,1,1,0,1,0,,,,,,,,,
Experiment_1_Kazakh_Paraphrase_Generation_FINAL,800729c73cf5acc26d671344bf0b133fd28872968d3f8f13176cce5e771b5994,61,technology,kazllm,issai/LLama-3.1-KazLLM-1.0-8B,kazdiv,2,True,False,Жасанды интеллект күрделі заңдылықтарды деректердің үлкен көлемінен автоматты түрде анықтауға мүмкіндік береді.,0.9919105768203735,True,2,1258,1697,2955,25.2791493349996,25.28945268500047,0.0,12,2,10,2,0,1,1,0,1,12172117722109052126,0.95,2,,
Experiment_1_Kazakh_Paraphrase_Generation_FINAL,80459200101dfaa5bef583d7285f927879e201ef1a602ee722346d4a42c542b1,52,science,llama,NousResearch/Meta-Llama-3.1-8B-Instruct,baseline,5,True,False,Зерттеулердің нәтижелерін жариялау байланыстардың күрделілігін түсіндіруге жағдай жасайды.,0.8196550607681274,True,1,467,57,524,0.8620359929991537,0.8682371129998501,0.0,1,1,0,1,0,,,,,,,,,
Experiment_1_Kazakh_Paraphrase_Generation_FINAL,804cc6db7637670008d32a8d4d1d50ae09349ebf471b5a82756fe77868dec5ce,91,news,llama,NousResearch/Meta-Llama-3.1-8B-Instruct,kazdiv,2,True,False,Біріккен форумда білім беру мен өндірістің жасанды интеллектін қолдану мәселелері талқыланды.,0.9113354682922363,True,1,590,764,1354,11.37401072099965,11.385140550999495,0.0,12,12,0,12,0,2,10,1,11,13083174612795167579,0.95,1,,
Experiment_1_Kazakh_Paraphrase_Generation_FINAL,806f930417dc95a20992940f4cd11dc0dae4f9a2fa726e6d75c1b6516dc3d40a,33,education,llama,NousResearch/Meta-Llama-3.1-8B-Instruct,baseline,3,True,False,Қысқа бақылау тапсырмалары оқу материалын жүйелі түрде қайталауға ынталандырады. Оқу материалын жүйелі түрде қайта тапсырмалар оқиды.,0.9275186061859131,True,1,473,89,562,1.3330535360000795,1.3393653759994777,0.0,1,1,0,1,0,,,,,,,,,
Experiment_1_Kazakh_Paraphrase_Generation_FINAL,80b62442ec10d6af1aa76993732f401669dca67942d0f789a6383d3e9ce2a714,4,general,llama,NousResearch/Meta-Llama-3.1-8B-Instruct,baseline,2,True,False,Тапсырма: Тұрақты әдеттер адамның ұзақ мерзімді мақсаттарына үлкейтеді. Түсіндірме: Ұзақ мерзімді мақсат – оның іске асуына екі жылдан астам уақыт қажетті мақсат.,0.7806313633918762,True,1,480,108,588,1.613188308001554,1.6197896789999504,0.0,1,1,0,1,0,,,,,,,,,
Experiment_1_Kazakh_Paraphrase_Generation_FINAL,80b83eeef08673059f07d031dffd764fbf6e2599604e6211f311f80acd97eddf,29,education,llama,NousResearch/Meta-Llama-3.1-8B-Instruct,baseline,3,True,False,Зерттеуге негізделген оқыту студенттердің сыни ойлау және ақпаратты талдауға қабілеттілігін қалыптастырады.,0.9834742546081543,True,1,476,62,538,0.9367410699996981,0.9432397799992032,0.0,1,1,0,1,0,,,,,,,,,
Experiment_1_Kazakh_Paraphrase_Generation_FINAL,80ba3b6a8138ba3ce1cc7c2f7c8ed3d19fb2703ee450810096a60f6ddd1cf6a3,92,news,llama,NousResearch/Meta-Llama-3.1-8B-Instruct,kazdiv,2,True,False,Қоғамдық кеңестің мүшелері қалалық инфрақұрылымды қайта өркендету мақсатында бірнеше ұсыныстар талқыланып отырды.,0.9394844770431519,True,1,601,831,1432,12.37615917200128,12.388967692000733,0.0,12,12,0,12,0,3,9,2,2,12295955267586109296,0.95,1,,
Experiment_1_Kazakh_Paraphrase_Generation_FINAL,80c8455844ce3503f3dd97d880099a201cf4d63694318f642368b665f772842d,47,science,kazllm,issai/LLama-3.1-KazLLM-1.0-8B,baseline,5,True,False,Үлкен деректер жиынтығы күрделі құбылыстарды бірнеше көрсеткіш бойынша талдауға мүмкіндік береді.,1.0,False,1,510,67,577,1.0096103900000344,1.0114963500000158,0.0,1,1,0,0,1,,,,,,,,,
Experiment_1_Kazakh_Paraphrase_Generation_FINAL,8116694678c998f8a7054ec280228f1eac840fd6077c800a0060229e5e56588c,4,general,kazllm,issai/LLama-3.1-KazLLM-1.0-8B,baseline,1,True,False,Тұрақты әдеттер адамның ұзақ мерзімді мақсаттарына бірте-бірте жетуге мүмкіндік береді.,0.961626410484314,True,1,505,56,561,0.8462538359999598,0.8530681259999255,0.0,1,1,0,1,0,,,,,,,,,
Experiment_1_Kazakh_Paraphrase_Generation_FINAL,812fb5f3e0ef6358fe09209b1424f5dcc429664e776503a397360e17f2aee4cd,46,science,kazllm,issai/LLama-3.1-KazLLM-1.0-8B,kazdiv,3,True,False,Белгілі бір саладағы негізгі бағыттар мен зерттеу олқылықтарын анықтауға көмектесетін әдебиеттерге жүйелі шолу,0.8350000977516174,True,1,631,782,1413,11.65088166600026,11.65937498600033,0.0,12,5,7,3,2,1,2,0,4,10508957990228699536,0.95,1,,
Experiment_1_Kazakh_Paraphrase_Generation_FINAL,81857ff4717d5ee617ac00636d1a88726dfb5b2e75fece738e507900f2c24722,82,news,llama,NousResearch/Meta-Llama-3.1-8B-Instruct,kazdiv,4,True,False,"Қазіргі білім беру орталығында өңірде жаңа технологиялық курстар ашылып, оқушыларға қосымша технологиялық бағдарламалар ұсыныла бастады.",0.9334335327148438,True,1,597,1182,1779,17.633340816999407,17.64903837699967,0.0,13,12,1,12,0,4,8,3,4,4424972720101480483,0.95,1,,
Experiment_1_Kazakh_Paraphrase_Generation_FINAL,819f306c12a3e8ceb52573b89d04a863add472e5b9411c4c6a70a34b914bf585,44,science,llama,NousResearch/Meta-Llama-3.1-8B-Instruct,kazdiv,5,True,False,Статистикалық талдау деректердегі заңдылықтарды анықтауға және гипотезалардың өндірілгенін бағалауға көмектеседі.,0.9625037908554077,True,1,601,1140,1741,16.989182166998944,17.002780847000395,0.0,14,10,4,10,0,3,7,2,6,3830342150719308189,0.95,1,,
Experiment_1_Kazakh_Paraphrase_Generation_FINAL,81b8e058db105d78463cd9bf574212b33b69fd1bc5e0ff426613a0b3dec9e510,80,technology,llama,NousResearch/Meta-Llama-3.1-8B-Instruct,kazdiv,2,True,False,"Жасанды деректер нақты деректер шектеулілігіне қарамастан, модельді оқыту мүмкіндігін кеңейтеді",0.8778748512268066,True,1,592,767,1359,11.41826263799885,11.430645976999585,0.0,12,11,1,8,3,7,1,0,0,13376697805318519300,0.95,1,,
Experiment_1_Kazakh_Paraphrase_Generation_FINAL,81eeebc680c8749fdd556af83c46c0ac6c0a66d35302da06c3f31d5132bf9481,78,technology,kazllm,issai/LLama-3.1-KazLLM-1.0-8B,kazdiv,4,True,False,Жүйенің резервтік көшірмелері техникалық ақау кезінде маңызды деректерді қалпына келтіруге көмектеседі.,0.9878749847412109,True,1,627,784,1411,11.681174438000198,11.693134707999889,0.0,12,5,7,4,1,2,2,1,4,4373488126192146903,0.95,1,,
Experiment_1_Kazakh_Paraphrase_Generation_FINAL,8205d1ab563b7ae87c20ea729f1439f8736a5cb7c2c854a52179c17d17c93c22,94,news,llama,NousResearch/Meta-Llama-3.1-8B-Instruct,baseline,5,True,False,Ғылыми конференция барысында ғалымдар зерттеулердің қауіпсіздігі мен жасанды интеллекттің этикасын талқылады.,0.9517028331756592,True,1,471,60,531,0.9065872020000825,0.9127975720002723,0.0,1,1,0,1,0,,,,,,,,,
Experiment_1_Kazakh_Paraphrase_Generation_FINAL,822a5b0a633bb23c80422fb66ed4e2a68165ffc7f4ce2e8f528b7127a3613d94,96,news,llama,NousResearch/Meta-Llama-3.1-8B-Instruct,kazdiv,3,True,False,Кәсіпорын өнімділікті арттыруға жаңа технология іске қосып отыр.,0.8362711668014526,True,1,600,682,1282,10.15186981000079,10.165590510001493,0.0,13,12,1,12,0,7,5,4,5,5157959937383590185,0.95,1,,
Experiment_1_Kazakh_Paraphrase_Generation_FINAL,8231f89691198645c86e5e9a89ae8a382d62d9d6926f74b58c8a641b16f73781,32,education,llama,NousResearch/Meta-Llama-3.1-8B-Instruct,baseline,3,True,False,Оқушылардың өз жұмысын қорғауы олардың тақырыпты қаншалықты түсінгенін анықтауға көмектеседі.,0.9762980937957764,True,1,490,74,564,1.112178227998811,1.1139758190001885,0.0,1,1,0,1,0,,,,,,,,,
Experiment_1_Kazakh_Paraphrase_Generation_FINAL,82443c499382ca88e48533b742aeccd31a7133fb912e31edcccb067a723c5234,80,technology,kazllm,issai/LLama-3.1-KazLLM-1.0-8B,kazdiv,4,True,False,Модельді үйрету мүмкіндігін кеңейте алатын жасанды деректер нақты деректер шектеулі болған жағдайда пайдаланылуы мүмкін.,0.9091589450836182,True,1,617,936,1553,13.952726126000016,13.961732257000222,0.0,13,5,8,5,0,1,4,0,0,12083171230209392801,0.95,1,,
Experiment_1_Kazakh_Paraphrase_Generation_FINAL,825e0be151360286c540d6eec6568effcf775e244307a6710b4e691232044004,76,technology,llama,NousResearch/Meta-Llama-3.1-8B-Instruct,kazdiv,1,True,False,Нейрондық желілер үлгілерді үйрену үшін түйыстармен байланысқан көптеген есептеу қабаттарын пайдаланады.,0.9220666885375977,True,1,606,980,1586,14.596930342000633,14.610792581999704,0.0,12,12,0,12,0,4,8,0,0,14656156547026612563,0.95,1,,
Experiment_1_Kazakh_Paraphrase_Generation_FINAL,8273e99913f7567d07f909e1c04cc41de98142fb27fabf35efd034b5734e23df,71,technology,llama,NousResearch/Meta-Llama-3.1-8B-Instruct,kazdiv,2,True,False,"Интернет заттары құрылғылар арасында деректерді жинап, алмасуға мүмкіндік туғызады.",0.9267089366912842,True,1,592,768,1360,11.439284588999726,11.45195055899967,0.0,13,13,0,13,0,7,6,0,0,15920352961545764492,0.95,1,,
Experiment_1_Kazakh_Paraphrase_Generation_FINAL,8283660c139777bdad1c15e15870bacf2e74425e73a889ccb5c7749392ed0e84,8,general,kazllm,issai/LLama-3.1-KazLLM-1.0-8B,kazdiv,2,True,False,Қоғамдық орындарда ортақ ережелерді сақтау құрмет көрсетудің бір түрі болып саналады.,0.9692022800445557,True,1,633,737,1370,10.980505282000195,10.99006945200017,0.0,12,6,6,6,0,1,5,0,1,4442467981511811956,0.95,1,,
Experiment_1_Kazakh_Paraphrase_Generation_FINAL,82cfed1a68b5bece5417ccc05c62ada7c0ec8752e1ee27b73fe0ee1b4629bb4f,24,education,llama,NousResearch/Meta-Llama-3.1-8B-Instruct,kazdiv,1,True,False,Топтық жұмыс студенттердің бірігіп ойлау және шешім қабылдау қабілеттерін дамытады.,0.942449688911438,True,1,592,837,1429,12.45710636700096,12.46851921599955,0.0,13,13,0,13,0,6,7,0,9,3148082516500987125,0.95,1,,
Experiment_1_Kazakh_Paraphrase_Generation_FINAL,82f445c3a6e11540148cd1a8feb13987902678776864974fa4ee1d244bf0e065,43,science,llama,NousResearch/Meta-Llama-3.1-8B-Instruct,kazdiv,1,True,False,"Толық сипатталған әдістерді қолданған соң, басқа ғалымдар нәтижелерді қарастыруға құқылы.",0.9138259887695312,True,1,595,769,1364,11.444680247001088,11.456196236998949,0.0,12,12,0,11,1,6,5,4,11,18353711122240463623,0.95,1,,
Experiment_1_Kazakh_Paraphrase_Generation_FINAL,836377c86e31d2d30a54319a7e7c64ab1c7f0c21708b23da30d7867e1de519eb,57,science,llama,NousResearch/Meta-Llama-3.1-8B-Instruct,baseline,5,True,False,Дереккөздерді зерттеу зерттеу тұжырымдарының жеткілікті деңгейде негізін жасауы керек.,0.8580212593078613,True,1,478,54,532,0.8178137929990044,0.8239584629991441,0.0,1,1,0,1,0,,,,,,,,,
Experiment_1_Kazakh_Paraphrase_Generation_FINAL,8377302d02707d66567fa6e9102c0f6a3e4fc7e341c139ca01b5f6b6d07aa3f4,20,general,llama,NousResearch/Meta-Llama-3.1-8B-Instruct,kazdiv,1,True,False,"Мәселені шағын қадамдарға бөлуге көмектесетіндіктен, сіздің оң қылықтарыңызды көбейтуге мүмкіндік туады.",0.7552691102027893,True,1,588,807,1395,12.006326938000711,12.01558367799953,0.0,13,10,3,6,4,6,0,3,5,13582747365984654367,0.95,1,,
Experiment_1_Kazakh_Paraphrase_Generation_FINAL,838c47e0a4d712274cdd7789e0a2e68d2ee2fcbd78a69900a11cad64d4f56efc,17,general,kazllm,issai/LLama-3.1-KazLLM-1.0-8B,baseline,2,True,False,Тәртіпті сақтау жұмыс пен демалыс арасындағы үйлесімділікті қалыптастыруға көмектеседі.,0.8924028277397156,True,1,506,60,566,0.9051812279999467,0.9111447880000014,0.0,1,1,0,1,0,,,,,,,,,
Experiment_1_Kazakh_Paraphrase_Generation_FINAL,83e25aefa62a17d7706d1c5f97d6d50a041f96e671f04f7847de278bfc27f4b0,85,news,kazllm,issai/LLama-3.1-KazLLM-1.0-8B,kazdiv,2,True,False,Университет зерттеушілері өндірістік процестерді талдауға арналған жаңа цифрлық платформаны ұсынды.,0.9956262111663818,True,2,1238,706,1944,10.528498896000201,10.538960464999946,0.0,12,4,8,4,0,1,3,0,0,8944006483191526671,0.95,2,,
Experiment_1_Kazakh_Paraphrase_Generation_FINAL,83f8ac2a1ca2cc6c8be6b9133f914ec5fc1703fc88bad373874196891cc9744f,53,science,kazllm,issai/LLama-3.1-KazLLM-1.0-8B,baseline,3,True,False,Ғылыми жаңалық бұрынғы зерттеулермен салыстыру арқылы негізделіп көрсетілуі тиіс.,1.0,False,1,494,51,545,0.774314190000041,0.7760893499998929,0.0,1,1,0,0,1,,,,,,,,,
Experiment_1_Kazakh_Paraphrase_Generation_FINAL,840a5f965209e85d5d0332a2b6657e189d1958fae61c73ca90cc28aeb5a571c0,58,science,kazllm,issai/LLama-3.1-KazLLM-1.0-8B,kazdiv,1,True,False,Екі айнымалы арасындағы байланысты көрсететін корреляция себеп-салдар қатынасын өздігінен дәлелдемейді.,0.9482479691505432,True,1,625,834,1459,12.4164158399999,12.423713950000092,0.0,13,2,11,1,1,1,0,0,0,7472261672884648633,0.95,1,,
Experiment_1_Kazakh_Paraphrase_Generation_FINAL,844481ec3adea1d9a2f6bce84ec9f54ac9a1fd35569361ad663c2701d02bc460,38,education,kazllm,issai/LLama-3.1-KazLLM-1.0-8B,kazdiv,1,True,False,Тәжірибе арқылы теориялық заңдылықтарды тексеру үшін зертханалық жұмыстар қажет.,0.885146975517273,True,1,615,578,1193,8.603894569999738,8.61228686000004,0.0,12,4,8,3,1,3,0,0,0,14796032916304386191,0.95,1,,
Experiment_1_Kazakh_Paraphrase_Generation_FINAL,84534f7a3410dd8483cb2dddb9b3ecfef2db18dd1ff09a8d13d0e39ef0bc3851,34,education,kazllm,issai/LLama-3.1-KazLLM-1.0-8B,kazdiv,5,True,False,Студенттердің жаңа ұғымдарды меңгеруін жеңілдететін күрделі тақырыптарды мысалдар арқылы түсіндіру.,0.9256601333618164,True,1,627,808,1435,12.037935925000056,12.046747785000207,0.0,12,8,4,8,0,3,5,1,1,3076074802300998659,0.95,1,,
Experiment_1_Kazakh_Paraphrase_Generation_FINAL,8479e97312716750c835014ce6b137288b0cd91f7cd09409d9604d3c12dd3d9a,84,news,llama,NousResearch/Meta-Llama-3.1-8B-Instruct,kazdiv,3,True,False,Жергілікті кәсіпкерлерге арналған жаңа қолдау бағдарламасының шарттары ресми кездесуде жарияланған.,0.9684170484542847,True,1,596,748,1344,11.131088440000894,11.14354196000022,0.0,12,10,2,10,0,4,6,2,2,7786040702686946117,0.95,1,,
Experiment_1_Kazakh_Paraphrase_Generation_FINAL,84e1ce4a1de334bcea7a95b17ba38247045a8b6033cf820b1c2dcab9743548a4,18,general,kazllm,issai/LLama-3.1-KazLLM-1.0-8B,kazdiv,2,True,False,Адамның сапалы қарым-қатынас кезінде ойын анық жеткізуі және өзгелерді мұқият тыңдауы маңызды.,0.9639416337013245,True,1,630,831,1461,12.376730374999852,12.38509983500012,0.0,12,3,9,2,1,2,0,1,2,2724385162221016842,0.95,1,,
Experiment_1_Kazakh_Paraphrase_Generation_FINAL,85368c824c377e1226dc97dd8d642c891dd01c46964ef21db3ea6cbedb0e38ee,6,general,kazllm,issai/LLama-3.1-KazLLM-1.0-8B,baseline,2,True,False,"Кітап оқу адамның сөздік қорын кеңейтіп, ойлау қабілетін дамытуға көмектеседі.",1.0,False,1,499,56,555,0.8466164209994531,0.8483004109993999,0.0,1,1,0,0,1,,,,,,,,,
Experiment_1_Kazakh_Paraphrase_Generation_FINAL,8595ab9bdda593d74f95ddcdc9d1e7e349813b3d3c073849c01bf2b6243b7631,83,news,llama,NousResearch/Meta-Llama-3.1-8B-Instruct,baseline,2,True,False,Мамандар алдағы маусымда су ресурстарын үнемді пайдалану қажеттілігіне назар аударды. Табиғи қайта жазу: Келешекте су ресурстарын үнемді пайдалану қажеттігіне мамандар назар аударды.,0.8905645608901978,True,1,461,93,554,1.3926992080014315,1.3993337979991338,0.0,1,1,0,1,0,,,,,,,,,
Experiment_1_Kazakh_Paraphrase_Generation_FINAL,85a1b7f92317fe63d1361f950ca73f9a26b5cfb515adefb967ea19b6449f6998,4,general,llama,NousResearch/Meta-Llama-3.1-8B-Instruct,baseline,3,True,False,Тұрақты әдеттер адамның ұзақ мерзімді мақсаттарына жақындауға мүмкіндік береді.,0.9878506064414978,True,1,480,57,537,0.8624553429999651,0.8685596630002692,0.0,1,1,0,1,0,,,,,,,,,
Experiment_1_Kazakh_Paraphrase_Generation_FINAL,85c8ef940ef4837d11d1212c147fb4f4a7a46de6495f800833784d689a1cab3e,80,technology,kazllm,issai/LLama-3.1-KazLLM-1.0-8B,kazdiv,2,True,False,"Шынайы деректер шектеулі болған жағдайда, модельді оқыту мүмкіндігін кеңейте алатын жасанды деректер болуы мүмкін.",0.9096906185150146,True,1,617,864,1481,12.8752074920003,12.883676112000103,0.0,13,2,11,2,0,1,1,0,1,16709995639056205397,0.95,1,,
Experiment_1_Kazakh_Paraphrase_Generation_FINAL,85cd90eeaad160e01a57bcd114d4d2966b87d6b09779ae0232e406bdceb5da26,83,news,llama,NousResearch/Meta-Llama-3.1-8B-Instruct,baseline,3,True,False,Мамандар алдағы маусымда су ресурстарын үнемді пайдалану қажеттілігіне назар аударды.,1.0,False,1,461,43,504,0.6558180840002024,0.6577788850008801,0.0,1,1,0,0,1,,,,,,,,,
Experiment_1_Kazakh_Paraphrase_Generation_FINAL,86184b7aad7eb15eeafaf7555b7671d0a360a4be1a707c37fb61da1393e1b496,11,general,kazllm,issai/LLama-3.1-KazLLM-1.0-8B,baseline,1,True,False,Қаржыны алдын ала жоспарлау арқылы шамадан тыс шығындарды азайтуға болады.,0.9106453657150269,True,1,490,47,537,0.7144017690000055,0.7210615090000374,0.0,1,1,0,1,0,,,,,,,,,
Experiment_1_Kazakh_Paraphrase_Generation_FINAL,8620cc0947a05f46fa172f20d7a2f923cb4a4d866f88e7a43ad9b3804f3d3749,89,news,kazllm,issai/LLama-3.1-KazLLM-1.0-8B,kazdiv,1,True,False,Сарапшылар еңбек нарығында деректерді талдау дағдыларына сұраныс артып келе жатқанын атап өтті.,0.9970963001251221,True,1,622,739,1361,11.007892380000158,11.016880140000467,0.0,12,6,6,6,0,2,4,0,5,2182123312807466457,0.95,1,,
Experiment_1_Kazakh_Paraphrase_Generation_FINAL,86245a7e7c3d6910ff372c1ba57ed74914b2fb316871fb5279ed23c666bdb8e0,73,technology,kazllm,issai/LLama-3.1-KazLLM-1.0-8B,kazdiv,3,True,False,"Үлкен тілдік модельдер мәтінді талдау, құрастыру және ақпаратты өңдеу міндеттерінде жиі қолданылады.",0.9872442483901978,True,1,628,818,1446,12.194345965000139,12.205276994999622,0.0,12,2,10,2,0,1,1,0,0,7352793234123006819,0.95,1,,
Experiment_1_Kazakh_Paraphrase_Generation_FINAL,862b677b7a62a2636960e332d1ad0949a101803492e653f7569d9124726a170a,21,education,llama,NousResearch/Meta-Llama-3.1-8B-Instruct,baseline,4,True,False,Заманауи білім беру жүйесі студенттердің теориялық білімін практикадағы дағдылармен ұштастыруға бағытталады.,0.9968605041503906,True,1,480,62,542,0.9359882099997776,0.9421646699993289,0.0,1,1,0,1,0,,,,,,,,,
Experiment_1_Kazakh_Paraphrase_Generation_FINAL,862bb0aef302bc72b4f3b7b477bd181f200ac1a8d0e5b3a1c9868b0a9485b442,39,education,kazllm,issai/LLama-3.1-KazLLM-1.0-8B,kazdiv,5,True,False,Оқу барысында қойылатын ашық сұрақтар студенттердің дәлелді жауап құрастыру қабілетін арттырады.,0.9825026392936707,True,1,624,805,1429,11.98408736500005,11.992587684999762,0.0,12,3,9,3,0,1,2,0,2,4103597264115645972,0.95,1,,
Experiment_1_Kazakh_Paraphrase_Generation_FINAL,86404418a7ac168fb7af9bfe9ea45e71f659e618379fe868b8084f82f116e033,94,news,llama,NousResearch/Meta-Llama-3.1-8B-Instruct,baseline,1,True,False,Ғылыми конференцияның барысында зерттеушілер деректер қауіпсіздігін және жасанды интеллекттің этикасын құрған жерлерін талқылады.,0.956684410572052,True,1,471,73,544,1.098118351001176,1.1049009609996574,0.0,1,1,0,1,0,,,,,,,,,
Experiment_1_Kazakh_Paraphrase_Generation_FINAL,8641e59f8f6791abfd214fa1526074bf3e60e49440f824759557225cb963f1c1,60,science,kazllm,issai/LLama-3.1-KazLLM-1.0-8B,kazdiv,3,True,False,Зерттеу нәтижелерінің практикалық маңызын бағалау статистикалық мәнділікті түсіндірумен шектелмеуі тиіс.,0.9943231344223022,True,1,628,801,1429,11.935170554999786,11.943332275000103,0.0,12,3,9,3,0,2,1,1,1,364267951694346456,0.95,1,,
Experiment_1_Kazakh_Paraphrase_Generation_FINAL,8680d14634cedb3814aa43d2bec9e31895da7b437a345975fb1b76913a564735,10,general,llama,NousResearch/Meta-Llama-3.1-8B-Instruct,kazdiv,1,True,False,Отбасындағы бірге қолдау өзара қиын жағдайларды шешуге мүмкіндік туғызады.,0.9730718731880188,True,1,589,766,1355,11.395759543000167,11.405417723000937,0.0,13,11,2,11,0,2,9,1,4,770466651604409898,0.95,1,,
Experiment_1_Kazakh_Paraphrase_Generation_FINAL,86fa00d0084951a6cd0ecfb8008cfd32936bf70b9fb0f1e98f5a4eba02a1a716,33,education,kazllm,issai/LLama-3.1-KazLLM-1.0-8B,baseline,2,True,False,Оқу материалын қайталап оқуға ынталандыратын қысқа бақылау тапсырмалары бар.,0.9020353555679321,True,1,498,51,549,0.7738521350001974,0.7797353850000945,0.0,1,1,0,1,0,,,,,,,,,
Experiment_1_Kazakh_Paraphrase_Generation_FINAL,8703772f4e5f870b07ab2858a4977c82821d697ff44b1b0c091bc1bd8c526a14,88,news,llama,NousResearch/Meta-Llama-3.1-8B-Instruct,kazdiv,3,True,False,Мектептерде цифрлық сауаттылықты арттыруға арналған қосымша сабақтар кезең-кезеңімен жүргізілуде.,0.9866297245025635,True,1,600,868,1468,12.929680467999788,12.939750088000437,0.0,12,12,0,12,0,1,11,0,1,7451254798406823034,0.95,1,,
Experiment_1_Kazakh_Paraphrase_Generation_FINAL,871c2cc51907d3e62152e42936c0a895c71720a83c56cd53c66dfb8404cb0e14,86,news,kazllm,issai/LLama-3.1-KazLLM-1.0-8B,kazdiv,4,True,False,Қаладағы жол қауіпсіздігін арттыру үшін жаяу жүргіншілер өткелдері жаңартылды.,0.9611678719520569,True,1,617,734,1351,10.932804931999272,10.941536530999656,0.0,12,6,6,6,0,2,4,0,5,3276953950746285161,0.95,1,,
Experiment_1_Kazakh_Paraphrase_Generation_FINAL,872cba5e33dd4444809c2c2598427b0c1c3c149166e00ba748e01bc9d57b50a6,31,education,kazllm,issai/LLama-3.1-KazLLM-1.0-8B,kazdiv,5,True,False,Білім нәтижелерінің сенімділігін қамтамасыз ету үшін академиялық адалдық қағидаларын сақтау керек.,0.918340265750885,True,1,624,966,1590,14.39543587299977,14.40433035299975,0.0,13,7,6,7,0,2,5,1,4,13892080969538754295,0.95,1,,
Experiment_1_Kazakh_Paraphrase_Generation_FINAL,878da6576923848f55275e830e2e2668b8661f111a6a059037b7f0e9f9cccc4e,40,education,llama,NousResearch/Meta-Llama-3.1-8B-Instruct,kazdiv,1,True,False,Оқу орталықтарында әрқашан да әр студенттің тең қатысуына мүмкіндік туғызады.,0.7806656360626221,True,1,597,1149,1746,17.123182765999445,17.137900126001114,0.0,13,13,0,12,1,6,6,3,3,4204259434931455474,0.95,1,,
Experiment_1_Kazakh_Paraphrase_Generation_FINAL,8798992feecb54096357077524985dfb671e6a921a7b24e493e92863e421db69,17,general,llama,NousResearch/Meta-Llama-3.1-8B-Instruct,baseline,1,True,False,Күн тәртібін сақтау жұмыс пен демалыс арасындағы тепе-теңдікті қалыптастыруға көмектеседі. Қайта жазылған сөйлем: Күн тәртібін сақтау жұмыстың және демалыс сапасын қалыптастыруға көмектеседі.,0.8989077806472778,True,1,481,134,615,1.995839123001133,2.00226977300008,0.0,1,1,0,1,0,,,,,,,,,
Experiment_1_Kazakh_Paraphrase_Generation_FINAL,87b93e245159561f49f42a09d1546f06e1475b3bb0d444e3bacacf97cb849b06,38,education,kazllm,issai/LLama-3.1-KazLLM-1.0-8B,baseline,4,True,False,Зертханалық зерттеулер тәжірибе арқылы теориялық заңдылықтарды тексеруге мүмкіндік береді.,0.9728761315345764,True,1,497,53,550,0.8031387569999424,0.8088588470000104,0.0,1,1,0,1,0,,,,,,,,,
Experiment_1_Kazakh_Paraphrase_Generation_FINAL,880fcf3bc65bf313459bb1add3ba2198b84eedbcbb57869f9d08680540bc2724,52,science,llama,NousResearch/Meta-Llama-3.1-8B-Instruct,kazdiv,2,True,False,"Нәтижелерді көрсету күрделі байланыстарды түсінуді жеңілдете түседі, оларды түсінуді қиындатпайды.",0.8564592599868774,True,1,585,939,1524,13.975833127000442,13.98730557700037,0.0,13,13,0,13,0,3,10,2,4,11861373381413223379,0.95,1,,
Experiment_1_Kazakh_Paraphrase_Generation_FINAL,88285f16425d9adf5510d461e59cf44c146ed89e689f0ea8261b96a732bd35e6,35,education,kazllm,issai/LLama-3.1-KazLLM-1.0-8B,kazdiv,1,True,False,Пәнаралық тапсырмалар әртүрлі салалардағы білімді бір мәселе төңірегінде біріктіру үшін мүмкіндік береді.,0.9966721534729004,True,1,629,798,1427,11.885815946000093,11.894069066000156,0.0,12,3,9,2,1,1,1,0,0,11835391152734347181,0.95,1,,
Experiment_1_Kazakh_Paraphrase_Generation_FINAL,886518f8b486f94306c645d8caf1045ebde8cc98a393ec38842b8ad4b28ede5b,41,science,llama,NousResearch/Meta-Llama-3.1-8B-Instruct,baseline,5,True,False,Сөйлемді қайта жазу: Зерттеу нақты мәселені анықтау және тұжырымдау арқылы басталады.,0.8256123065948486,True,1,481,59,540,0.8918958129997918,0.8984183130014571,0.0,1,1,0,1,0,,,,,,,,,
Experiment_1_Kazakh_Paraphrase_Generation_FINAL,886f44f028b89f2a4408c7e2a42539ed2f51265b1a52ee14ff943824557af87d,21,education,kazllm,issai/LLama-3.1-KazLLM-1.0-8B,baseline,4,True,False,Қазіргі білім беру жүйесі студенттердің теориялық білімін практикалық дағдылармен үйлестіруге бағытталған.,0.9344561100006104,True,1,505,63,568,0.9497144140000273,0.9554558529998758,0.0,1,1,0,1,0,,,,,,,,,
Experiment_1_Kazakh_Paraphrase_Generation_FINAL,88820c80bfc7d6bb060e42a15d1c2646f3e5fde113f70885f4b09925c5ec9d6c,25,education,llama,NousResearch/Meta-Llama-3.1-8B-Instruct,kazdiv,1,True,False,Онлайн тұрақтағы жүйелер оқу материалдарына кез келген уақытта қол жеткізуге мүмкіндік береді.,0.8879514932632446,True,1,585,791,1376,11.777299773999403,11.788143413999933,0.0,12,12,0,12,0,3,9,2,2,6832875307242932369,0.95,1,,
Experiment_1_Kazakh_Paraphrase_Generation_FINAL,88ac70d9ee61f292eb36b015546da4ed9f87d4280fc8c923584f4aec61eff0f9,44,science,llama,NousResearch/Meta-Llama-3.1-8B-Instruct,baseline,3,True,False,Талдау деректердегі заңдылықтарды анықтауға және гипотезаларды бағалауға мүмкіндік береді.,0.9002631902694702,True,1,483,58,541,0.8771233940005914,0.8833242640012031,0.0,1,1,0,1,0,,,,,,,,,
Experiment_1_Kazakh_Paraphrase_Generation_FINAL,88b495a896fe3449fb299ba0e5bb2e54307fa69359fe1d04059968288c328f6c,25,education,llama,NousResearch/Meta-Llama-3.1-8B-Instruct,kazdiv,4,True,False,Онлайн оқу материалдарына қатты жүйеніде кез келген уақытта қол жеткізуге мүмкіндік береді.,0.8737467527389526,True,1,585,656,1241,9.761057976000302,9.773259714998858,0.0,12,12,0,11,1,6,5,1,2,8103041084049517523,0.95,1,,
Experiment_1_Kazakh_Paraphrase_Generation_FINAL,88effb14727e78b4f5b22eee528342a6690edb03dedee069283bcc2dd26e8348,35,education,kazllm,issai/LLama-3.1-KazLLM-1.0-8B,kazdiv,4,True,False,Әртүрлі салалардағы білімді бір мәселе төңірегінде біріктіру әртүрлі салалардағы білімді бір мәселе төңірегінде біріктіруге мүмкіндік береді,0.8505649566650391,True,1,629,1047,1676,15.612218909000148,15.620788619999985,0.0,11,3,8,2,1,1,1,0,1,15683566461580757877,0.95,1,,
Experiment_1_Kazakh_Paraphrase_Generation_FINAL,88f266ad1c94a57ebd2b0949fa897a8d67c56028912bfbbf9e79b744d7b1fdd1,63,technology,kazllm,issai/LLama-3.1-KazLLM-1.0-8B,baseline,4,True,False,"Бұлттық есептеу ресурстары жергілікті инфрақұрылымды қымбаттатпай, күрделі бағдарламаларды іске қосуға мүмкіндік береді.",0.953664243221283,True,1,517,78,595,1.1775569769997674,1.1837488479995955,0.0,1,1,0,1,0,,,,,,,,,
Experiment_1_Kazakh_Paraphrase_Generation_FINAL,8943649dbd0f5e40b1335c9608b6a3d3502b716aaf8c4fe6baee0a361c222117,96,news,llama,NousResearch/Meta-Llama-3.1-8B-Instruct,baseline,2,True,False,Кәсіпорын жаңа автоматтандырылған желіні іске қосу арқылы өндіріс құралындағы өндіріс коэффициентін арттыруды көздеп отыр.,0.9623312950134277,True,1,482,81,563,1.2169258810008614,1.2238554700015811,0.0,1,1,0,1,0,,,,,,,,,
Experiment_1_Kazakh_Paraphrase_Generation_FINAL,896ca80be456f1db44445ae138cddfadaff179f64551f6e6ce307465ad493804,85,news,kazllm,issai/LLama-3.1-KazLLM-1.0-8B,kazdiv,3,True,False,Сандық платформаны университеттің зерттеушілері өндірістік процестерді талдау үшін ұсынады.,0.8975454568862915,True,1,619,589,1208,8.764416366999285,8.77317484699961,0.0,12,7,5,7,0,3,4,2,3,3597185101130346458,0.95,1,,
Experiment_1_Kazakh_Paraphrase_Generation_FINAL,897d72f2a3e9f618eff799d25e6f0c16e8f99b6699e69fd87a18b11b265c524c,9,general,kazllm,issai/LLama-3.1-KazLLM-1.0-8B,baseline,2,True,False,"Жаңа ортаға бейімделу үшін адамға уақыт, тәжірибе және ашық қарым-қатынас қажет.",1.0,False,1,504,61,565,0.9210900990001392,0.9228572390002228,0.0,1,1,0,0,1,,,,,,,,,
Experiment_1_Kazakh_Paraphrase_Generation_FINAL,897f8dc93b58ca9673abdf454ff7d7af59b5e760c7e62ce9cebbaf98865466a2,26,education,llama,NousResearch/Meta-Llama-3.1-8B-Instruct,baseline,4,True,False,Практикалық жобалар студенттерге алған білімін нақты мәселелерді шешуде қолдануға жағдай жасайды. Практикалық жобалар алған білімді іске асыруға жағдай жасайды.,0.9343246817588806,True,1,476,96,572,1.437660704999871,1.4441040750007232,0.0,1,1,0,1,0,,,,,,,,,
Experiment_1_Kazakh_Paraphrase_Generation_FINAL,89ace2c049c27cbfe5c333d73dfb8fbeba2435747df143eb414e94fd893d7d57,13,general,kazllm,issai/LLama-3.1-KazLLM-1.0-8B,kazdiv,1,True,False,Уақытында берілген кері байланыс жұмыстың сапасын арттыруға ықпал етеді.,0.9914453029632568,True,1,612,605,1217,9.001071719000038,9.009244898999896,0.0,12,4,8,4,0,1,3,0,2,308732843534323169,0.95,1,,
Experiment_1_Kazakh_Paraphrase_Generation_FINAL,89b484d842d598692902713d230536aeeab061698b5b22b3fb98ce4ef1f7ea55,65,technology,llama,NousResearch/Meta-Llama-3.1-8B-Instruct,kazdiv,1,True,False,"Бағдарламалық жасақтаманы пайдалана отырып, тестілеу өнімдерінің қателерін ерте анықтауға мүмкіндік береді.",0.9002746343612671,True,1,598,1170,1768,17.454636280999694,17.465280540000094,0.0,13,13,0,13,0,6,7,3,3,4797068482916634074,0.95,1,,
Experiment_1_Kazakh_Paraphrase_Generation_FINAL,89cc2caa0ac82445c6f8b85d81ecacbb8d1a96f2e0ec473ad27ad80f98dcd646,39,education,kazllm,issai/LLama-3.1-KazLLM-1.0-8B,kazdiv,3,True,False,Оқу барысында қойылатын ашық сұрақтар студенттердің дәлелді жауаптар құрастыру қабілетін дамытады.,0.998026967048645,True,1,624,857,1481,12.757228691999899,12.765395162000004,0.0,13,2,11,2,0,1,1,0,1,14674503561100185620,0.95,1,,
Experiment_1_Kazakh_Paraphrase_Generation_FINAL,8a273321232057753a0824b9b5055b87fccee0050c8c7aee6620c97209768ebf,89,news,llama,NousResearch/Meta-Llama-3.1-8B-Instruct,baseline,5,True,False,"Сарапшылар еңбек нарығында, деректерді талдау қабілеттеріне сұраныс жоғарылауда.",0.9272191524505615,True,1,479,50,529,0.7600188640008128,0.7663757239988627,0.0,1,1,0,1,0,,,,,,,,,
Experiment_1_Kazakh_Paraphrase_Generation_FINAL,8a7a09b33546ac86363b369e8afbf5a81f15b7730bccc2f67dfede7c53c8d203,25,education,kazllm,issai/LLama-3.1-KazLLM-1.0-8B,baseline,4,True,False,Интернет платформалары оқу материалдарына кез келген уақытта қол жеткізуге мүмкіндік береді.,0.9659180641174316,True,1,492,49,541,0.7444906670000364,0.7505354969998734,0.0,1,1,0,1,0,,,,,,,,,
Experiment_1_Kazakh_Paraphrase_Generation_FINAL,8a7c9be3c99f1416a8392e1b7d5632c0cbac89381b57a67c51b4e916048026c6,44,science,llama,NousResearch/Meta-Llama-3.1-8B-Instruct,kazdiv,1,True,False,Деректерді талдау заңдылықтарды анықтауға және гипотезаларды бағалауға және гипотезаларды бағалауға көмек көрсетеді.,0.8437082171440125,True,1,601,940,1541,13.995382979001079,14.004684589001045,0.0,13,9,4,9,0,5,4,2,2,13119722851641757517,0.95,1,,
Experiment_1_Kazakh_Paraphrase_Generation_FINAL,8aab8210c30375bc62ca25a23e011cb6f2173ee7bb88f868df25700b288e2f80,27,education,kazllm,issai/LLama-3.1-KazLLM-1.0-8B,baseline,2,True,False,Студенттер алдын ала бағалау негіздері түсіндірілген кезде тапсырма талаптарын жақсырақ түсінеді.,0.9231878519058228,True,1,500,58,558,0.8768950359999508,0.8825824959999409,0.0,1,1,0,1,0,,,,,,,,,
Experiment_1_Kazakh_Paraphrase_Generation_FINAL,8abde33901a0bb166d546357819e0fe8b9f153e6f88a8881ab9af9c495bae32f,26,education,llama,NousResearch/Meta-Llama-3.1-8B-Instruct,kazdiv,4,True,False,Практикалық жобалар студенттерге іс жүзінде қолданылатын білімді оқығаңыз.,0.812838613986969,True,1,594,724,1318,10.779427544999635,10.789271535000807,0.0,13,7,6,7,0,4,3,3,4,3986306558855749425,0.95,1,,
Experiment_1_Kazakh_Paraphrase_Generation_FINAL,8ad624de9134e16fe0eda27f3dc24515b798c4eeaf843fe02630443cdaa2d16a,7,general,kazllm,issai/LLama-3.1-KazLLM-1.0-8B,baseline,5,True,False,Дұрыс тамақтану мен белсенді қозғалыс күнделікті өмір сапасына оң әсер етеді.,1.0,False,1,496,53,549,0.8029439660003845,0.8046559660006096,0.0,1,1,0,0,1,,,,,,,,,
Experiment_1_Kazakh_Paraphrase_Generation_FINAL,8ada06b65aaf210a21cbfa077a3453755f5a9db43e6d66947479b3340da4bac2,5,general,kazllm,issai/LLama-3.1-KazLLM-1.0-8B,kazdiv,1,True,False,Қоршаған ортаны таза ұстау әр адамның жауапкершілігінен басталады десек болады.,0.9808828830718994,True,1,604,729,1333,10.848022903000128,10.85643555300021,0.0,13,5,8,5,0,1,4,0,2,4595169779653667995,0.95,1,,
Experiment_1_Kazakh_Paraphrase_Generation_FINAL,8af2c5813057c01cdda6523b81ffd882f95eeeb341da1187342373e0d5ad1351,10,general,llama,NousResearch/Meta-Llama-3.1-8B-Instruct,kazdiv,4,True,False,Отбасындағы өзара қолдау отбасының бірге табыстың күнәсін арылтады.,0.7532762885093689,True,1,589,655,1244,9.744655057998898,9.753956657999879,0.0,13,9,4,9,0,7,2,6,7,6502514172631413982,0.95,1,,
Experiment_1_Kazakh_Paraphrase_Generation_FINAL,8b28bdd38a07077d513917c0bb8122e3dc7d3be37db7cc0392dfb109797187bb,87,news,llama,NousResearch/Meta-Llama-3.1-8B-Instruct,kazdiv,4,True,False,Оқу бағдарламасы шағын және орта бизнесті қолдауға арналған.,0.8329470157623291,True,1,597,693,1290,10.315810516000056,10.326354335998985,0.0,12,9,3,9,0,4,5,0,0,10542357429165216930,0.95,1,,
Experiment_1_Kazakh_Paraphrase_Generation_FINAL,8b78fa7e62d55971bc32901e73d565354764224ed8330f615f86e2443001db10,77,technology,kazllm,issai/LLama-3.1-KazLLM-1.0-8B,baseline,5,True,False,Өндіріс ортасына енгізілгеннен кейін модельдің сапасын тұрақты бақылау қажет.,0.9542994499206543,True,1,503,48,551,0.7297725859998536,0.7355959070000608,0.0,1,1,0,1,0,,,,,,,,,
Experiment_1_Kazakh_Paraphrase_Generation_FINAL,8bcc33f5a4022fe31d3d70815008afddfe710a443ae74820bde89ce93a768f27,34,education,llama,NousResearch/Meta-Llama-3.1-8B-Instruct,baseline,3,True,False,"Құрғақ жаңбырдың басындағы жел түсіндірілгенде, мысалы, оның құрғақтың күшімен кімге қауіп туғанын көрдім, оның құрғақтың күшімен кімге қауіп туғанын көрдім.",0.4800071716308594,False,1,484,124,608,1.8488426500007336,1.855309809998289,0.0,1,1,0,0,1,,,,,,,,,
Experiment_1_Kazakh_Paraphrase_Generation_FINAL,8bd0444dc36a069c9aec297ec5cf639c1b897339a5f5f91df6c97dabe39da4b5,54,science,kazllm,issai/LLama-3.1-KazLLM-1.0-8B,kazdiv,3,True,False,Білімнің ашықтығы ғылыми зерттеулердің дәлдігін тексеру және қайта пайдалану мүмкіндігін береді.,0.8621553778648376,True,1,616,904,1520,13.460013258999425,13.468588779000129,0.0,12,2,10,2,0,2,0,0,0,9778066132539052407,0.95,1,,
Experiment_1_Kazakh_Paraphrase_Generation_FINAL,8bdd76f55a49bb3252d687b3c480a5b3e8c98839d44289e8b2bbdbe46452ec1e,30,education,kazllm,issai/LLama-3.1-KazLLM-1.0-8B,baseline,3,True,False,Дәстүрлі оқыту әдістерінің мүмкіндіктерін толықтыру үшін цифрлық құралдарды орынды пайдалану қажет.,0.8843225836753845,True,1,507,69,576,1.0380290029997923,1.0437113529997077,0.0,1,1,0,1,0,,,,,,,,,
Experiment_1_Kazakh_Paraphrase_Generation_FINAL,8be257cea9d3d684bc81357d4a7adac9533e4d93850512829f0700a8c73a1d81,63,technology,llama,NousResearch/Meta-Llama-3.1-8B-Instruct,baseline,5,True,False,Бастапқы сөйлем: Бұлттық есептеу ресурстары күрделі бағдарламаларды қымбат жергілікті инфрақұрылымсыз іске қосуға мүмкіндік береді. Қайта жазылған сөйлем: Бұлттық есептеу ресурстары күрделі бағдарламаларды іске қосу үшін жергілікті инфрақұрылымды қажет етпейді.,0.8411862850189209,False,1,492,169,661,2.513485055000274,2.5201464149995445,0.0,1,1,0,0,1,,,,,,,,,
Experiment_1_Kazakh_Paraphrase_Generation_FINAL,8bf6c010bd6a51f57c0b88829542ce6b839d395a8a4f4008b5c7294b1ffb34d4,13,general,llama,NousResearch/Meta-Llama-3.1-8B-Instruct,kazdiv,2,True,False,Кері байланыс жұмысының сапасын жақсартуға уақытында тапсырыс беру құралы болады.,0.8617168664932251,True,1,587,733,1320,10.91052550799941,10.919867818000057,0.0,13,12,1,12,0,8,4,4,4,1163767351317931622,0.95,1,,
Experiment_1_Kazakh_Paraphrase_Generation_FINAL,8bfd6a80f8c9f67480974cc6bc02a896491d5e1b73486550b06138b8ec0168e5,5,general,kazllm,issai/LLama-3.1-KazLLM-1.0-8B,baseline,5,True,False,Қоршаған ортаны таза ұстау әр адамның өз міндеті болып табылады.,0.9209948778152466,True,1,486,41,527,0.6259641489996284,0.6318532790000972,0.0,1,1,0,1,0,,,,,,,,,
Experiment_1_Kazakh_Paraphrase_Generation_FINAL,8c1d3f8b88edbe9ff0130984313a45c1f58b166d52f22dba895e18f8f4f520c2,1,general,llama,NousResearch/Meta-Llama-3.1-8B-Instruct,kazdiv,2,True,False,Күнделікті өмірде уақытты тиімді пайдалану үшін жоспарлау қажет.,0.9012479186058044,True,1,586,667,1253,9.919184856998982,9.928567324999676,0.0,13,10,3,10,0,5,5,3,7,10753248777183314867,0.95,1,,
Experiment_1_Kazakh_Paraphrase_Generation_FINAL,8c5ffe32ce9cd9da4f953cdbff52389931c42a59b4d1e1c3cbd60b8f6f0f1457,90,news,llama,NousResearch/Meta-Llama-3.1-8B-Instruct,baseline,1,True,False,Жаңа зертхана студенттер мен жас ғалымдарға тәжірибелік жобалар жүргізуге мүмкіндік беретін орталық. Қайта жазылған сөйлемнің мағынасы: Орталық студенттер мен жас ғалымдарға тәжірибелік жобалар жүргізуге мүмкіндік беретін орталық.,0.8171918988227844,False,1,473,141,614,2.101069983000343,2.108145013000467,0.0,1,1,0,0,1,,,,,,,,,
Experiment_1_Kazakh_Paraphrase_Generation_FINAL,8c61e8609233912f073ac7b294164c6dd222d91fee105b96f8c4651fdd4f7578,15,general,kazllm,issai/LLama-3.1-KazLLM-1.0-8B,baseline,5,True,False,Қала тұрғындарының белсенді өмір салтын қолдайтын орта жаяу жүргіншілерге қолайлы.,0.9640268683433533,True,1,499,54,553,0.8172519549998469,0.8234602049999467,0.0,1,1,0,1,0,,,,,,,,,
Experiment_1_Kazakh_Paraphrase_Generation_FINAL,8c6e3288bf8660a28a28a66c241d724f12099925c0547762f64021437af2af34,41,science,kazllm,issai/LLama-3.1-KazLLM-1.0-8B,baseline,4,True,False,Ғылыми зерттеулер нақты мәселені анықтаудан және тексерілетін зерттеу сұрағын тұжырымдаудан басталады.,0.9884762167930603,True,1,506,64,570,0.9645569560002514,0.9703551559996413,0.0,1,1,0,1,0,,,,,,,,,
Experiment_1_Kazakh_Paraphrase_Generation_FINAL,8c8c45143969bccf189dfb76e0db30c9db796f26446e3215dc497873c086e0a0,93,news,kazllm,issai/LLama-3.1-KazLLM-1.0-8B,kazdiv,2,True,False,Жергілікті билік ауаның сапасын бақылау үшін қосымша өлшеу бекеттерін орнатуды жоспарлап отыр,0.9345319271087646,True,1,624,714,1338,10.637216264999552,10.640052425000249,0.0,12,2,10,2,0,1,1,0,1,10141957071964295285,0.95,1,,
Experiment_1_Kazakh_Paraphrase_Generation_FINAL,8c8eb012972d73bfefb35c8b83ff86b040e7d3a92d331b7ad0830e7e7c97cf09,17,general,llama,NousResearch/Meta-Llama-3.1-8B-Instruct,kazdiv,3,True,False,"Күн тәртібін сақтау, демалыс пен жұмыс арасындағы тепе-теңдікті қалыптастыруға жағдай жасайды.",0.9685835242271423,True,1,599,941,1540,14.010871261998545,14.020942212000591,0.0,12,12,0,12,0,7,5,0,0,14662499842726835664,0.95,1,,
Experiment_1_Kazakh_Paraphrase_Generation_FINAL,8c9eaa5e7da0f8cfa8754e2a4f2d5176f462f6e52ed1c5c090ffd5baa629f392,77,technology,llama,NousResearch/Meta-Llama-3.1-8B-Instruct,kazdiv,3,True,False,Қолданылғаннан кейін модельді сапасын тұрақты түрде бақылау қажет.,0.9034249782562256,True,1,596,648,1244,9.642029882001225,9.652853722000145,0.0,12,12,0,12,0,4,8,2,2,3336001948844062901,0.95,1,,
Experiment_1_Kazakh_Paraphrase_Generation_FINAL,8cad8205b0b604d2dec97bc1100d4f527d4823ff6768ea0b1e6d8d95c119b10f,25,education,llama,NousResearch/Meta-Llama-3.1-8B-Instruct,baseline,4,True,False,Онлайн платформалар оқу материалдарын кез келген уақытта қолға алуды қамтамасыз етеді.,0.9713698625564575,True,1,467,51,518,0.7740457420004532,0.7804128319985466,0.0,1,1,0,1,0,,,,,,,,,
Experiment_1_Kazakh_Paraphrase_Generation_FINAL,8dbd3c9d3d06d35a04b51ec920d12f8f194a59f98b505414e7f715405969a305,18,general,llama,NousResearch/Meta-Llama-3.1-8B-Instruct,kazdiv,4,True,False,Сапалы қарым-қатынастағы байланыс кезінде адамның ойын анық тілеккез жеткізуі және өзгелерді мұқият тыңдауы маңызды.,0.9681165218353271,True,1,605,1006,1611,14.997951383000327,15.007685553000556,0.0,14,11,3,10,1,2,8,0,8,6303941911325989540,0.95,1,,
Experiment_1_Kazakh_Paraphrase_Generation_FINAL,8dda2057dbfece8519b06e1d484a7c2431e11c45943538f07a6742d95e8ee9e7,86,news,llama,NousResearch/Meta-Llama-3.1-8B-Instruct,baseline,5,True,False,Сөйлемді жаңартылған сөздермен қайта жазу: Қалада көлік қауіпсіздігін арттыру мақсатында бірнеше жаяу жүргінші өткелі жаңартылды.,0.9204613566398621,True,1,474,88,562,1.3194845289999648,1.32617319900055,0.0,1,1,0,1,0,,,,,,,,,
Experiment_1_Kazakh_Paraphrase_Generation_FINAL,8deb20739fac056295ec457c37971d515124952de3e1425194aaa4871da1ce59,60,science,llama,NousResearch/Meta-Llama-3.1-8B-Instruct,kazdiv,4,True,False,"Зерттеудің нәтижелерінің практикалық маңызын бағалау, басқа да құндылықтарды бағалаумен қоса статистикалық мәнділікке де бағалау қажет.",0.8239622116088867,True,1,603,993,1596,14.7991704319993,14.809758491999673,0.0,12,12,0,10,2,7,3,6,11,3858575645226739557,0.95,1,,
Experiment_1_Kazakh_Paraphrase_Generation_FINAL,8df646669420c1c997da94add5e3e51e5df045699871ff6e7eb63c6e9b5c74e3,79,technology,kazllm,issai/LLama-3.1-KazLLM-1.0-8B,baseline,1,True,False,Электрондық қызметтердің қолжетімділігі пайдаланушылардың әртүрлі құрылғылар арқылы қызмет алуына мүмкіндік береді.,0.9071553945541382,True,1,516,80,596,1.2070973740001136,1.2133921240001655,0.0,1,1,0,1,0,,,,,,,,,
Experiment_1_Kazakh_Paraphrase_Generation_FINAL,8e07ca6473b09d448b7a7e08c4520b595614b7442ce7728efaf5f42c7deced9b,50,science,llama,NousResearch/Meta-Llama-3.1-8B-Instruct,kazdiv,5,True,False,"Кездейсоқ ауытқулардың қорытындыға әсеріне көңіл бөлсек, тәжірибені қайталап көруге бірнеше рет көңіл бөлуге ұшырауымыз тиіс.",0.7557903528213501,True,1,594,1142,1736,17.016648341999826,17.029047342000922,0.0,13,13,0,12,1,5,7,2,2,12298762408669486273,0.95,1,,
Experiment_1_Kazakh_Paraphrase_Generation_FINAL,8e14977860647df8d00870000594e205aeb6fa0e65da41103204ea8f36efc946,81,news,llama,NousResearch/Meta-Llama-3.1-8B-Instruct,baseline,4,True,False,Қала әкімдігі қоғамдық көлік бағыттарын тұрғындардың ұсыныстарына қарай қайта қарауды жоспарлап отыр.,0.9943076372146606,True,1,492,75,567,1.1286829709988524,1.1350964409994049,0.0,1,1,0,1,0,,,,,,,,,
Experiment_1_Kazakh_Paraphrase_Generation_FINAL,8e18eabd32969b622c70e7f662a32e3fafbd79cac91af41c5ebc6cbd6794236e,47,science,llama,NousResearch/Meta-Llama-3.1-8B-Instruct,kazdiv,1,True,False,"Үлкен деректерді жинап, оларды күрделі құбылыстарды талдауға мүмкіндік береді.",0.871288537979126,True,1,603,734,1337,10.932703721000507,10.945568711000305,0.0,13,12,1,10,2,5,5,3,10,12682254325743910545,0.95,1,,
Experiment_1_Kazakh_Paraphrase_Generation_FINAL,8e658dd34478992bb8468af3e4287060fdc4b41f14b1e63ab959d6e912c02fea,46,science,llama,NousResearch/Meta-Llama-3.1-8B-Instruct,baseline,5,True,False,Әдебиеттерге жүйелі шолу белгілі бір саладағы негізгі бағыттар мен зерттеу олқылықтарын анықтауға көмектеседі.,1.0,False,1,488,70,558,1.054098372000226,1.0560335119989759,0.0,1,1,0,0,1,,,,,,,,,
Experiment_1_Kazakh_Paraphrase_Generation_FINAL,8e779f5ee601db41c9ff49fab639e038ae94a03ea2a5a1c7b23df55c868e36dd,27,education,kazllm,issai/LLama-3.1-KazLLM-1.0-8B,baseline,3,True,False,Студенттер бағалау критерийлері алдын ала түсіндірілген кезде тапсырманың талаптарын жақсырақ түсінеді.,0.9769681096076965,True,1,500,62,562,0.9352744440002425,0.9413007739999557,0.0,1,1,0,1,0,,,,,,,,,
Experiment_1_Kazakh_Paraphrase_Generation_FINAL,8e9eaad18c4dbc61ed737d8952d9a3afa78796a618704a39b831169a187527d5,60,science,kazllm,issai/LLama-3.1-KazLLM-1.0-8B,baseline,4,True,False,Зерттеу нәтижелерінің практикалық маңызын бағалау статистикалық мәнділікті түсіндірумен шектелмеуі керек.,0.9938392639160156,True,1,510,64,574,0.9651548899992122,0.9712091000001237,0.0,1,1,0,1,0,,,,,,,,,
Experiment_1_Kazakh_Paraphrase_Generation_FINAL,8eb0d696b06371ee83d12bb25d56f3d1fcf90f752e912b0df9e08e0bbe2f369d,74,technology,kazllm,issai/LLama-3.1-KazLLM-1.0-8B,baseline,5,True,False,Бағдарламалық интерфейстер әртүрлі ақпараттық жүйелер арасында деректерді автоматты түрде алмасуға мүмкіндік береді.,0.9607172012329102,True,1,515,73,588,1.1042765840002176,1.1104142039994258,0.0,1,1,0,1,0,,,,,,,,,
Experiment_1_Kazakh_Paraphrase_Generation_FINAL,8eca0eea8b5401be716dccbf01579ee1b7f5318f1452916b5203cf86ddf0fd7f,93,news,kazllm,issai/LLama-3.1-KazLLM-1.0-8B,baseline,4,True,False,Жергілікті билік ауа сапасын бақылау үшін қосымша өлшеу пункттерін орнатуды жоспарлап отыр.,0.9810811281204224,True,1,506,54,560,0.8182928699998229,0.8245119200000772,0.0,1,1,0,1,0,,,,,,,,,
Experiment_1_Kazakh_Paraphrase_Generation_FINAL,8edaaca6b0a810c046caa3261e47ee4ed6368389fffae734fe75a33edd928a37,29,education,kazllm,issai/LLama-3.1-KazLLM-1.0-8B,baseline,1,True,False,Зерттеуге негізделген оқыту студенттердің сыни ойлау және ақпаратты талдау дағдыларын қалыптастырады.,1.0,False,1,501,58,559,0.8772526940001626,0.8831145839999408,0.0,1,1,0,0,1,,,,,,,,,
Experiment_1_Kazakh_Paraphrase_Generation_FINAL,8ee6ee462a0cafbebeda0f42e6adaa60632e19fb5d7da80c926dfbb3d43b78e0,59,science,llama,NousResearch/Meta-Llama-3.1-8B-Instruct,kazdiv,2,True,False,Бақылау тобын экспериментті факторлардан ажырату қажеттігін анықтайды.,0.8020644187927246,True,1,587,680,1267,10.117930026999602,10.127183937000154,0.0,13,8,5,8,0,5,3,2,2,4687224625157943311,0.95,1,,
Experiment_1_Kazakh_Paraphrase_Generation_FINAL,8ef42609d0f94fe3e60e340d0efe769c9522f18766a6226e7bcb2c200f43263e,41,science,kazllm,issai/LLama-3.1-KazLLM-1.0-8B,kazdiv,1,True,False,Ғылыми зерттеу нақты мәселені анықтау және тексерілетін зерттеу сұрағын тұжырымдау арқылы басталады.,0.9916882514953613,True,1,624,882,1506,13.141413587999978,13.149791148000077,0.0,13,3,10,2,1,1,1,0,2,2383698489467597378,0.95,1,,
Experiment_1_Kazakh_Paraphrase_Generation_FINAL,8f0c61a25df651d57bc1e5daf7acaf1be8d3306eda1f8c040e467d5d34c789d6,30,education,llama,NousResearch/Meta-Llama-3.1-8B-Instruct,kazdiv,2,True,False,Дәстүрлі оқыту әдістерін аңсағанда цифрлық құралдарды қосу мүмкін,0.8174853324890137,True,1,600,935,1535,13.930185801000334,13.942547741000453,0.0,12,12,0,8,4,6,2,5,7,16423341876905482254,0.95,1,,
Experiment_1_Kazakh_Paraphrase_Generation_FINAL,8f2abf58f357be08e069400052aa36c6cc781e24fde21007cfa0627b0122c75b,40,education,kazllm,issai/LLama-3.1-KazLLM-1.0-8B,kazdiv,4,True,False,Әрбір студенттің оқу процесіне тең мүмкіндік беретін инклюзивті білім беру ортасы бар.,0.9018292427062988,True,1,622,727,1349,10.830000998999822,10.838862109000274,0.0,12,6,6,6,0,1,5,0,5,16007687186520497590,0.95,1,,
Experiment_1_Kazakh_Paraphrase_Generation_FINAL,8f37c128ff1f497f940026bdacf33696c7fad291a45fd32cf6a0b2aafab4d688,21,education,llama,NousResearch/Meta-Llama-3.1-8B-Instruct,kazdiv,5,True,False,Заманауи білім беру жүйесі практикалық іске асыру қабілеттерін ұштастыруға және студенттердің теориялық білімін үйретуге көмектеседі.,0.897436261177063,True,1,598,790,1388,11.764030533999176,11.77370377400075,0.0,12,11,1,11,0,11,0,9,9,1394803606955860545,0.95,1,,
Experiment_1_Kazakh_Paraphrase_Generation_FINAL,8f40ed162667dd94e94b6a3519330487e7a686684721460d6edf62228d7fa607,95,news,kazllm,issai/LLama-3.1-KazLLM-1.0-8B,kazdiv,2,True,False,Жастарға арналған тегін цифрлық дағдылар курстары қаладағы кітапханаларда өткізілуде,0.9013881087303162,True,1,619,708,1327,10.547048278999682,10.555830719000369,0.0,12,6,6,6,0,1,5,0,2,8513923205970201914,0.95,1,,
Experiment_1_Kazakh_Paraphrase_Generation_FINAL,8f7875b0ab6833a192349fd5f2b24674913e079aaf8326aa958b9524cb2c06db,89,news,llama,NousResearch/Meta-Llama-3.1-8B-Instruct,baseline,1,True,False,Сарапшылар еңбек нарығында деректерді талдау дағдыларына сұраныс өсіп келе жатқанын атап өтті.,1.0,False,1,479,61,540,0.9216345730001194,0.9236548629996832,0.0,1,1,0,0,1,,,,,,,,,
Experiment_1_Kazakh_Paraphrase_Generation_FINAL,8f85305d817213b952960349cc9c816dad7ed64aad59538c0d181b3280543841,67,technology,kazllm,issai/LLama-3.1-KazLLM-1.0-8B,baseline,4,True,False,Деректерді шифрлау құпия ақпаратты үшінші тұлғалардың оқуынан қорғаудың негізгі тәсілдерінің бірі болып табылады.,1.0,False,1,522,79,601,1.192417626999486,1.1941763370004992,0.0,1,1,0,0,1,,,,,,,,,
Experiment_1_Kazakh_Paraphrase_Generation_FINAL,8f9bedd5cd60588132d8e6c4cd65276a17d1ff9c8875a4ffb11b30f2c65b3732,39,education,kazllm,issai/LLama-3.1-KazLLM-1.0-8B,baseline,5,True,False,Оқу барысында қойылатын ашық сұрақтар студенттердің дәлелді жауаптар құрастыру қабілетін дамытады.,0.998026967048645,True,1,506,64,570,0.9641546959996958,0.9659631659997103,0.0,1,1,0,1,0,,,,,,,,,
Experiment_1_Kazakh_Paraphrase_Generation_FINAL,8fb316aa10fbb918dc690cbb0b8d19598da2ee005dd202bcc693c78e643228ab,60,science,llama,NousResearch/Meta-Llama-3.1-8B-Instruct,kazdiv,5,True,False,Зерттеулердің нәтижелері ғылыми мағынадағы қолданылуымен шектелмейді.,0.7664598226547241,True,1,603,792,1395,11.787726825999925,11.800636935000512,0.0,13,13,0,3,10,3,0,2,5,136371562617473437,0.95,1,,
Experiment_1_Kazakh_Paraphrase_Generation_FINAL,9023ab2610a9a3b7ee80284d9784aba57764cd0c4a80b41942ab860c45d219db,68,technology,kazllm,issai/LLama-3.1-KazLLM-1.0-8B,baseline,5,True,False,Роботтандырылған жүйелер өндіріс процестерінде қайталанатын тапсырмаларды орындауға мүмкіндік береді.,0.9634612202644348,True,1,502,64,566,0.9645938850007951,0.9704996549999123,0.0,1,1,0,1,0,,,,,,,,,
Experiment_1_Kazakh_Paraphrase_Generation_FINAL,9026d80b1efac61ec3cbacbdcb7df5f9b00a8a7f4c46eab16fa316d02e4d01f6,77,technology,llama,NousResearch/Meta-Llama-3.1-8B-Instruct,kazdiv,1,True,False,Модельді өндірістік ортаға енгізілгеннен кейін оның сапасын тұрақты түрде бақылау қажет.,0.9894301295280457,True,1,596,587,1183,8.72581953900044,8.73814947900064,0.0,12,12,0,12,0,4,8,0,4,4572386986431051690,0.95,1,,
Experiment_1_Kazakh_Paraphrase_Generation_FINAL,903a5f64a13f8a32d30c17d67c5dff0d92cdb197474d91dee6cffc525b9db6eb,63,technology,kazllm,issai/LLama-3.1-KazLLM-1.0-8B,kazdiv,3,True,False,Бұлттық есептеу ресурстарын пайдалану күрделі бағдарламаларды қымбат жергілікті инфрақұрылымсыз іске қосуға мүмкіндік береді.,0.9832471609115601,True,1,635,949,1584,14.14672229200005,14.155780071999288,0.0,12,7,5,6,1,5,1,4,6,1778336122430474708,0.95,1,,
Experiment_1_Kazakh_Paraphrase_Generation_FINAL,906c6da5cdabb1de514997d949e053f886ece7c4e186cc354c385a82b133cba4,47,science,llama,NousResearch/Meta-Llama-3.1-8B-Instruct,kazdiv,2,True,False,Деректер жиынтығының көмегімен күрделі құбылыстарды қамтамасыз ету бірнеше көрсеткіште мүмкін.,0.8418259620666504,True,1,603,790,1393,11.768310909999855,11.780099800000244,0.0,12,12,0,12,0,8,4,3,6,17130071913671797304,0.95,1,,
Experiment_1_Kazakh_Paraphrase_Generation_FINAL,90a52650d49519c5cf2b1f778de2d6e596d9369b829356fea79e77dc0b7a7d77,71,technology,llama,NousResearch/Meta-Llama-3.1-8B-Instruct,kazdiv,1,True,False,"Құрылғылар арасында деректер жиналып, алмасу Интернет арқылы іске асырылады.",0.7816942930221558,True,1,592,538,1130,8.001787131999663,8.011938871999519,0.0,12,12,0,7,5,4,3,3,10,803639657246434966,0.95,1,,
Experiment_1_Kazakh_Paraphrase_Generation_FINAL,90aaa7339d054abb596a71c7218ea1e29697de0b5ef9a52eee986d49ff3afe3e,33,education,kazllm,issai/LLama-3.1-KazLLM-1.0-8B,kazdiv,3,True,False,Қысқа бақылау тапсырмалары студенттерді оқу материалын жүйелі түрде қайталауға шақырады.,0.9455776214599609,True,1,616,773,1389,11.507988969000053,11.516116828999657,0.0,12,3,9,3,0,2,1,0,0,13375599972158709151,0.95,1,,
Experiment_1_Kazakh_Paraphrase_Generation_FINAL,90ece58e0bfcaeee8f6e9eb8e74088c06cf2bf62dabf992c7c0a63af31f5c4c2,62,technology,llama,NousResearch/Meta-Llama-3.1-8B-Instruct,kazdiv,3,True,False,Моделінің сапасына көзбеткенде оқыту деректерінің сапасы мен көлеміне қарау қажет.,0.8029106259346008,True,1,593,755,1348,11.247036531000049,11.25889786100015,0.0,13,13,0,13,0,12,1,6,6,5053200912321007290,0.95,1,,
Experiment_1_Kazakh_Paraphrase_Generation_FINAL,911f01a0733d9f91d972e6e1b43e2099e816030328c9f9fc5cf7c7861a7e10e8,63,technology,kazllm,issai/LLama-3.1-KazLLM-1.0-8B,baseline,5,True,False,Жергілікті жүйе қажетсіз күрделі бағдарламаларды іске қосу үшін бұлттық есептеу ресурстарын қолдануға болады.,0.8435039520263672,True,1,517,72,589,1.0891708680001102,1.0950329080005758,0.0,1,1,0,1,0,,,,,,,,,
Experiment_1_Kazakh_Paraphrase_Generation_FINAL,91270db574dac3bb57e38ff672d7dc052158eceb14b06dc739e13be4a68a00ee,7,general,llama,NousResearch/Meta-Llama-3.1-8B-Instruct,kazdiv,3,True,False,Тамақтану мен белсенді қозғалыс күдіксіз өмір сапасына оң әсер етеді.,0.8955304026603699,True,1,589,900,1489,13.404035778999969,13.41690564900091,0.0,13,13,0,13,0,5,8,2,2,2978572676488430779,0.95,1,,
Experiment_1_Kazakh_Paraphrase_Generation_FINAL,9147116c6aecf38455cdfac62748d7de7cc401eee8759a832e3ff6fb4c3aa5aa,22,education,llama,NousResearch/Meta-Llama-3.1-8B-Instruct,kazdiv,4,True,False,Сабақ барысында белсенді тапсырмаларды қолдану оқу материалының қызығушылықтылығын арттырады.,0.9542155265808105,True,1,595,806,1401,11.99400002099901,12.003585080999983,0.0,13,13,0,13,0,4,9,0,6,10831248248971048890,0.95,1,,
Experiment_1_Kazakh_Paraphrase_Generation_FINAL,914bbe11bdcb5d4f8111662853dd03c2f431bb4a4da4c924233b953f3e9cbad7,30,education,llama,NousResearch/Meta-Llama-3.1-8B-Instruct,kazdiv,5,True,False,Дәстүрлі оқыту әдістерімен біріккен цифрлық құралдарды пайдалану оқуға әуен келтіретін.,0.8212471008300781,True,1,600,897,1497,13.358592157001112,13.368993546999263,0.0,12,12,0,11,1,11,0,4,4,6176751469170572222,0.95,1,,
Experiment_1_Kazakh_Paraphrase_Generation_FINAL,916ca837a2f78214b0d4205c2349cd437252430e6dfac47d9d0733633fdf83d1,93,news,llama,NousResearch/Meta-Llama-3.1-8B-Instruct,kazdiv,5,True,False,Ауаны бақылауға арналған бекеттерді орналастыруды жоспарлап отыр.,0.8549946546554565,True,1,599,497,1096,7.387961312000698,7.398031781998725,0.0,12,11,1,8,3,8,0,2,4,14522178582808457885,0.95,1,,
Experiment_1_Kazakh_Paraphrase_Generation_FINAL,9170d72b4fc8f35a4cfab18e99cf95506b4440a02c2bc4fd821da1f41d11bf39,61,technology,kazllm,issai/LLama-3.1-KazLLM-1.0-8B,kazdiv,3,True,False,Автоматты түрде үлкен деректер жиынынан күрделі заңдылықтарды анықтауға мүмкіндік беретін жасанды интеллект бар.,0.8876718282699585,True,1,629,825,1454,12.2853019209997,12.294198920999406,0.0,12,4,8,4,0,2,2,1,1,11555648772203644955,0.95,1,,
Experiment_1_Kazakh_Paraphrase_Generation_FINAL,91b849f1aeb3ab6954e8d2929eba78cd5a8ab4c246e89a49c6e7e72d099d4ee0,73,technology,llama,NousResearch/Meta-Llama-3.1-8B-Instruct,kazdiv,2,True,False,"Үлкен тілдік моделдер мәтінді анализдеу, құрастыру және ақпаратты өңдеу міндеттерінде кеңінен қолданылады.",0.9911581873893738,True,1,603,951,1554,14.17090071200073,14.184440822000397,0.0,13,13,0,13,0,1,12,0,0,575385061544963579,0.95,1,,
Experiment_1_Kazakh_Paraphrase_Generation_FINAL,91c9a99f42a501280eb24d6e4e184278f5cbb92e5e7e9d964dde4cb35bb7c4dd,60,science,llama,NousResearch/Meta-Llama-3.1-8B-Instruct,baseline,2,True,False,Талаптарға сай сөйлем: Зерттеу нәтижелерінің практикалық маңызын бағалау статистикалық мәнділіктен басқа да көптеген көріністермен танысуы тиіс.,0.785545825958252,True,1,485,88,573,1.3193510490000335,1.3255795589993795,0.0,1,1,0,1,0,,,,,,,,,
Experiment_1_Kazakh_Paraphrase_Generation_FINAL,91d425cf26381a3fe6d7971065eecc9efaf614c0dc97fcfedacf23e693c968d7,18,general,kazllm,issai/LLama-3.1-KazLLM-1.0-8B,baseline,3,True,False,Қарым-қатынас кезінде адамның ойын анық жеткізуі және өзгелерді мұқият тыңдауы маңызды.,0.9565809965133667,True,1,512,66,578,0.9933575579998433,0.9992832279999675,0.0,1,1,0,1,0,,,,,,,,,
Experiment_1_Kazakh_Paraphrase_Generation_FINAL,91e7a1b5c1df0b36c9ec37047439ee86a558b65b06b09e4556e31960feb5efe8,88,news,kazllm,issai/LLama-3.1-KazLLM-1.0-8B,kazdiv,1,True,False,Цифрлық сауаттылықты арттыру үшін мектептерде қосымша сабақтар кезең-кезеңімен енгізілуде.,0.9756786823272705,True,1,625,847,1472,12.617797691000305,12.62605435200021,0.0,13,4,9,3,1,2,1,0,2,5135363314466844710,0.95,1,,
Experiment_1_Kazakh_Paraphrase_Generation_FINAL,91f7084df4256cd22e5643565456641c7d5fda95f2984d48807609d497c874ce,86,news,kazllm,issai/LLama-3.1-KazLLM-1.0-8B,kazdiv,3,True,False,Қалада жол қауіпсіздігін арттыру үшін бірнеше жаяу жүргінші өткелі жаңартылды.,0.9980291128158569,True,2,1234,1922,3156,28.656208442000207,28.670545652000328,0.0,12,5,7,5,0,1,4,0,2,16191453174144974582,0.95,2,,
Experiment_1_Kazakh_Paraphrase_Generation_FINAL,92636daa457cc62b1321b2a2028d3cdae4a2fbfaaa02c0ebe9e66b4f24ffd180,63,technology,kazllm,issai/LLama-3.1-KazLLM-1.0-8B,baseline,1,True,False,Қымбат жергілікті инфрақұрылымсыз күрделі бағдарламаларды іске қосу мүмкіндігін беретін бұлттық есептеу ресурстары бар.,0.8950102925300598,True,1,517,73,590,1.1034692089997407,1.110326969000198,0.0,1,1,0,1,0,,,,,,,,,
Experiment_1_Kazakh_Paraphrase_Generation_FINAL,92892e9e0bce5e740dc6817c3ce52bc44438edf95a704b78358d5612fafd07a3,34,education,kazllm,issai/LLama-3.1-KazLLM-1.0-8B,baseline,3,True,False,Қиын тақырыптарды мысалдар арқылы түсіндіру оқушылардың жаңа ұғымдарды түсінуін жеңілдетеді.,0.9430336356163025,True,1,509,67,576,1.0088907760000438,1.0148228759999256,0.0,1,1,0,1,0,,,,,,,,,
Experiment_1_Kazakh_Paraphrase_Generation_FINAL,928e705873bead1d02cd6f5ada3d7515cb7fe76024ee7b0d4095d50ca60979a6,80,technology,llama,NousResearch/Meta-Llama-3.1-8B-Instruct,baseline,2,True,False,Қайта жазылған сөйлем: Туынды деректер нақты деректер шектеулі болғанда модельді оқыту мүмкіндігін кеңейтеді.,0.8764577507972717,True,1,474,66,540,0.9954438610002398,1.0020237209992047,0.0,1,1,0,1,0,,,,,,,,,
Experiment_1_Kazakh_Paraphrase_Generation_FINAL,92b129175dcff28ffea229ed836385e1573b98c370ab87594b7a60ae76751966,89,news,kazllm,issai/LLama-3.1-KazLLM-1.0-8B,baseline,2,True,False,Бірнеше маман еңбек нарығында деректерді талдау дағдыларына сұраныс артып келе жатқанын атап өтті.,0.9623539447784424,True,1,504,60,564,0.9060344890003762,0.9118516489998001,0.0,1,1,0,1,0,,,,,,,,,
Experiment_1_Kazakh_Paraphrase_Generation_FINAL,931b698c86ae71551db363a108f98fd765973642e184ece46bde1b1ffd655dff,95,news,kazllm,issai/LLama-3.1-KazLLM-1.0-8B,baseline,1,True,False,Жастарға арналған цифрлық дағдылар курстары қалалық кітапханаларда тегін өткізілуде.,0.9387431740760803,True,1,501,56,557,0.8482554430001983,0.8553768430001583,0.0,1,1,0,1,0,,,,,,,,,
Experiment_1_Kazakh_Paraphrase_Generation_FINAL,93602fb1b6ac515acdf8ef6f01305d5631e644e8823c54a43d3e2846231a4888,73,technology,llama,NousResearch/Meta-Llama-3.1-8B-Instruct,baseline,4,True,False,"Тілдердің үлкен моделдері ақпаратты талдау, құрастыру және өңдеу тапсырысында кеңінен қолданылады.",0.9029053449630737,True,1,485,66,551,0.9949828299995715,1.001349370000753,0.0,1,1,0,1,0,,,,,,,,,
Experiment_1_Kazakh_Paraphrase_Generation_FINAL,936902b9aec19d0ad5e778a0c7e63a35f2d8258e6b7b313e5c825dfdf5aaaafb,44,science,kazllm,issai/LLama-3.1-KazLLM-1.0-8B,kazdiv,5,True,False,Статистикалық талдау деректердегі заңдылықтарды анықтауға және гипотезаларды растауға мүмкіндік береді.,0.9880285263061523,True,1,626,856,1482,12.75081174099978,12.759931359999882,0.0,13,8,5,8,0,3,5,0,6,7168509873592528434,0.95,1,,
Experiment_1_Kazakh_Paraphrase_Generation_FINAL,936fba0adc5bfb7723c76536ef19b4b21054751c98d66f115f79aff2e75ee706,8,general,kazllm,issai/LLama-3.1-KazLLM-1.0-8B,kazdiv,5,True,False,Басқа адамдарға құрмет көрсетудің бір түрі ретінде қоғамдық орындарда ортақ ережелерді сақтау қажет,0.9175251722335815,True,2,1266,1778,3044,26.49703522999971,26.50794451999991,0.0,12,2,10,1,1,1,0,0,0,6008676755281905872,0.95,2,,
Experiment_1_Kazakh_Paraphrase_Generation_FINAL,9372b2d0628e58a3667985bb25294f33bf18b173234e819d2980da270428007b,61,technology,kazllm,issai/LLama-3.1-KazLLM-1.0-8B,kazdiv,4,True,False,Үлкен көлемдегі деректерді талдау арқылы жасанды интеллект күрделі заңдылықтарды автоматты түрде анықтай алады.,0.9025087952613831,True,2,1258,1611,2869,23.994989097999678,24.010178028000155,0.0,12,8,4,7,1,4,3,2,3,2179400449207784572,0.95,2,,
Experiment_1_Kazakh_Paraphrase_Generation_FINAL,939fc774052b27985038e5f7ae0fd57b6469e117935f3aaac6fcc699dfd03003,88,news,kazllm,issai/LLama-3.1-KazLLM-1.0-8B,kazdiv,5,True,False,Мектептерде цифрлық сауаттылықты арттыру үшін қосымша сабақтар кезең-кезеңімен енгізілуде.,0.9946146607398987,True,1,625,760,1385,11.318907836999642,11.326548145999368,0.0,12,3,9,2,1,1,1,0,2,11701870534206253178,0.95,1,,
Experiment_1_Kazakh_Paraphrase_Generation_FINAL,93b0dd3d0e85730dddcc43050beb2f8faebfa19fb9c95799b0d245a24410083d,65,technology,llama,NousResearch/Meta-Llama-3.1-8B-Instruct,baseline,4,True,False,Бағдарламалық жасақтаманы жүйелі тестілеу өнімдегі қателерді ерте анықтауға көмектеседі. Бағдарламалық жүйені сынаққа түсіру өнімдегі қателерді болашақта анықтауға көмектеседі.,0.9202042818069458,True,1,480,126,606,1.8776563620012894,1.8840559719992598,0.0,1,1,0,1,0,,,,,,,,,
Experiment_1_Kazakh_Paraphrase_Generation_FINAL,93b56dfefe5ae69480b190def37afe2449fb18075f55fb2444e6419f53f65ae0,27,education,llama,NousResearch/Meta-Llama-3.1-8B-Instruct,kazdiv,1,True,False,Бағалау критерийлеріне алдын ала түсінік берілгенде студенттер тапсырма талаптарын жақсырақ оңтайландырады.,0.9543037414550781,True,2,1186,1995,3181,29.730507211001168,29.746484379998947,0.0,13,12,1,12,0,4,8,0,9,4526247301517898462,0.95,2,,
Experiment_1_Kazakh_Paraphrase_Generation_FINAL,93dad2d9d92e5c06a7d2c991b612be054517fe3cf08c39892922ea18e5d6a747,24,education,kazllm,issai/LLama-3.1-KazLLM-1.0-8B,baseline,1,True,False,Оқушылардың өзара әрекеттесу және ортақ шешім қабылдау қабілеттерін жақсарту үшін топтық жұмыс қажет.,0.8318610191345215,True,1,499,72,571,1.081945424999958,1.0888105149999774,0.0,1,1,0,1,0,,,,,,,,,
Experiment_1_Kazakh_Paraphrase_Generation_FINAL,93f4ef53535bb31a14474dd85dd2e28aef0510349d7194cebc6d14a529e729c6,35,education,kazllm,issai/LLama-3.1-KazLLM-1.0-8B,baseline,1,True,False,Пәнаралық тапсырмалар әртүрлі салалардағы білімді бір мәселе төңірегінде біріктіруге мүмкіндік береді.,1.0,False,1,511,68,579,1.0234366350000528,1.0294318349997411,0.0,1,1,0,0,1,,,,,,,,,
Experiment_1_Kazakh_Paraphrase_Generation_FINAL,9402581be6e21f4db6f0a1840a9ed1894ddde92e6aa4d6e404e2b40bb244b8cc,74,technology,llama,NousResearch/Meta-Llama-3.1-8B-Instruct,kazdiv,4,True,False,Бағдарламалық интерфейстер жүйелердің ақпарат алмасуын автоматтандырудың құралы болып табылады.,0.8909717202186584,True,1,608,680,1288,10.120658837999144,10.129915377998259,0.0,12,9,3,9,0,8,1,5,6,10579162292847971764,0.95,1,,
Experiment_1_Kazakh_Paraphrase_Generation_FINAL,94078c16fc44a911a8ee2af56444d75d15b0940e9889fd908909ce99c0f34f3c,54,science,llama,NousResearch/Meta-Llama-3.1-8B-Instruct,kazdiv,4,True,False,Ғылыми нәтижелерді тексеру үшін ашық деректер қолайлы болып табылады.,0.8502668142318726,True,1,591,565,1156,8.39800545199978,8.407789591999972,0.0,12,12,0,12,0,9,3,0,0,3562563717596698110,0.95,1,,
Experiment_1_Kazakh_Paraphrase_Generation_FINAL,9442f220ea66dbe1218bbdf1dd213b6df40817e976ae9f5b3d7cbf18e96f84b9,16,general,llama,NousResearch/Meta-Llama-3.1-8B-Instruct,baseline,1,True,False,Қоғамға пайда әкелумен қатар адамның әлеуметтік тәжірибесін кеңейтеді.,0.8949402570724487,True,1,482,53,535,0.803519952998613,0.8096191830009047,0.0,1,1,0,1,0,,,,,,,,,
Experiment_1_Kazakh_Paraphrase_Generation_FINAL,9452ccc016885c1eea9771c34a7e85e9ea64a331a5598f25cb3616911ef0fd09,2,general,llama,NousResearch/Meta-Llama-3.1-8B-Instruct,kazdiv,5,True,False,Адамдар маңызды шешім қабылдағанда қолда бар ақпараттың дұрыстығын мұқият тексеру керек.,0.9355719089508057,True,1,585,640,1225,9.518430359999911,9.52759845899891,0.0,12,12,0,12,0,5,7,1,1,2694973301187753037,0.95,1,,
Experiment_1_Kazakh_Paraphrase_Generation_FINAL,946ab9a3828ff397294e305f7c7117aa62106bd4e769f750142d32cd4d3537dc,19,general,kazllm,issai/LLama-3.1-KazLLM-1.0-8B,kazdiv,5,True,False,Қоғамның тарихи жадын сақтаудың бір жолы - жергілікті мәдени дәстүрлерді сақтау.,0.8465608358383179,True,1,624,858,1482,12.783419909000031,12.792355867999959,0.0,12,9,3,9,0,5,4,4,8,11632414507545234376,0.95,1,,
Experiment_1_Kazakh_Paraphrase_Generation_FINAL,94722464677e3c579da6a7d4be25f2ef04d634338f423ebdbe2e4f9993f6e0ce,97,news,kazllm,issai/LLama-3.1-KazLLM-1.0-8B,baseline,5,True,False,"Мамандардың пікірінше, жаңа экологиялық жобаның мақсаты – қалдықтарды сұрыптау мәдениетін дамыту.",0.9110708236694336,True,1,507,62,569,0.9353092419996756,0.9414516019996881,0.0,1,1,0,1,0,,,,,,,,,
Experiment_1_Kazakh_Paraphrase_Generation_FINAL,949238a8dc3d5823d7ee2847dc7794a0a420c1c392e6b6fb9c5f2286bdbf9468,11,general,llama,NousResearch/Meta-Llama-3.1-8B-Instruct,kazdiv,5,True,False,Қаржыны алдын ала жоспарлау қажетсіз шығындарды азайтқышылыққа көмектеседі.,0.989980161190033,True,1,583,672,1255,9.998906155999066,10.008110745000522,0.0,13,10,3,10,0,5,5,0,0,2422638578995077405,0.95,1,,
Experiment_1_Kazakh_Paraphrase_Generation_FINAL,94c1e216709d66398af35ea777e964cd94e4d8f1d3438c1332bee2be6c8adc4c,85,news,kazllm,issai/LLama-3.1-KazLLM-1.0-8B,kazdiv,1,True,False,Зерттеушілер өндірістік процестерді талдауға арналған цифрлық платформаны ұсынды,0.8880956172943115,True,1,619,591,1210,8.801802116000545,8.810407865999878,0.0,12,5,7,5,0,1,4,0,0,3896597501842555891,0.95,1,,
Experiment_1_Kazakh_Paraphrase_Generation_FINAL,94e93bc7d5ba4f0276132e0661b64a9a4fa9e59e27dd9d276996b459796d20d1,40,education,llama,NousResearch/Meta-Llama-3.1-8B-Instruct,baseline,1,True,False,Сөйлемді қайта жазу: Білім беру ортасы әрбір оқушының оқу әрекетінде тең құқыққа ие етеді.,0.7591608762741089,True,1,479,71,550,1.0679301920008584,1.07463306200043,0.0,1,1,0,1,0,,,,,,,,,
Experiment_1_Kazakh_Paraphrase_Generation_FINAL,953aa281cfd8cc97452d4a721cc9f3c22ee0648eebfa5b6b7addfcb9337502e0,69,technology,kazllm,issai/LLama-3.1-KazLLM-1.0-8B,baseline,5,True,False,Компьютерлік көру алгоритмдері кескіндердегі нысандарды автоматты түрде анықтау үшін қолданылады.,0.9786959886550903,True,1,496,55,551,0.8323557250005251,0.834097324999675,0.0,1,1,0,1,0,,,,,,,,,
Experiment_1_Kazakh_Paraphrase_Generation_FINAL,9548fe443cef9b07450c626437537e1d49b5118025b2b3a7fc259e5c228bfcf9,23,education,llama,NousResearch/Meta-Llama-3.1-8B-Instruct,baseline,5,True,False,"Қайта жазылған сөйлем: Оқытушының уақтылы кері байланысы студентті өз қателерін түсініп, нәтижесін жақсартуға көмектеседі.",0.9468861222267151,True,1,487,85,572,1.2741631760000018,1.276005895999333,0.0,1,1,0,1,0,,,,,,,,,
Experiment_1_Kazakh_Paraphrase_Generation_FINAL,954f0dc100281e6625b0fb9cdd932c7c3480a2e7440aadf3f75e57676ccd4d1b,74,technology,kazllm,issai/LLama-3.1-KazLLM-1.0-8B,baseline,3,True,False,Түрлі ақпараттық жүйелер арасында деректерді автоматты түрде алмасуға мүмкіндік беретін бағдарламалық интерфейстер бар.,0.8899655342102051,True,1,515,69,584,1.0443632440001238,1.0503188239999872,0.0,1,1,0,1,0,,,,,,,,,
Experiment_1_Kazakh_Paraphrase_Generation_FINAL,955a27046111ded651d50f0c9f0cc8b21720ff1171755acaba420f1af4b329a3,35,education,llama,NousResearch/Meta-Llama-3.1-8B-Instruct,kazdiv,3,True,False,Пәнаралық тапсырмалар білімді біртұтас білімге айналдыруға көмектеседі.,0.8882743120193481,True,1,604,588,1192,8.74531784699866,8.754503337000642,0.0,12,12,0,9,3,9,0,5,7,8313704208479400383,0.95,1,,
Experiment_1_Kazakh_Paraphrase_Generation_FINAL,957770ede30181c47642aeb5df616faaacac8e51145756fa0df9e9b7c70ea5d8,1,general,kazllm,issai/LLama-3.1-KazLLM-1.0-8B,baseline,3,True,False,Күнделікті өмірде дұрыс жоспарлау уақытты тиімді пайдалануға көмектеседі.,1.0,False,1,493,50,543,0.7588762500000712,0.7607973199999378,0.0,1,1,0,0,1,,,,,,,,,
Experiment_1_Kazakh_Paraphrase_Generation_FINAL,95c156ed4dd690f673da7e874b4dba9465142c5b719b311edb9a5391b336cdef,87,news,llama,NousResearch/Meta-Llama-3.1-8B-Instruct,baseline,1,True,False,Біздің жұмыстың аяғында қазақстандық бизнестің ортаңқы мен шағын бизнесті қолдау үшін оқыту бағдарламасы іске қосылды.,0.7980154752731323,True,1,479,85,564,1.275052308999875,1.2821145590005472,0.0,1,1,0,1,0,,,,,,,,,
Experiment_1_Kazakh_Paraphrase_Generation_FINAL,95e9cfa54e2d2e37487b4fd930ebe9db1a29e7671b4a3d5565a71532e6cd95b1,82,news,kazllm,issai/LLama-3.1-KazLLM-1.0-8B,kazdiv,3,True,False,"Өңірде жаңа білім беру орталығы ашылып, оқушыларға технологиялық курстар ұсыныла бастады.",0.9880143404006958,True,2,1244,1898,3142,28.28547114599951,28.29604255600043,0.0,12,3,9,2,1,1,1,0,2,9251070231897369031,0.95,2,,
Experiment_1_Kazakh_Paraphrase_Generation_FINAL,95fca1033504fc081720bbc3ffb020e561caded9d97422bb26347d43b997fabc,8,general,kazllm,issai/LLama-3.1-KazLLM-1.0-8B,baseline,2,True,False,Қоғамдық орындарда ортақ ережелерді сақтау басқа адамдарға құрмет көрсетудің бір түрі болып саналады.,1.0,False,1,515,72,587,1.0896584040001471,1.0914791539998987,0.0,1,1,0,0,1,,,,,,,,,
Experiment_1_Kazakh_Paraphrase_Generation_FINAL,962b4f513cd396485c868ed292a768028ee36770a29f9c192ed433cd1e963025,55,science,kazllm,issai/LLama-3.1-KazLLM-1.0-8B,kazdiv,3,True,False,Зерттеушілер әдістерді таңдағанда оның шектеулерімен қатар артықшылықтарын да ескеруі қажет.,0.9882333278656006,True,1,616,705,1321,10.497440090000055,10.506010888999299,0.0,12,5,7,5,0,1,4,0,3,17224320332908494211,0.95,1,,
Experiment_1_Kazakh_Paraphrase_Generation_FINAL,965d4a5de60aa9d92f9b29c93ee282bfffe9c6cbc42656ef304ba5074a482f9d,13,general,kazllm,issai/LLama-3.1-KazLLM-1.0-8B,kazdiv,3,True,False,Жұмыстың сапасын жақсартуға кері байланыс уақытында берілген,0.8873591423034668,True,2,1224,570,1794,8.497617669999954,8.50592770000003,0.0,12,1,11,1,0,1,0,0,0,3396899185955479116,0.95,2,,
Experiment_1_Kazakh_Paraphrase_Generation_FINAL,9663cba3aa09fa4a78fc14c42163c06e45212b551da1a77a8463182fed8d576e,3,general,kazllm,issai/LLama-3.1-KazLLM-1.0-8B,kazdiv,4,True,False,Адамдар арасындағы сенім қоғамдағы байланысты күшейтеді.,0.948819637298584,True,1,617,499,1116,7.420032438999897,7.428321309000239,0.0,12,4,8,4,0,1,3,0,0,16251032861429882442,0.95,1,,
Experiment_1_Kazakh_Paraphrase_Generation_FINAL,9686ad1e91c1bd607e3157a477567f490547062ba263ae7d33d52fe5480f085f,24,education,kazllm,issai/LLama-3.1-KazLLM-1.0-8B,kazdiv,2,True,False,Топтық жұмыс арқылы студенттер пікір алмасу және бірлесіп шешім қабылдау дағдыларын дамыта алады.,0.9538608193397522,True,1,617,733,1350,10.913334321000093,10.922233751000022,0.0,12,8,4,8,0,5,3,2,2,3668460283577695103,0.95,1,,
Experiment_1_Kazakh_Paraphrase_Generation_FINAL,968904eb6374d5a2c18dfb977782f1317a965d5c28f16fbf77adcb60d411a2a7,52,science,kazllm,issai/LLama-3.1-KazLLM-1.0-8B,baseline,5,True,False,Зерттеу нәтижелерін визуализациялау күрделі байланыстарды түсіндіруді жеңілдетеді.,0.9999999403953552,False,1,492,49,541,0.7444578699996782,0.746276470000339,0.0,1,1,0,0,1,,,,,,,,,
Experiment_1_Kazakh_Paraphrase_Generation_FINAL,969d6d396ad7e550481c789434e3fec2a1e85ff19808ea4cbcad6229d62a9b74,58,science,kazllm,issai/LLama-3.1-KazLLM-1.0-8B,kazdiv,5,True,False,Екі айнымалы арасындағы байланысты көрсететін корреляция себеп-салдар қатынасын өздігінен дәлелдемейді.,0.9482479691505432,True,1,625,787,1412,11.723280207000244,11.730537356999776,0.0,12,2,10,2,0,1,1,0,0,11985290578481413857,0.95,1,,
Experiment_1_Kazakh_Paraphrase_Generation_FINAL,96b570a90067ab71bf50be9aaa27b04e35d5d25742c376c2e9d059c715aacf0f,51,science,kazllm,issai/LLama-3.1-KazLLM-1.0-8B,baseline,2,True,False,Деректерді алдын ала өңдеу кезінде қателер мен жетіспейтін мәндерді дұрыс анықтау қажет.,0.9737311601638794,True,1,502,57,559,0.8614084199998615,0.8672273299998778,0.0,1,1,0,1,0,,,,,,,,,
Experiment_1_Kazakh_Paraphrase_Generation_FINAL,96d4e7ff8c7b3b590a851936f1725fd0a1483587d5c8eb71240f17da3008ec3d,22,education,llama,NousResearch/Meta-Llama-3.1-8B-Instruct,baseline,5,True,False,Бастапқы сөйлемді ауыстырушы сөйлем: Студенттердің оқу материалына қызығушылығын арттырғыш сабақ барысында белсенді тапсырмаларды қолдану.,0.8048965930938721,True,1,477,86,563,1.2897565060011402,1.296270116001324,0.0,1,1,0,1,0,,,,,,,,,
Experiment_1_Kazakh_Paraphrase_Generation_FINAL,96f74dbc7db9bfd8573067b76aa35b9429de387f3cb663e68977c35f3cac6154,45,science,kazllm,issai/LLama-3.1-KazLLM-1.0-8B,kazdiv,1,True,False,"Зерттеу нәтижелеріне сүйеніп, ғылыми тұжырымдама бастапқы сұраққа нақты жауап беруі керек.",0.9310634136199951,True,1,620,769,1389,11.458776046999901,11.470675887000198,0.0,12,6,6,6,0,2,4,0,0,17897046536670920560,0.95,1,,
Experiment_1_Kazakh_Paraphrase_Generation_FINAL,9740ec266d29870721cde91459545eb8a3276e3575a2106e608b63d1d3b555ce,86,news,kazllm,issai/LLama-3.1-KazLLM-1.0-8B,kazdiv,5,True,False,Қалада жол қауіпсіздігін арттыру мақсатында бірнеше жаяу жүргінші өткелдері жаңартылды.,0.9829574823379517,True,1,617,692,1309,10.308046628999364,10.317233968000437,0.0,12,11,1,11,0,1,10,0,0,7587819372546035078,0.95,1,,
Experiment_1_Kazakh_Paraphrase_Generation_FINAL,9759d0820543bfddb2c2eaa7bacfae4de88150ae40bb3fac154b918d3dbd25e6,36,education,kazllm,issai/LLama-3.1-KazLLM-1.0-8B,kazdiv,1,True,False,Оқу мақсаттары белгіленген жағдайда сабақ мазмұны мен бағалау тәсілдерін үйлестіру оңайырақ болады.,0.9808018803596497,True,1,634,884,1518,13.16710404000014,13.175763579999966,0.0,12,5,7,4,1,1,3,0,1,17592615390157987963,0.95,1,,
Experiment_1_Kazakh_Paraphrase_Generation_FINAL,97f89e4a5373db897fe404af5a817c4b4d03c9779ba19c33ab991637c0b338f7,84,news,llama,NousResearch/Meta-Llama-3.1-8B-Instruct,baseline,4,True,False,Кәсіпкерлерге арналған жаңа қолдау бағдарламасының шарттары кездесуде аталды.,0.8822047114372253,True,1,478,50,528,0.7594903839999461,0.7660342839990335,0.0,1,1,0,1,0,,,,,,,,,
Experiment_1_Kazakh_Paraphrase_Generation_FINAL,981232db3656559c5a3f61cd1c2acb58e46e9e3578a89d8370783f1c7a408734,47,science,kazllm,issai/LLama-3.1-KazLLM-1.0-8B,baseline,4,True,False,Ауқымды деректер жиыны бірнеше көрсеткіш бойынша күрделі құбылыстарды талдауға мүмкіндік береді.,0.9287739992141724,True,1,510,64,574,0.9652384890000576,0.9710231189997103,0.0,1,1,0,1,0,,,,,,,,,
Experiment_1_Kazakh_Paraphrase_Generation_FINAL,982435f476997652c7b2e868c2668bb397be1989eaaf7f0009992710dcff19eb,100,news,llama,NousResearch/Meta-Llama-3.1-8B-Instruct,kazdiv,3,True,False,Өңірде қоғамдық кеңістіктерді жаңарту келесі кезеңде өңірде жұмыстар жүргізілетін кеңістіктер бірнеше ауданға кеңейтіледі.,0.9191411733627319,True,1,606,853,1459,12.705708532999779,12.715333673000714,0.0,12,11,1,11,0,5,6,4,10,1791609695616186351,0.95,1,,
Experiment_1_Kazakh_Paraphrase_Generation_FINAL,98249f5ca9975f6853226bf9ce3d1ca02fffec13e90eace00efeaee668d690da,99,news,llama,NousResearch/Meta-Llama-3.1-8B-Instruct,kazdiv,3,True,False,"Технологиялық көрмеде отандық әзірлеушілер білім беру мен медицина саласына арналған цифрлық шешімдерді көрсетті, бірақ олар ойындармен көп көп күш салды.",0.8885085582733154,True,1,604,917,1521,13.670636111999556,13.681263932001457,0.0,12,11,1,11,0,3,8,2,10,13658752501375197260,0.95,1,,
Experiment_1_Kazakh_Paraphrase_Generation_FINAL,983cbcb50e8fc5b3181b07d1246afd4c3ff0f902d21bca8acc3ec827d08c80a7,27,education,kazllm,issai/LLama-3.1-KazLLM-1.0-8B,kazdiv,1,True,False,Бағалау критерийлері алдын ала түсіндірілген жағдайда студенттер тапсырманың талаптарын жақсырақ түсінеді.,0.9943945407867432,True,1,618,790,1408,11.76494635600011,11.773259025999778,0.0,12,5,7,5,0,1,4,0,4,4756084397383900224,0.95,1,,
Experiment_1_Kazakh_Paraphrase_Generation_FINAL,985dd9a7f0dcaaf70d8216ae4c701817b9271492fcb44914c47cfb635fed3a7a,99,news,llama,NousResearch/Meta-Llama-3.1-8B-Instruct,baseline,3,True,False,Отандық әзірлеушілер технологиялық көрмеде білім беру мен медицинаға арналған бірнеше цифрлық шешімді таныстырды.,0.9741965532302856,True,1,486,66,552,0.9967617819984298,1.003190732000803,0.0,1,1,0,1,0,,,,,,,,,
Experiment_1_Kazakh_Paraphrase_Generation_FINAL,987489b8aae60dc7cec3139c42153360be98f9e3e673f6cfce1f96c0223e4b1e,38,education,kazllm,issai/LLama-3.1-KazLLM-1.0-8B,kazdiv,4,True,False,Теориялық заңдылықтарды тәжірибе арқылы тексеруге мүмкіндік беретін зертханалық жұмыстар,0.8904663324356079,True,1,615,684,1299,10.184151633000056,10.1923168229996,0.0,12,3,9,2,1,1,1,0,2,16697159947038587858,0.95,1,,
Experiment_1_Kazakh_Paraphrase_Generation_FINAL,98989811d6a765ce1289fc35b83db8388a95d7bb0e18595d17d404edd13a3dae,23,education,kazllm,issai/LLama-3.1-KazLLM-1.0-8B,kazdiv,3,True,False,Оқытушының уақытылы кері байланысы студенттің қателерін түсінуіне және нәтижесін жақсартуға көмектеседі,0.9325681924819946,True,1,630,887,1517,13.21664824200002,13.225183631999926,0.0,12,4,8,4,0,1,3,0,2,4922761768512582074,0.95,1,,
Experiment_1_Kazakh_Paraphrase_Generation_FINAL,98b5e1f66c9436694c7ed9b84ebebaf149f3f59904af9ea84d107aa51f0433e9,7,general,kazllm,issai/LLama-3.1-KazLLM-1.0-8B,kazdiv,4,True,False,Дұрыс тамақтану мен физикалық белсенділік күнделікті өмір сүру сапасын жақсартады.,0.9086530208587646,True,1,614,730,1344,10.865585573000317,10.874414441999761,0.0,13,6,7,6,0,2,4,1,2,393756426461549860,0.95,1,,
Experiment_1_Kazakh_Paraphrase_Generation_FINAL,98c28c4622e521bc49dded33ae404cb52770b16ad49b0089b29edb937df1fd65,15,general,kazllm,issai/LLama-3.1-KazLLM-1.0-8B,baseline,1,True,False,"Қаладағы адамдар белсенді өмір салтын ұстанады, бұл жаяу жүргіншілерге қолайлы.",0.9064147472381592,True,1,499,50,549,0.7580622840000615,0.7647762839999359,0.0,1,1,0,1,0,,,,,,,,,
Experiment_1_Kazakh_Paraphrase_Generation_FINAL,98d458f6bc5f410bea5d47c7085a9284ae64818621d6878e63018ae9389845ac,16,general,kazllm,issai/LLama-3.1-KazLLM-1.0-8B,kazdiv,3,True,False,"Еріктілік қызметі қоғамға пайда әкелетін қызмет болса да, адамның әлеуметтік тәжірибесін кеңейтеді.",0.972010612487793,True,1,625,917,1542,13.661280231000092,13.669484941000064,0.0,13,3,10,3,0,1,2,0,1,3292696697882463918,0.95,1,,
Experiment_1_Kazakh_Paraphrase_Generation_FINAL,98fb99b9e42249a38e1cfa085dbc129b08924b2d0595ea0abdddf0e81e72f0c9,86,news,kazllm,issai/LLama-3.1-KazLLM-1.0-8B,kazdiv,1,True,False,Қалада жол қауіпсіздігін арттыру мақсатында бірнеше жаяу жүргіншілер өткелдері жаңартылды.,0.9801617860794067,True,2,1234,1997,3231,29.77831346900075,29.789800388999538,0.0,12,6,6,6,0,1,5,0,5,4994117702557203741,0.95,2,,
Experiment_1_Kazakh_Paraphrase_Generation_FINAL,99670d34f2fc5846330b83dacde73ae8d227d6a9fe44f13123ef942d503fa3cd,64,technology,llama,NousResearch/Meta-Llama-3.1-8B-Instruct,baseline,2,True,False,Қорғауға бағытталған.,0.5949020385742188,False,1,486,20,506,0.3170020569996268,0.3230258469993714,0.0,1,1,0,0,1,,,,,,,,,
Experiment_1_Kazakh_Paraphrase_Generation_FINAL,99770a2a47e58e77894062a15c78c796c83459474c30d5946643f14f8ec1191e,5,general,llama,NousResearch/Meta-Llama-3.1-8B-Instruct,kazdiv,2,True,False,Әрбір адамның жауапкершілігімен басталатын таза ортаны сақтау.,0.9494544267654419,True,1,579,496,1075,7.372964329999377,7.382032929999696,0.0,12,10,2,10,0,6,4,3,3,1336869671561801755,0.95,1,,
Experiment_1_Kazakh_Paraphrase_Generation_FINAL,999ed00ffff3d5d0453dcd8d47c3443a0a1d02aadcdc9a86c18a94f77a54a7ba,96,news,llama,NousResearch/Meta-Llama-3.1-8B-Instruct,baseline,5,True,False,"Қайта жазылған сөйлем: Өндіріс әрекетін автоматтандыру арқылы өндіріс жаңалықтарын іске қосып, өндіріс тиімділігін арттыруды көздеп отыр.",0.8098407983779907,True,1,482,91,573,1.3635088289993291,1.3703564089992142,0.0,1,1,0,1,0,,,,,,,,,
Experiment_1_Kazakh_Paraphrase_Generation_FINAL,99a5877b33d3e9a56ebc1ce2468d255a62b797d0b85781d4aa027dcfb3b949b8,74,technology,kazllm,issai/LLama-3.1-KazLLM-1.0-8B,kazdiv,1,True,False,Бағдарламалық интерфейстер әртүрлі ақпараттық жүйелер арасында дерек алмасуды автоматтандыруға көмектеседі.,0.9869140386581421,True,2,1266,2042,3308,30.440310578998833,30.452842978999797,0.0,12,10,2,9,1,1,8,0,2,15860137598202266694,0.95,2,,
Experiment_1_Kazakh_Paraphrase_Generation_FINAL,99b214683b9ac5efaf4fd5c0c1d975172e7067e7455e4aa2426a3fdf133d82ff,85,news,llama,NousResearch/Meta-Llama-3.1-8B-Instruct,baseline,5,True,False,Ғылыми-зерттеу орталығындағы ғалымдар өндірістік үдерістерді талдауға арналған жаңа цифрлық құралды жасап шықты.,0.8525569438934326,True,1,476,79,555,1.1862118700009887,1.1926739399987127,0.0,1,1,0,1,0,,,,,,,,,
Experiment_1_Kazakh_Paraphrase_Generation_FINAL,9a0ed1c9a371c94b8589e6e46349e9cbdf97b2aae2635cabf58d417a9952ab30,5,general,llama,NousResearch/Meta-Llama-3.1-8B-Instruct,baseline,5,True,False,Қоршаған ортаны таза ұстау әр адамның жауапкершілігінен басталады. Қоршаған ортаны сақтау әр адамның әкімшілік жауапкершілігінен басталады.,0.9065189361572266,True,1,461,93,554,1.3927862890013785,1.3989427589986008,0.0,1,1,0,1,0,,,,,,,,,
Experiment_1_Kazakh_Paraphrase_Generation_FINAL,9a3f9930167a774891dd8fe95dd0ec5e3444cfb3ea7da35c1f48f84c48a71581,74,technology,llama,NousResearch/Meta-Llama-3.1-8B-Instruct,baseline,5,True,False,Бағдарламалық интерфейстер әртүрлі ақпараттық жүйелер арасында деректерді автоматты түрде алмасуға көмектеседі.,0.9831535816192627,True,1,490,71,561,1.0682368809993932,1.074518140998407,0.0,1,1,0,1,0,,,,,,,,,
Experiment_1_Kazakh_Paraphrase_Generation_FINAL,9a801a38c798916ac30ff6cb315c262b0938fba10419b3fc3de85112d3510a90,27,education,kazllm,issai/LLama-3.1-KazLLM-1.0-8B,baseline,5,True,False,Студенттер тапсырма талаптарын бағалау критерийлері алдын ала түсіндірілген кезде жақсырақ түсінеді.,0.9718595743179321,True,1,500,59,559,0.891105214000163,0.8967732139999498,0.0,1,1,0,1,0,,,,,,,,,
Experiment_1_Kazakh_Paraphrase_Generation_FINAL,9ab40f95a19b9ca3e38ccceb00d0bdfdc598ab46e42e4afd6c1b90ebe0686bbe,76,technology,llama,NousResearch/Meta-Llama-3.1-8B-Instruct,baseline,4,True,False,"Күрделі үлгілерді үйреніп, өзара байланысқан көптеген есептеу қабаттарын пайдаланғанда нейрондық желілер.",0.8770071864128113,True,1,488,69,557,1.0392016109999531,1.045513581000705,0.0,1,1,0,1,0,,,,,,,,,
Experiment_1_Kazakh_Paraphrase_Generation_FINAL,9abd7c9641856773eca071a53ba0f8f97cb13238aa3d72fd1eda5a16a3c88cd6,20,general,llama,NousResearch/Meta-Llama-3.1-8B-Instruct,kazdiv,3,True,False,"Қиын мәселені шағын қадамдарға бөлуге болады, осылайша шешу ісін азайтуға мүмкіндік туады.",0.8651418089866638,True,1,588,879,1467,13.091395168999952,13.101230328999009,0.0,13,13,0,13,0,9,4,4,5,12280989775142510992,0.95,1,,
Experiment_1_Kazakh_Paraphrase_Generation_FINAL,9ae3b10360743d283f64ccbb7501505d5dc926e38f824f100a6d8fc8ee2dc42f,47,science,llama,NousResearch/Meta-Llama-3.1-8B-Instruct,kazdiv,4,True,False,Ортақ дәлелдер мен мағлұматтардың бірігуінен жиынтық күрделі құбылыстарды әртүрлі көрсеткіштер бойынша талдауға мүмкіндік туғызады.,0.8119649887084961,True,1,603,957,1560,14.252320055000382,14.261932564000745,0.0,13,11,2,11,0,6,5,2,2,17015118775731038512,0.95,1,,
Experiment_1_Kazakh_Paraphrase_Generation_FINAL,9af1ff85d6b7d2cb653be552ec69e57bf3e0d9c942622142cd1b4ab6edd7041a,11,general,kazllm,issai/LLama-3.1-KazLLM-1.0-8B,baseline,5,True,False,Алдын ала қаржыландырудан бұрын жоспарлау қажетсіз шығындарды азайтуға көмектеседі.,0.950185239315033,True,1,490,56,546,0.8469508160000032,0.8526537359999793,0.0,1,1,0,1,0,,,,,,,,,
Experiment_1_Kazakh_Paraphrase_Generation_FINAL,9b1f318728bff89ba6801d5e055cfe07774716bb484b156388a447b65f2a0c19,59,science,kazllm,issai/LLama-3.1-KazLLM-1.0-8B,kazdiv,1,True,False,Эксперименттік әсердің басқа ықтимал факторлардан ажыратылуында бақылау тобы маңызды рөл атқарады.,0.8608605861663818,True,1,612,782,1394,11.644617638000454,11.653431468000235,0.0,13,7,6,7,0,4,3,2,4,8106389483338302994,0.95,1,,
Experiment_1_Kazakh_Paraphrase_Generation_FINAL,9b249e2846b487b2f1aacad704c4db3960ca3e0e41c6df09bf2d696deb7c8253,85,news,llama,NousResearch/Meta-Llama-3.1-8B-Instruct,kazdiv,1,True,False,Университет зерттеушілері өндірістік процестерді талдауға арналған жаңа цифрлық үлгіге көше берді.,0.9080976843833923,True,1,594,709,1303,10.555542045000038,10.566596135000509,0.0,12,12,0,12,0,4,8,3,4,4162016058347989584,0.95,1,,
Experiment_1_Kazakh_Paraphrase_Generation_FINAL,9b2ab6e6dce12e5caeab6748f2157f49b2087c1b6d83ce6384e17e90de37e830,20,general,llama,NousResearch/Meta-Llama-3.1-8B-Instruct,baseline,2,True,False,"Қиындыққа күресуді бірнеше кішкентай қадамға бөлуге болады, сондықтан оны шешу ісін жеңілдетеді.",0.8828892707824707,True,1,470,65,535,0.9802421120002691,0.9865847109995229,0.0,1,1,0,1,0,,,,,,,,,
Experiment_1_Kazakh_Paraphrase_Generation_FINAL,9b6949b168e08f1d42602a06c6aa6c653abcdbf48978bb355027bb7b0ccbf825,20,general,kazllm,issai/LLama-3.1-KazLLM-1.0-8B,kazdiv,2,True,False,Қиын мәселені шешу үдерісін жеңілдету үшін оны бірнеше шағын қадамдарға бөліңіз.,0.8772573471069336,True,1,613,746,1359,11.10687469000004,11.113853588999973,0.0,12,1,11,1,0,1,0,0,0,13864219484672740333,0.95,1,,
Experiment_1_Kazakh_Paraphrase_Generation_FINAL,9bc3c1e15e9c2996723ee4a091b98dcb246f3bf83c5e3d1d1f055b088e4c3a57,89,news,llama,NousResearch/Meta-Llama-3.1-8B-Instruct,baseline,3,True,False,Қазір сарапшылар еңбек нарығында деректерді талдау дағдыларына сұраныс өсті.,0.9209073781967163,True,1,479,49,528,0.7447822040012397,0.7510342839996156,0.0,1,1,0,1,0,,,,,,,,,
Experiment_1_Kazakh_Paraphrase_Generation_FINAL,9c04f23149616c5cb68812dc53878a28bcedb74cf0a49483083e94646c488346,50,science,llama,NousResearch/Meta-Llama-3.1-8B-Instruct,baseline,4,True,False,Тәжірибені қайталау көп реттеніп кездейсоқ ауытқулардың қорытындыға әсері төмендейді.,0.9452778100967407,True,1,476,60,536,0.9062546130007831,0.9123778129996936,0.0,1,1,0,1,0,,,,,,,,,
Experiment_1_Kazakh_Paraphrase_Generation_FINAL,9c0ffe3ac89da3ec8abc0842d6284039b4de881509f5624a33dc831972ac01c8,1,general,llama,NousResearch/Meta-Llama-3.1-8B-Instruct,baseline,4,True,False,"Тапсырманың бірінші бөлігінде келтірілген сөйлемді қазақ тілінің грамматикалық және орфографиялық нормаларын сақтаған және 7-тапсырманың талаптарын шектеулі мән-мағынасында орындаған жағдайда, мына сөйлемді жазуға болады: Күнделікті өмірде дұрыс жоспарлау – уақытты тиімді пайдалануға көмектеседі.",0.7679116725921631,False,1,468,193,661,2.864794234999863,2.8716469850005524,0.0,1,1,0,0,1,,,,,,,,,
Experiment_1_Kazakh_Paraphrase_Generation_FINAL,9c246811fe2fb56fabe3894179688c2c911bb2bb0a0d11cfd4e018e9356ba19c,67,technology,llama,NousResearch/Meta-Llama-3.1-8B-Instruct,baseline,1,True,False,Деректерді шифрлау ақпаратты үшінші тұлғалардың оқуынан қорғаудың бірден-бір тәсілі болып табылады.,0.8973987102508545,True,1,497,67,564,1.009386159999849,1.015987930000847,0.0,1,1,0,1,0,,,,,,,,,
Experiment_1_Kazakh_Paraphrase_Generation_FINAL,9c594ae701cc933ca07534a1c61ee92d5e4f4b8365c7196e36e97e92d98dcecc,69,technology,llama,NousResearch/Meta-Llama-3.1-8B-Instruct,baseline,1,True,False,Қайта жазылған сөйлем: Кескіндерден нысандарды анықтауға арналған компьютерлік көру алгоритмдері қолданылады.,0.8442721366882324,True,1,471,65,536,0.9806123009984731,0.9869663509998645,0.0,1,1,0,1,0,,,,,,,,,
Experiment_1_Kazakh_Paraphrase_Generation_FINAL,9c7e2e8e589521d60f8e06e015eaa82b38c51084953833983b865dd9793f1f79,31,education,llama,NousResearch/Meta-Llama-3.1-8B-Instruct,baseline,3,True,False,Денсаулық сақтау білімінің нәтижелерінің сенімділігін қамтамасыз ету үшін академиялық адалдыққа сәйкес қағидаларды сақтау керек.,0.8673745393753052,True,1,481,89,570,1.3333609760011313,1.3395221159989887,0.0,1,1,0,1,0,,,,,,,,,
Experiment_1_Kazakh_Paraphrase_Generation_FINAL,9c7f8292cdfa02e5f2987dab17a2ccd0d172ab69d6d32f73c0a7d434cef26440,17,general,kazllm,issai/LLama-3.1-KazLLM-1.0-8B,baseline,4,True,False,Жұмыс пен демалудың арасында тепе-теңдікті қалыптастыру үшін күн тәртібін сақтау қажет.,0.9019389152526855,True,1,506,60,566,0.9053136770000947,0.9112395479999122,0.0,1,1,0,1,0,,,,,,,,,
Experiment_1_Kazakh_Paraphrase_Generation_FINAL,9d17493704b0e94f4967ecb24de5725f102e7e49045e25555babd830c39902e8,32,education,llama,NousResearch/Meta-Llama-3.1-8B-Instruct,kazdiv,3,True,False,Студенттердің өз жұмысын қорғауы өз тақырыптарынан өткенін көрсетеді.,0.7794514894485474,True,1,608,553,1161,8.225295491998622,8.234294621999652,0.0,13,9,4,2,7,2,0,0,0,1543342600575670675,0.95,1,,
Experiment_1_Kazakh_Paraphrase_Generation_FINAL,9d569179ae808019366f53c05d8826ea06f37a64c76750c7a62a54ee74fe9563,60,science,kazllm,issai/LLama-3.1-KazLLM-1.0-8B,baseline,3,True,False,Зерттеу нәтижелерінің практикалық маңызын бағалау статистикалық мәнділікті түсіндірумен ғана шектелмеуі тиіс.,1.0,False,1,510,67,577,1.0093023800000083,1.0110279399996216,0.0,1,1,0,0,1,,,,,,,,,
Experiment_1_Kazakh_Paraphrase_Generation_FINAL,9d79d3c05f5a4903ae016059c4d7e90731bb4d73946fb5ef878cf2d25dc89549,73,technology,kazllm,issai/LLama-3.1-KazLLM-1.0-8B,kazdiv,5,True,False,"Үлкен тілдік модельдер мәтінді талдау, құрастыру және ақпаратты өңдеу міндеттерінде қолданылады.",0.9885645508766174,True,1,628,723,1351,10.769357402999958,10.778469543000028,0.0,12,5,7,5,0,1,4,0,3,1786866285929394927,0.95,1,,
Experiment_1_Kazakh_Paraphrase_Generation_FINAL,9d87b4d6bc84d65cc4b15ab39ab69fc0a90ddd4f39f406d8d3e70f8cf2823589,100,news,kazllm,issai/LLama-3.1-KazLLM-1.0-8B,baseline,5,True,False,Әкімшілік орталықтарды қайта құру жұмыстары келесі кезеңде бірнеше ауданға кеңейтіледі.,0.8962914347648621,True,1,513,61,574,0.9267026149999538,0.9325361749999956,0.0,1,1,0,1,0,,,,,,,,,
Experiment_1_Kazakh_Paraphrase_Generation_FINAL,9d8a81592f3c2a96301ab355a88f14ad64a59e64d03d4b737274cf68decdf20c,47,science,kazllm,issai/LLama-3.1-KazLLM-1.0-8B,kazdiv,3,True,False,Деректердің үлкен жиынтығы күрделі құбылыстарды талдауға мүмкіндік береді.,0.8782467246055603,True,1,628,541,1169,8.057581155999742,8.066095816000143,0.0,12,6,6,5,1,5,0,2,3,7015424671266432290,0.95,1,,
Experiment_1_Kazakh_Paraphrase_Generation_FINAL,9d8b82f91ee8ae316e3e4fefaf1d789de9c1ef7843d894dc1d37d76d8395d406,72,technology,kazllm,issai/LLama-3.1-KazLLM-1.0-8B,kazdiv,5,True,False,Модельдің шешімдерін түсіндіру мүмкіндігі жасанды интеллект жүйелерін енгізу кезінде маңызды талапқа айналып келеді.,0.9524239301681519,True,1,631,880,1511,13.109963640999922,13.113387551000415,0.0,12,2,10,1,1,1,0,0,1,13205760540262795224,0.95,1,,
Experiment_1_Kazakh_Paraphrase_Generation_FINAL,9db470519cfdd9b4e434f1f9f161935e77cdbd22c046661578928847e30a3c5f,66,technology,kazllm,issai/LLama-3.1-KazLLM-1.0-8B,kazdiv,4,True,False,Мобильді қолданбаның ыңғайлы интерфейсі пайдаланушының сервисті меңгеру уақытын қысқартады.,0.9852851629257202,True,1,621,749,1370,11.160089312999844,11.16898452299938,0.0,12,8,4,8,0,3,5,1,5,5321826387364194420,0.95,1,,
Experiment_1_Kazakh_Paraphrase_Generation_FINAL,9dc87fc61923d711895d091bb9fe5d3c0dc0707c4fa98e0bdea06d42738acc57,36,education,kazllm,issai/LLama-3.1-KazLLM-1.0-8B,baseline,2,True,False,Сабақтың мазмұны мен бағалау тәсілдерін үйлестіру нақты белгіленген оқу мақсаттары бар жағдайда оңайырақ болады.,0.975556492805481,True,1,516,74,590,1.1185968250001679,1.1251430349998373,0.0,1,1,0,1,0,,,,,,,,,
Experiment_1_Kazakh_Paraphrase_Generation_FINAL,9dd232b232b86e128344bb0acebb870dc263368e8dbecea3a947108db5c723b0,28,education,kazllm,issai/LLama-3.1-KazLLM-1.0-8B,baseline,5,True,False,Жеке оқу жоспары студенттің шеберлігі мен білім алу қарқынын ескеруге мүмкіндік береді.,0.8833969831466675,True,1,496,53,549,0.8030666250001559,0.808812934999878,0.0,1,1,0,1,0,,,,,,,,,
Experiment_1_Kazakh_Paraphrase_Generation_FINAL,9df06a016cf7949d725711215cfb5da49ad98add9a308b93626ca11bc3de3cc8,2,general,llama,NousResearch/Meta-Llama-3.1-8B-Instruct,kazdiv,2,True,False,Адамдар маңызды шешім қабылдағанда қолда бар ақпараттың өзара қатынастарын анықтауы керек.,0.9280473589897156,True,1,585,736,1321,10.94754760700016,10.956970266999633,0.0,12,12,0,12,0,10,2,3,3,11553196182271079208,0.95,1,,
Experiment_1_Kazakh_Paraphrase_Generation_FINAL,9df53677b4d32b56f8c5a3d7707f0b5f78654ad02eb1a19015de42d51c029f53,10,general,kazllm,issai/LLama-3.1-KazLLM-1.0-8B,baseline,1,True,False,Отбасының бірлесіп қолдау көрсетуі қиын жағдайларды жеңуге мүмкіндік береді.,0.9513025283813477,True,1,496,54,550,0.8178298919999634,0.8248591920000763,0.0,1,1,0,1,0,,,,,,,,,
Experiment_1_Kazakh_Paraphrase_Generation_FINAL,9e1589ab0aca821cce3a344756dd08ec7f4a20bbf51ddc4202d9b056e1963d68,31,education,kazllm,issai/LLama-3.1-KazLLM-1.0-8B,kazdiv,3,True,False,Академиялық адалдық қағидаларын сақтау білім беру нәтижелерінің сенімділігін қамтамасыз ету үшін қажет.,0.9402260780334473,True,1,624,929,1553,13.84758461599995,13.856623495999884,0.0,12,11,1,11,0,1,10,0,3,6987990895541524767,0.95,1,,
Experiment_1_Kazakh_Paraphrase_Generation_FINAL,9e1a7756ddaec6256f0d46b73f1dbde1a5175a8bdc401da2ad22ddc1d7439eae,79,technology,kazllm,issai/LLama-3.1-KazLLM-1.0-8B,kazdiv,4,True,False,Пайдаланушылардың әртүрлі құрылғылардан қызмет алуына мүмкіндік беретін цифрлық қызметтердің қолжетімділігі,0.8760942220687866,True,1,634,912,1546,13.590581147999728,13.60305624800003,0.0,12,3,9,3,0,1,2,0,2,12080910404465159972,0.95,1,,
Experiment_1_Kazakh_Paraphrase_Generation_FINAL,9e2707f7cda2c9738d3f7aecf4a6f0d4d121160e113451de3b410863bfc4bd63,62,technology,kazllm,issai/LLama-3.1-KazLLM-1.0-8B,kazdiv,1,True,False,Машиналық оқыту моделінің көлемі мен сапасы оқыту деректерінің көлемі мен сапасына тәуелді.,0.9687606692314148,True,1,618,688,1306,10.248779431999537,10.257756651999443,0.0,12,11,1,11,0,1,10,0,4,10706118032220269308,0.95,1,,
Experiment_1_Kazakh_Paraphrase_Generation_FINAL,9e2aab83f05a875302fc15832d6eef20dba8518b5c7ae03c0c08ec0056257596,25,education,kazllm,issai/LLama-3.1-KazLLM-1.0-8B,baseline,1,True,False,Онлайн платформалар оқу материалдарына кез келген уақытта қол жеткізуге мүмкіндік береді.,1.0,False,1,492,49,541,0.7443770169998061,0.7504850369998621,0.0,1,1,0,0,1,,,,,,,,,
Experiment_1_Kazakh_Paraphrase_Generation_FINAL,9e9dfa4459efa563a2e4ecedd931fb481439b6948ff00bc4a954d08527eb671b,86,news,llama,NousResearch/Meta-Llama-3.1-8B-Instruct,kazdiv,5,True,False,Қаладағы жол қауіпсіздігін арттыру үшін жаяу жүргінші өткелдер жаңартылды.,0.9634888172149658,True,1,592,677,1269,10.074059848000616,10.083658868001294,0.0,13,12,1,12,0,2,10,0,0,10636735883781590542,0.95,1,,
Experiment_1_Kazakh_Paraphrase_Generation_FINAL,9ea93dc6208a238049c05b1381879d449cb89c33b15fd8eab41df9df4274f9a7,79,technology,kazllm,issai/LLama-3.1-KazLLM-1.0-8B,baseline,4,True,False,Пайдаланушыларға әртүрлі құрылғылардан қызмет алуына мүмкіндік беретін цифрлық қызметтер көрсетіледі.,0.8953201770782471,True,1,516,72,588,1.089219583999693,1.095211154000026,0.0,1,1,0,1,0,,,,,,,,,
Experiment_1_Kazakh_Paraphrase_Generation_FINAL,9eab8498a40fadb4523f3e450dae246408130a906590b5567d1a2b34d20e05d7,75,technology,kazllm,issai/LLama-3.1-KazLLM-1.0-8B,kazdiv,5,True,False,Деректер базасының дұрыс жобалануы ақпаратты сақтау мен іздеудің тиімділігін арттырады.,0.9845865368843079,True,1,607,603,1210,8.974116942000364,8.982852852000178,0.0,12,6,6,6,0,3,3,2,2,132290395379923908,0.95,1,,
Experiment_1_Kazakh_Paraphrase_Generation_FINAL,9ed368b89b6a65c83f930b3952641fa63c6c85e10b88fd455c598e2ac77a0fb7,81,news,llama,NousResearch/Meta-Llama-3.1-8B-Instruct,baseline,2,True,False,Қала әкімдігі тұрғындардың ұсыныстарының негізінде қоғамдық көлік бағыттарын қайта қарауды жоспарлап отыр.,0.9947609305381775,True,1,492,77,569,1.158310390999759,1.1649907099999837,0.0,1,1,0,1,0,,,,,,,,,
Experiment_1_Kazakh_Paraphrase_Generation_FINAL,9edadb9ac51cf951e771568269725d2b6a94c3df0544a9a0cd7d11b89db7ee64,86,news,llama,NousResearch/Meta-Llama-3.1-8B-Instruct,kazdiv,3,True,False,Қалада жол қауіпсіздігін арттыру үшін жаяу жүргінші өткелі жаңартылды.,0.975128710269928,True,1,592,755,1347,11.234000258999004,11.245182218999616,0.0,13,13,0,13,0,1,12,0,1,1931624154486873306,0.95,1,,
Experiment_1_Kazakh_Paraphrase_Generation_FINAL,9ee3e6dc0d59b9d6cc9e07a9d554781672db9c1198b592483e4a4400a028a012,90,news,llama,NousResearch/Meta-Llama-3.1-8B-Instruct,baseline,3,True,False,Талаптарды орындаған жаңа сөйлем: Оқу орны студенттер мен жас ғалымдарға тәжірибелік жобалар жүргізуге мүмкіндік береді.,0.7860689759254456,True,1,473,75,548,1.1275693110001157,1.1340408010000829,0.0,1,1,0,1,0,,,,,,,,,
Experiment_1_Kazakh_Paraphrase_Generation_FINAL,9f2a674dbeb261db5f3e49ec18b0bb6ffc889d607e46e8d23d6ae177987d3caa,33,education,llama,NousResearch/Meta-Llama-3.1-8B-Instruct,kazdiv,4,True,False,"Қысқа бақылау тапсырмалары оқу материалын жүйелі түрде қайталауға ынталандырады, оқыушыларға көмектеседі.",0.9498176574707031,True,1,591,881,1472,13.112382038998476,13.125207578999834,0.0,13,13,0,12,1,8,4,1,6,9489276705837957049,0.95,1,,
Experiment_1_Kazakh_Paraphrase_Generation_FINAL,9f58bc6f24d75554fc5db4eda800dd2ae844688167de2a8f464338b1617e1267,37,education,llama,NousResearch/Meta-Llama-3.1-8B-Instruct,kazdiv,1,True,False,Кәсіби дамуға қол жеткізу үшін жоғары оқу орнынан кейін студенттің өз бетінше білім алуға қабілеттілігі маңызды рөл атқарады.,0.8752169609069824,True,1,595,1010,1605,15.047826251000515,15.061280650999834,0.0,13,13,0,13,0,10,3,1,1,2957061802742417032,0.95,1,,
Experiment_1_Kazakh_Paraphrase_Generation_FINAL,9f7f88aa5c010361fd45642909501de53039ad84021be8cf26a8a491bb08e297,58,science,llama,NousResearch/Meta-Llama-3.1-8B-Instruct,baseline,3,True,False,"Корреляция екі айнымалы арасындағы байланысты көрсеткенімен, себеп-салдар қатынасын өздігінен дәлелдемейді. Қайта жазылған сөйлем: Корреляция екі айнымалының байланысын көрсеткенімен, себеп-салдардың өздігінен дәлелі болмайды.",0.8826791644096375,True,1,482,138,620,2.0548633630005497,2.0616330430002563,0.0,1,1,0,1,0,,,,,,,,,
Experiment_1_Kazakh_Paraphrase_Generation_FINAL,9fbc07e3f4ee40b086eceb0024a89feed506dabb64ac05a6dea84b54457d31e3,24,education,kazllm,issai/LLama-3.1-KazLLM-1.0-8B,kazdiv,3,True,False,"Студенттер топтық жұмыс кезінде өз пікірлерімен бөлісіп, ортақ шешімдер қабылдайды.",0.8501623868942261,True,2,1234,1489,2723,22.180879059000063,22.19591339900012,0.0,13,7,6,7,0,3,4,1,2,6084938731303392744,0.95,2,,
Experiment_1_Kazakh_Paraphrase_Generation_FINAL,9fbce2df33c8dee7bebfe62ad3ab7260508267de4d7d5dd89e6a50904165c0e5,75,technology,kazllm,issai/LLama-3.1-KazLLM-1.0-8B,baseline,4,True,False,Деректер базасын тиімді жасау ақпаратты сақтау мен іздеу тиімділігін арттырады.,0.9171034097671509,True,1,489,44,533,0.6705959359996996,0.6763404359999186,0.0,1,1,0,1,0,,,,,,,,,
Experiment_1_Kazakh_Paraphrase_Generation_FINAL,9fdd4d98564ea8d9aa6a98951862f3f793789e0be8fc77de53eab78bf990f01d,66,technology,llama,NousResearch/Meta-Llama-3.1-8B-Instruct,kazdiv,4,True,False,"Қосымшаның ыңғайлы интерфейсі сервисті меңгеру қиындығын төмендетіп, уақытын қысқартады.",0.9287357330322266,True,1,596,758,1354,11.276655133999157,11.286002274000566,0.0,13,11,2,10,1,6,4,5,6,4819622419080260985,0.95,1,,
Experiment_1_Kazakh_Paraphrase_Generation_FINAL,9fef921a52c3633b7291f17bfaa20538c9ec5e0ab2435ce8792f4f911607331e,46,science,llama,NousResearch/Meta-Llama-3.1-8B-Instruct,kazdiv,5,True,False,Әдебиеттерді қарау белгілі бір саладағы негізгі бағыттардың және зерттеу олқылықтарының анықталуына көмектесетін жүйенің қызметін көрсетеді.,0.8833315968513489,True,1,606,1135,1741,16.92812270700051,16.941540886999064,0.0,13,11,2,11,0,6,5,4,10,10518639223250128618,0.95,1,,
Experiment_1_Kazakh_Paraphrase_Generation_FINAL,a014c5c12a8d3a5a3441606ab066d1840c95b4c673a7b7a910cdc286100fa9f0,90,news,llama,NousResearch/Meta-Llama-3.1-8B-Instruct,kazdiv,1,True,False,Зертхана студенттер мен жас ғалымдардың тәжірибелік жобаларына қолдау көрсетеді.,0.8870279788970947,True,1,591,903,1494,13.45434044400099,13.468048534001355,0.0,13,13,0,13,0,5,8,3,4,12559103408513729613,0.95,1,,
Experiment_1_Kazakh_Paraphrase_Generation_FINAL,a0156c917925526c8b08eca098e0635473e9f496750eafc2bdf2fef2aa9687a9,53,science,kazllm,issai/LLama-3.1-KazLLM-1.0-8B,kazdiv,5,True,False,Ғылыми жаңалықтың дұрыстығын бұрынғы зерттеулермен салыстыру арқылы дәлелдеу қажет.,0.9399449825286865,True,1,612,730,1342,10.86449146599989,10.871530696000264,0.0,12,1,11,1,0,1,0,0,0,4443636083329981309,0.95,1,,
Experiment_1_Kazakh_Paraphrase_Generation_FINAL,a02b559f2d64154e67dabdd672976a8a19915e24e93f03fddc8537ce46c50a9f,63,technology,llama,NousResearch/Meta-Llama-3.1-8B-Instruct,baseline,1,True,False,Бұлттық есептеу ресурстары күрделі бағдарламаларды қымбат жергілікті инфрақұрылымсыз іске қосуға мүмкіндік береді. Қайта жазылған сөйлем: Құрметті ресурстар күрделі бағдарламаларды қымбат жергілікті инфрақұрылымсыз іске қосуға мүмкіндік береді.,0.9032450914382935,True,1,492,157,649,2.336722907000876,2.3434422369991807,0.0,1,1,0,1,0,,,,,,,,,
Experiment_1_Kazakh_Paraphrase_Generation_FINAL,a05536eb227e7adbf5715328d45752fdf13c57c62824d3ebd62d6b69faf67457,76,technology,llama,NousResearch/Meta-Llama-3.1-8B-Instruct,baseline,2,True,False,Сөйлемді жаңа ақпаратсыз және бастапқы ақпаратты алып тастау арқылы қайта жазу: Нейрондық желілер күрделі үлгілерді қабаттардан құрау үшін өзара байланысады.,0.7160280346870422,False,1,488,105,593,1.5689778969990584,1.5755688869994628,0.0,1,1,0,0,1,,,,,,,,,
Experiment_1_Kazakh_Paraphrase_Generation_FINAL,a06d3a5a5eee45a9d36421c6c2c0e0211c3466b6ea1f918e8f93a6986354b692,69,technology,llama,NousResearch/Meta-Llama-3.1-8B-Instruct,kazdiv,2,True,False,Кескіндерден нысандарды анықтау үшін көру алгоритмдері қолданылады.,0.8470232486724854,True,1,589,708,1297,10.535982157000035,10.546904696999263,0.0,13,12,1,12,0,10,2,2,2,16897001919119265948,0.95,1,,
Experiment_1_Kazakh_Paraphrase_Generation_FINAL,a0ae12457d2aeab80a547f3bfe69eba636b2d5494c3b30c3eb3af5914609fc7c,58,science,kazllm,issai/LLama-3.1-KazLLM-1.0-8B,kazdiv,4,True,False,"Корреляция екі айнымалы арасындағы байланысты көрсетеді, бірақ себеп-салдар қатынасын өздігінен дәлелдемейді.",0.97883141040802,True,1,625,830,1455,12.364772900999924,12.373096370000894,0.0,12,2,10,2,0,1,1,0,1,3932161498102264896,0.95,1,,
Experiment_1_Kazakh_Paraphrase_Generation_FINAL,a0ec1cb6bbe69969fca870e90a24a524cc5f517fde7dd8b709fd09f52b344c9f,19,general,llama,NousResearch/Meta-Llama-3.1-8B-Instruct,kazdiv,5,False,False,,,False,2,1198,2400,3598,35.792165226999714,35.80177772699972,0.0,0,0,0,,,,,,,,0.95,,parsing,Could not parse KAZ-Div response.
Experiment_1_Kazakh_Paraphrase_Generation_FINAL,a0f858f1489d3d83025280def9bc9f0fde03f1396c942a3d9c8ef6544023bb13,40,education,kazllm,issai/LLama-3.1-KazLLM-1.0-8B,kazdiv,5,True,False,Білім беру ортасы әрбір студенттің оқу үдерісіне тең қатысуына мүмкіндік береді,0.8362895250320435,True,1,622,641,1263,9.54481243500004,9.553212714999972,0.0,12,3,9,3,0,1,2,0,2,179900315712945306,0.95,1,,
Experiment_1_Kazakh_Paraphrase_Generation_FINAL,a10af058c674a1b2320863a00b40d25fd96a1d085cc2912c57478ba9eee22198,98,news,kazllm,issai/LLama-3.1-KazLLM-1.0-8B,baseline,1,True,False,Жоғары оқу орындары студенттердің өндірістік тәжірибесін арттыру үшін компаниялармен жаңа келісімдер жасасты.,0.9971907734870911,True,1,510,66,576,0.9953100809998432,1.0022457309996753,0.0,1,1,0,1,0,,,,,,,,,
Experiment_1_Kazakh_Paraphrase_Generation_FINAL,a1101dbdf3782834b6d44eb172cbc841f465364b9acf23ff77e390bad5c4c077,5,general,kazllm,issai/LLama-3.1-KazLLM-1.0-8B,baseline,1,True,False,Ауаны таза ұстау үшін әр адамның өз жауапкершілігі бар.,0.8750612735748291,True,1,486,39,525,0.5963473399997383,0.6027898900001674,0.0,1,1,0,1,0,,,,,,,,,
Experiment_1_Kazakh_Paraphrase_Generation_FINAL,a1a96b8334d17bfa7af945b9dea44ab643f9f671270bac22d74c094ad025f11d,52,science,kazllm,issai/LLama-3.1-KazLLM-1.0-8B,kazdiv,3,True,False,Зерттеу нәтижелерін визуализациялау күрделі қарым-қатынастарды түсіндіруде қиындықты жеңілдетеді.,0.960336446762085,True,2,1220,1969,3189,29.33782879300088,29.348855802999424,0.0,12,4,8,4,0,2,2,1,3,7672042589764104227,0.95,2,,
Experiment_1_Kazakh_Paraphrase_Generation_FINAL,a1b0f8419ff367f1c2eb050685615d92c456908171de63714f861fdfdd6d2081,96,news,kazllm,issai/LLama-3.1-KazLLM-1.0-8B,baseline,1,True,False,Компания өндіріс тиімділігін арттыру үшін жаңа автоматтандырылған желіні іске қосуды жоспарлап отыр.,0.9441449642181396,True,1,507,59,566,0.8912140120000913,0.8977421720001075,0.0,1,1,0,1,0,,,,,,,,,
Experiment_1_Kazakh_Paraphrase_Generation_FINAL,a1d272117b21a87bce5506144148aa080935f7b28f31ebf9d405c30519599f0e,6,general,kazllm,issai/LLama-3.1-KazLLM-1.0-8B,kazdiv,5,True,False,"Кітап оқу адамның сөздік қорын кеңейтіп, ойлау қабілетін жетілдіруге көмектеседі",0.9352320432662964,True,1,617,702,1319,10.45323019099942,10.461820980999619,0.0,12,7,5,6,1,1,5,0,0,3487883256330841709,0.95,1,,
Experiment_1_Kazakh_Paraphrase_Generation_FINAL,a1d4552a8963bdfb1b02360349657171b7d5f0b84c3557580fb587dc25d35731,80,technology,kazllm,issai/LLama-3.1-KazLLM-1.0-8B,baseline,4,True,False,Жасанды деректер нақты деректер көп болмаған жағдайда модельді үйренуге мүмкіндік береді.,0.8194464445114136,True,1,499,50,549,0.759025066000504,0.7649337550001292,0.0,1,1,0,1,0,,,,,,,,,
Experiment_1_Kazakh_Paraphrase_Generation_FINAL,a1de62f29aed379674f4387aa30a638e29f79636ef35015a0e63738996361375,33,education,kazllm,issai/LLama-3.1-KazLLM-1.0-8B,kazdiv,1,True,False,Қысқа бақылау тапсырмалары - оқу материалын жүйелі түрде қайталаудың ең жақсы ынталандыруларының бірі.,0.8912678956985474,True,1,616,944,1560,14.059313195999948,14.06808634500021,0.0,13,4,9,4,0,2,2,1,2,9237239205396750753,0.95,1,,
Experiment_1_Kazakh_Paraphrase_Generation_FINAL,a202914795feb5d77214a7c5b14a3a61ad5bea83e4421be3af71a9008fa67677,45,science,llama,NousResearch/Meta-Llama-3.1-8B-Instruct,baseline,1,True,False,"Ғылыми қорытынды зерттеу нәтижелеріне сүйеніп, бастапқы сұраққа нақты жауап беруі керек. Қайта жазылған сөйлем: Зерттеу нәтижелеріне сүйеніп, сұраққа жауап беру керек.",0.8508676290512085,True,1,477,112,589,1.6725260379989777,1.6792205680012557,0.0,1,1,0,1,0,,,,,,,,,
Experiment_1_Kazakh_Paraphrase_Generation_FINAL,a21231a628d1de9f6babdc5f689634d786276f2e542e8f3ca69d93c3aa535647,81,news,llama,NousResearch/Meta-Llama-3.1-8B-Instruct,kazdiv,3,True,False,Қала көлігінде жаңа тәсілдерді енгізу үшін тұрғындардың ұсыныстарын қарауда.,0.825427770614624,True,1,610,815,1425,12.140020020999145,12.153442421000364,0.0,12,12,0,12,0,8,4,2,2,6160531178068822134,0.95,1,,
Experiment_1_Kazakh_Paraphrase_Generation_FINAL,a238c731685fc870219a26e1e137b0aa9a7dbfae57edebc2a492a34143be28c8,67,technology,kazllm,issai/LLama-3.1-KazLLM-1.0-8B,baseline,5,True,False,Үшінші тұлғалардың құпия ақпаратты оқуынан қорғаудың негізгі жолдарының бірі - деректерді шифрлау.,0.893193244934082,True,1,522,71,593,1.0745039590001397,1.0804583689996434,0.0,1,1,0,1,0,,,,,,,,,
Experiment_1_Kazakh_Paraphrase_Generation_FINAL,a2535a435e1964afccc72aa4a7928aa83ef1cba74b12cca1423a02db100da734,18,general,llama,NousResearch/Meta-Llama-3.1-8B-Instruct,baseline,1,True,False,Сапалы қарым-қатынас кезінде адамның ойын анық жеткізуі және өзгелерді мұқият тыңдауы маңызды. Көріністің маңызы: Адамның ойын анық жеткізуі – оның өзін анық білдіруі. Адамның ойын анық жеткізуі – оның өзін анық білдіруі. Өзгелерді мұқият тыңдау – олардың өзін анық білдіруі. Ойын анық жеткізу – оның өзін білдіруі. Ойын анық жеткізу – оның өзін білдіруі.,0.8559531569480896,False,1,487,255,742,3.7799359379987436,3.78791395799999,0.0,1,1,0,0,1,,,,,,,,,
Experiment_1_Kazakh_Paraphrase_Generation_FINAL,a28df2f7401d1c0426b3e1c5f43ebf5b519c4eb327b8074734c1e952133caf4f,66,technology,kazllm,issai/LLama-3.1-KazLLM-1.0-8B,kazdiv,1,True,False,Мобильді қосымшаның ыңғайлы интерфейсі пайдаланушының қызметті меңгеру уақытын қысқартуға көмектеседі.,0.9656184911727905,True,1,621,764,1385,11.382316189999983,11.391640150000057,0.0,12,12,0,12,0,5,7,3,3,12551852807743271895,0.95,1,,
Experiment_1_Kazakh_Paraphrase_Generation_FINAL,a28fcdc48e8cbb96a1dc43b86c2af6f8e650e462a3f574fdb673c239fb1056f2,53,science,kazllm,issai/LLama-3.1-KazLLM-1.0-8B,baseline,2,True,False,Ғылыми жаңалық бұрынғы зерттеулермен салыстыру арқылы дәлелденуі тиіс.,0.9755270481109619,True,1,494,46,540,0.7006408990000637,0.7065233490002356,0.0,1,1,0,1,0,,,,,,,,,
Experiment_1_Kazakh_Paraphrase_Generation_FINAL,a2a941298fae50936d7897796e5156c2fb81596903d8d393d0d721a36efc4f00,7,general,kazllm,issai/LLama-3.1-KazLLM-1.0-8B,baseline,4,True,False,Дұрыс тамақтану және белсенді қозғалыс күнделікті өмір сапасына оң әсер етеді.,0.9940723180770874,True,1,496,56,552,0.8471943750000719,0.848913265000192,0.0,1,1,0,1,0,,,,,,,,,
Experiment_1_Kazakh_Paraphrase_Generation_FINAL,a2a9fc1765d9a70f5a8d2292d31377eef16df7b0cdca0dbe2029b1e285bc9db0,34,education,kazllm,issai/LLama-3.1-KazLLM-1.0-8B,kazdiv,1,True,False,Студенттерге жаңа ұғымдарды үйренуді жеңілдету үшін мысалдар арқылы күрделі тақырыптарды түсіндіру керек.,0.8576276302337646,True,1,627,852,1479,12.69284651299995,12.702022782999848,0.0,12,10,2,9,1,4,5,0,0,10355698224336255558,0.95,1,,
Experiment_1_Kazakh_Paraphrase_Generation_FINAL,a2f1be2b47bc3abfa3920fb52a1e552481cdcbbac81db01b9ab583e7231054ba,25,education,llama,NousResearch/Meta-Llama-3.1-8B-Instruct,baseline,5,True,False,Онлайн платформалар оқу жұмыстарына кез келген уақытта қол жеткізуге мүмкіндік береді.,0.9738821983337402,True,1,467,52,519,0.7883962619998783,0.7943799620006757,0.0,1,1,0,1,0,,,,,,,,,
Experiment_1_Kazakh_Paraphrase_Generation_FINAL,a35e2b553e863f02396c527d6b7a3f62436138dfaa15d8747be1f32375d90d4d,55,science,kazllm,issai/LLama-3.1-KazLLM-1.0-8B,baseline,2,True,False,Ғалымдар әдістерді таңдағанда олардың артықшылықтарымен қатар шектеулерін де ескеруі қажет.,0.9619417190551758,True,1,498,58,556,0.8774537399995097,0.8836544600007983,0.0,1,1,0,1,0,,,,,,,,,
Experiment_1_Kazakh_Paraphrase_Generation_FINAL,a36d9bf765d9a4b8acb288ed487b74d3ee553cdc39694ce30ea2d9fccce0344f,13,general,kazllm,issai/LLama-3.1-KazLLM-1.0-8B,baseline,5,True,False,Уақытында кері байланыс жұмыстың сапасын жақсартуға ықпал етеді.,0.9846973419189453,True,1,494,48,542,0.7302833779999673,0.7319629480000458,0.0,1,1,0,1,0,,,,,,,,,
Experiment_1_Kazakh_Paraphrase_Generation_FINAL,a3783064dafeb7ed9a976d0c887cd83039aea584c13db779ca17b434091e4489,20,general,kazllm,issai/LLama-3.1-KazLLM-1.0-8B,baseline,1,True,False,Қиын мәселені бірнеше шағын қадамдарға бөлу оны шешу процесін жеңілдетеді.,0.9977582693099976,True,1,495,51,546,0.7739790079999693,0.7804960979999578,0.0,1,1,0,1,0,,,,,,,,,
Experiment_1_Kazakh_Paraphrase_Generation_FINAL,a3881a416f91b82816f30f9a9f73ccaa3d7039476798a021330399b0b9fd3339,6,general,kazllm,issai/LLama-3.1-KazLLM-1.0-8B,baseline,4,True,False,"Кітап оқу адамның сөздік қорын кеңейтеді, ойлау қабілетін дамытуға көмектеседі.",0.9972236752510071,True,1,499,57,556,0.8615922919998411,0.8675110100002712,0.0,1,1,0,1,0,,,,,,,,,
Experiment_1_Kazakh_Paraphrase_Generation_FINAL,a3be025e5ace119d0ff202c93f40d4c1eb065324b7a07587428873ab726df591,54,science,llama,NousResearch/Meta-Llama-3.1-8B-Instruct,baseline,4,True,False,Ашық деректер ғылыми нәтижелердің тексерілуіне және қайта пайдаланылуына мүмкіндік береді.,0.9999999403953552,False,1,473,55,528,0.8319227730007697,0.8336963429992466,0.0,1,1,0,0,1,,,,,,,,,
Experiment_1_Kazakh_Paraphrase_Generation_FINAL,a42391b42191c4df0f033c9df09d025b320c9acad28133ce619226862cb38540,48,science,kazllm,issai/LLama-3.1-KazLLM-1.0-8B,kazdiv,2,True,False,Алынған нәтижелердің статистикалық тұрақтылығына әсер етуі мүмкін зерттеу үлгісінің көлемі,0.8841947317123413,True,1,627,801,1428,11.937267162999888,11.945770873000129,0.0,12,4,8,3,1,2,1,1,3,8638239055393653465,0.95,1,,
Experiment_1_Kazakh_Paraphrase_Generation_FINAL,a43f7faffe880a44367286ab01b47fa4e5a97e89fee348090fb9db994948ad1f,40,education,kazllm,issai/LLama-3.1-KazLLM-1.0-8B,kazdiv,3,True,False,Инклюзивті білім беру ортасы әрбір студенттің оқу процесіне тең қатысуына мүмкіндік береді.,0.9849400520324707,True,1,622,648,1270,9.647229295000216,9.656150174999766,0.0,12,7,5,7,0,2,5,0,0,15844730517484881661,0.95,1,,
Experiment_1_Kazakh_Paraphrase_Generation_FINAL,a45794bae2b563cff1e8e7c768037922a6e062a005f332ace852303a84acb5a5,76,technology,kazllm,issai/LLama-3.1-KazLLM-1.0-8B,kazdiv,1,True,False,Нейрондық желілер күрделі үлгілерді үйрену үшін өзара байланысты көптеген есептеу қабаттарын пайдаланады,0.9554202556610107,True,1,631,855,1486,12.738607502999912,12.747309263000716,0.0,12,5,7,4,1,1,3,0,4,3425037926801257131,0.95,1,,
Experiment_1_Kazakh_Paraphrase_Generation_FINAL,a46bb8df95e91b015cd56f614e59ed1c6f4989ab614d0e3457dfb947593a1532,47,science,llama,NousResearch/Meta-Llama-3.1-8B-Instruct,baseline,5,True,False,Үлкен деректер жиынтығы күрделі құбылыстарды бірнеше көрсеткіш бойынша талдауға мүмкіндік береді.,1.0,False,1,485,67,552,1.0096456809988013,1.0114897209987248,0.0,1,1,0,0,1,,,,,,,,,
Experiment_1_Kazakh_Paraphrase_Generation_FINAL,a47730b2e36d6db63c5856ff48e025feb6365b671ea1d76d84fe84fdedb49357,35,education,kazllm,issai/LLama-3.1-KazLLM-1.0-8B,baseline,2,True,False,Пәнаралық тапсырмалар бір мәселе бойынша әртүрлі салалардың білімін біріктіруге мүмкіндік береді.,0.9794401526451111,True,1,511,61,572,0.921143406000283,0.9271995059998517,0.0,1,1,0,1,0,,,,,,,,,
Experiment_1_Kazakh_Paraphrase_Generation_FINAL,a47dfdb2f3ebf6dd14719c907e889f9f2a4e9c197e12d3d76ca23eba6eb4de61,75,technology,kazllm,issai/LLama-3.1-KazLLM-1.0-8B,kazdiv,4,True,False,Деректер базасын дұрыс жобалау ақпаратты тиімді сақтау мен іздеуге мүмкіндік береді.,0.9505237936973572,True,1,607,577,1184,8.586048465000204,8.59460815500006,0.0,12,5,7,4,1,3,1,2,2,819371429206048413,0.95,1,,
Experiment_1_Kazakh_Paraphrase_Generation_FINAL,a4c8ef1616afcf42dc9e635b79521a619f32381b5aa941bab4776b339cf8d1d6,61,technology,kazllm,issai/LLama-3.1-KazLLM-1.0-8B,baseline,5,True,False,Жасанды интеллект үлкен көлемдегі деректерден күрделі заңдылықтарды автоматты түрде анықтауға мүмкіндік береді.,1.0,False,1,511,68,579,1.0253615190003984,1.0270735989997775,0.0,1,1,0,0,1,,,,,,,,,
Experiment_1_Kazakh_Paraphrase_Generation_FINAL,a4d5ab79015e3c4acf55b19046681de37a4514720dc611414e3524834be63bb7,29,education,kazllm,issai/LLama-3.1-KazLLM-1.0-8B,baseline,5,True,False,Зерттеуге негізделген оқыту студенттердің сыни ойлау дағдыларын және ақпаратты талдау қабілеттерін дамытады.,0.9823019504547119,True,1,501,62,563,0.9362789629999497,0.9422865430001366,0.0,1,1,0,1,0,,,,,,,,,
Experiment_1_Kazakh_Paraphrase_Generation_FINAL,a4df2832d0def4994a44680482da2f9699c3c8393965015a8f9dc862b50432f9,8,general,kazllm,issai/LLama-3.1-KazLLM-1.0-8B,baseline,1,True,False,Көпшілік жерлерде ортақ ережелерді сақтау басқа адамдарға құрмет көрсетудің бір түрі болып саналады.,0.9397938251495361,True,1,515,69,584,1.0454510449999361,1.0518066550002914,0.0,1,1,0,1,0,,,,,,,,,
Experiment_1_Kazakh_Paraphrase_Generation_FINAL,a4e0a2512e57546f9f4473b4cefa0d6abfbbac21cc4b6da771e1df27c2de2e0a,3,general,llama,NousResearch/Meta-Llama-3.1-8B-Instruct,baseline,2,True,False,Қоғамдағы өзара сенім адамдар арасындағы байланысты нығайтуға ықпал етеді. Қоғамдағы өзара сенім адамдардың өзара әуелден біліспеушілігін нығайтуға ықпал етеді.,0.8784337043762207,True,1,474,120,594,1.7903298910005105,1.796826350999254,0.0,1,1,0,1,0,,,,,,,,,
Experiment_1_Kazakh_Paraphrase_Generation_FINAL,a4f2c134b7994ffb95bd4359ea3cae403610c708786f56b629c9626018510396,36,education,kazllm,issai/LLama-3.1-KazLLM-1.0-8B,baseline,5,True,False,Мақсаттар нақты белгіленген жағдайда сабақтың мазмұны мен бағалау әдістерін үйлестіру оңайырақ болады.,0.9800160527229309,True,1,516,68,584,1.0302947650002352,1.0363141050002014,0.0,1,1,0,1,0,,,,,,,,,
Experiment_1_Kazakh_Paraphrase_Generation_FINAL,a51cd253794256c610885a5b8ea3e61c011a0ab747de312222500247dae7dbd2,100,news,llama,NousResearch/Meta-Llama-3.1-8B-Instruct,kazdiv,5,True,False,Елдің өңірлерінде қоғамдық орталықтарды жаңарту жұмыстары келесі кезеңде кеңейтіледі.,0.8806161880493164,True,1,606,789,1395,11.746989870998732,11.756473740999354,0.0,12,12,0,12,0,2,10,0,0,1277462709029565046,0.95,1,,
Experiment_1_Kazakh_Paraphrase_Generation_FINAL,a52390ec1ebe424fb61f3cca8f676b3b5a23f431b6feac6b96cee6c715b00d62,37,education,kazllm,issai/LLama-3.1-KazLLM-1.0-8B,kazdiv,4,True,False,Жоғары оқу орнын бітіргеннен кейін студенттің өз бетінше білім алу дағдысы кәсіби дамуға негіз болады.,0.9511724710464478,True,1,620,770,1390,11.460713748000217,11.468180247999953,0.0,12,3,9,3,0,2,1,1,1,9387777867696664887,0.95,1,,
Experiment_1_Kazakh_Paraphrase_Generation_FINAL,a53988b839640f4d71c4dbaf8b8b1579af2cf360d89b94dbfb5728ea9e438fa6,2,general,kazllm,issai/LLama-3.1-KazLLM-1.0-8B,kazdiv,4,True,False,"Адамдар маңызды шешімдер қабылдағанда, қолда бар ақпаратты мұқият салыстыруы керек.",0.9931450486183167,True,1,610,743,1353,11.059335329000078,11.066391618999887,0.0,14,1,13,1,0,1,0,0,0,6671252248944836644,0.95,1,,
Experiment_1_Kazakh_Paraphrase_Generation_FINAL,a572320b67eda7ad777a09dd6089f5f53ecf37250050de8a7ac960dfe32e16e3,68,technology,llama,NousResearch/Meta-Llama-3.1-8B-Instruct,kazdiv,1,True,False,Қайталанатын іс-әрекеттерді автоматтандыруға мүмкіндік беретін өндірістік жүйелер жасалды.,0.8218462467193604,True,1,595,693,1288,10.308438088999537,10.31869499899949,0.0,13,13,0,8,5,5,3,3,5,2937832027213735636,0.95,1,,
Experiment_1_Kazakh_Paraphrase_Generation_FINAL,a6181d31c94a7fafdf3d06e19a927e1ec3d2c12d9a63897e037b8c3360795828,84,news,llama,NousResearch/Meta-Llama-3.1-8B-Instruct,baseline,5,True,False,Талаптарға сәйкес жаңа сөйлем: Қазақстандағы жергілікті кәсіпкерлерге арналған жаңа қолдау бағдарламасының шарттары ресми қосылу кездесуде таныстырылды.,0.8309985399246216,True,1,478,99,577,1.481401917999392,1.48824152799898,0.0,1,1,0,1,0,,,,,,,,,
Experiment_1_Kazakh_Paraphrase_Generation_FINAL,a63043b94a6802671b753db62dd4bc2e0da98bcf246134f8a8b2d9497aa4128b,38,education,llama,NousResearch/Meta-Llama-3.1-8B-Instruct,kazdiv,4,True,False,Теориялық заңдылықтардың дұрыстығын зертханалық жұмыстар арқылы тәжірибелік құралдармен анықтауға болады.,0.8912159204483032,True,1,590,944,1534,14.050681668000834,14.064730628000689,0.0,13,12,1,12,0,9,3,2,2,5229819430391173396,0.95,1,,
Experiment_1_Kazakh_Paraphrase_Generation_FINAL,a63f5046b6496b67e3eaa2eccf8d8c8758346d8832208f891dff154881e78a9b,70,technology,kazllm,issai/LLama-3.1-KazLLM-1.0-8B,baseline,1,True,False,Бағдарламаның тиімділігін арттыру есептеу ресурстарын барынша жақсы пайдалануға мүмкіндік береді.,0.8792333602905273,True,1,501,58,559,0.8768943459999718,0.8836709150000388,0.0,1,1,0,1,0,,,,,,,,,
Experiment_1_Kazakh_Paraphrase_Generation_FINAL,a675b735fd42d6507dec2e04490a85b32a96aad29396c3ad690d8354a41dacc0,79,technology,kazllm,issai/LLama-3.1-KazLLM-1.0-8B,baseline,5,True,False,Қолданушылардың әртүрлі құрылғылардан қызмет алуына мүмкіндік беретін цифрлық қызметтердің қолжетімділігі.,0.9109017252922058,True,1,516,75,591,1.1331379240000388,1.139230284000405,0.0,1,1,0,1,0,,,,,,,,,
Experiment_1_Kazakh_Paraphrase_Generation_FINAL,a68291159386360f7f61cb07f86b1f94bdfe53973f69619da9637e578f830f58,58,science,llama,NousResearch/Meta-Llama-3.1-8B-Instruct,baseline,4,True,False,Себептілік қатынасын дәлелдеу кезінде мүлдем басқа шараларды жүргізу керек.,0.5850611925125122,False,1,482,48,530,0.7296937639985117,0.73582097399958,0.0,1,1,0,0,1,,,,,,,,,
Experiment_1_Kazakh_Paraphrase_Generation_FINAL,a69a7f6061ae8921206cf5819b4161e070e64e84d47d9d30ebc365bea234f049,76,technology,kazllm,issai/LLama-3.1-KazLLM-1.0-8B,baseline,1,True,False,Нейрондық желілер күрделі үлгілерді үйрену үшін бір-бірімен байланысқан есептеу қабаттарының көп санын пайдаланады.,0.9875020384788513,True,1,513,73,586,1.1044941340005607,1.1114865140007169,0.0,1,1,0,1,0,,,,,,,,,
Experiment_1_Kazakh_Paraphrase_Generation_FINAL,a6bf869c7853a28733cc34ffca9465458e9e0fcf74fcbb2db7003c59587fff00,39,education,kazllm,issai/LLama-3.1-KazLLM-1.0-8B,baseline,2,True,False,Оқу барысында қойылатын ашық сұрақтар студенттердің дәлелді жауап құрастыру қабілетін дамытады.,1.0,False,1,506,63,569,0.9498816049999732,0.9516160950001904,0.0,1,1,0,0,1,,,,,,,,,
Experiment_1_Kazakh_Paraphrase_Generation_FINAL,a6f29bc69e48c286b0946b10e802ff543f9b813fac14b0945820cb99943575bf,6,general,llama,NousResearch/Meta-Llama-3.1-8B-Instruct,baseline,5,True,False,"Кітап оқу сөздік қорға, ойлау қабілетін дамытуға көмектеседі.",0.9272427558898926,True,1,474,46,520,0.7004287139989174,0.7066103239994845,0.0,1,1,0,1,0,,,,,,,,,
Experiment_1_Kazakh_Paraphrase_Generation_FINAL,a6f44f719b114a4aa8f0219354cb560b6441516501f9992e0f51e7d08429f0fa,75,technology,llama,NousResearch/Meta-Llama-3.1-8B-Instruct,baseline,2,True,False,Әділетті ақпаратты сақтау мен іздеу үшін деректер базасын дұрыс жобалау тиімді. (Деректер = ақпарат; ақпаратты сақтау = сақтау; ақпаратты іздеу = іздеу),0.7891358137130737,True,1,464,92,556,1.377794169000481,1.3843706890002068,0.0,1,1,0,1,0,,,,,,,,,
Experiment_1_Kazakh_Paraphrase_Generation_FINAL,a6f76cf528ba71bc2e5920028b936b8970ba4e58554d0425465a8577a5ad9732,61,technology,llama,NousResearch/Meta-Llama-3.1-8B-Instruct,baseline,1,True,False,Табиғи қазақ тілінде жаңа сөйлем: Алдыңғы сөйлемнен анықталған оңайлықтармен жасанды интеллект күрделі заңдылықтарды деректерді анализдеу арқылы анықтауға қабілетті.,0.7061578035354614,False,1,486,111,597,1.6580090339994058,1.6643297240007087,0.0,1,1,0,0,1,,,,,,,,,
Experiment_1_Kazakh_Paraphrase_Generation_FINAL,a732c3fb534b0ab4ca5c44aaf9124ae355cc7a6236ad4740d865ca581860b1c6,42,science,llama,NousResearch/Meta-Llama-3.1-8B-Instruct,kazdiv,1,True,False,Эксперимент нәтижелері сенімділігі деректердің дұрыстығымен байланысты.,0.909763514995575,True,1,592,713,1305,10.60392836400024,10.616900283999712,0.0,13,10,3,10,0,6,4,3,3,10084359425296859395,0.95,1,,
Experiment_1_Kazakh_Paraphrase_Generation_FINAL,a73c3318bc9e82bf92bd69109358360aae5feb204e06118cfc68330f941534ac,22,education,llama,NousResearch/Meta-Llama-3.1-8B-Instruct,kazdiv,1,True,False,Белсенді тапсырмаларды оқыту сабақтағы белсенділікті арттырады.,0.8233176469802856,True,1,595,658,1253,9.792586654999468,9.801766534999842,0.0,13,11,2,9,2,7,2,2,2,4945263224816280132,0.95,1,,
Experiment_1_Kazakh_Paraphrase_Generation_FINAL,a74fa64ccf7908895a93cc98eb77e9d00a321f8e88bc7abd25d23137105f3503,63,technology,kazllm,issai/LLama-3.1-KazLLM-1.0-8B,kazdiv,1,True,False,"Бұлттық есептеу ресурстарын пайдалана отырып, сіз күрделі бағдарламаларды қымбат жергілікті инфрақұрылымсыз іске қоса аласыз.",0.948236346244812,True,1,635,943,1578,14.048877561999689,14.057588612000472,0.0,12,5,7,4,1,4,0,1,2,15716448684597737842,0.95,1,,
Experiment_1_Kazakh_Paraphrase_Generation_FINAL,a762bb1dc59ad0cf90fbac7f70ce320b12c0b76158893dfae5df9c226df2d694,75,technology,llama,NousResearch/Meta-Llama-3.1-8B-Instruct,baseline,4,True,False,Деректер базасын жобалау ақпаратты сақтау мен іздеу тиімділігін арттырады.,0.9720494151115417,True,1,464,41,505,0.6268074050003634,0.6330932149994624,0.0,1,1,0,1,0,,,,,,,,,
Experiment_1_Kazakh_Paraphrase_Generation_FINAL,a7737d6f19026f6ca96ac91b05d0faf9ccc555f4204d770c95a90debf888c1b1,54,science,kazllm,issai/LLama-3.1-KazLLM-1.0-8B,baseline,5,True,False,Ғылыми нәтижелерді тексеру мен қайта пайдалануға мүмкіндік беретін ашық деректерді қамтамасыз ету.,0.8794136047363281,True,1,498,58,556,0.8769417900002736,0.8827901900003781,0.0,1,1,0,1,0,,,,,,,,,
Experiment_1_Kazakh_Paraphrase_Generation_FINAL,a779bc1f401d0dcbd60a880176fdb87f6f7ba12af52d6da905fbb80544214941,20,general,llama,NousResearch/Meta-Llama-3.1-8B-Instruct,kazdiv,4,True,False,Мәселені шешу үшін шағын қадамдарға бөлуге болады.,0.8021060228347778,True,1,588,407,995,6.044186679000632,6.052877558999171,0.0,12,12,0,6,6,6,0,3,7,56236987653810646,0.95,1,,
Experiment_1_Kazakh_Paraphrase_Generation_FINAL,a79443c9fe6ad5eee4f58e96cb5dcccbe64739ae1bcf31e095678ca073d1410e,78,technology,kazllm,issai/LLama-3.1-KazLLM-1.0-8B,baseline,4,True,False,Техникалық ақау кезінде жүйенің резервтік көшірмелері маңызды деректерді қалпына келтіруге мүмкіндік береді.,0.9714256525039673,True,1,509,67,576,1.0085855349998383,1.0103316849999828,0.0,1,1,0,1,0,,,,,,,,,
Experiment_1_Kazakh_Paraphrase_Generation_FINAL,a798f565aa7fb6a1927cc31aa5af1f5921a8e42e781c1f7a0ac4f5cc63c0bbc8,15,general,kazllm,issai/LLama-3.1-KazLLM-1.0-8B,kazdiv,2,True,False,Қаладағы тұрғындарға жаяу жүргіншілер қолайлы орта белсенді өмір салтын қолдайды.,0.9767942428588867,True,1,617,737,1354,10.975203359000034,10.98706148899987,0.0,12,6,6,5,1,1,4,0,0,2961984605754547211,0.95,1,,
Experiment_1_Kazakh_Paraphrase_Generation_FINAL,a7f3feffbeb11040f9f6012fd113ecb3b4c0218a763f966fb9439e262e52ab44,24,education,llama,NousResearch/Meta-Llama-3.1-8B-Instruct,baseline,2,True,False,Сөйлемді жаңа сөздермен қайта жазу: Студенттердің пікір алмасу дағдыларын дамытатын топтық жұмыс шешім қабылдау дағдыларын да дамытады.,0.8675986528396606,True,1,474,86,560,1.2899257659992145,1.29621579599916,0.0,1,1,0,1,0,,,,,,,,,
Experiment_1_Kazakh_Paraphrase_Generation_FINAL,a7f96bc98980f669c39d282f90b23a6ee64a5c2fd48bf0641415d233623d80dc,73,technology,llama,NousResearch/Meta-Llama-3.1-8B-Instruct,kazdiv,3,True,False,"Үлкен тілдік модельдер көптеген салаларда кеңінен қолданылатындығын көрсететіндей, мәтінді талдау және құрастырудың бірінші шеберліктерінің бірі ақпаратты өңдеу.",0.8557910919189453,True,1,603,967,1570,14.409054769999784,14.4194878899998,0.0,12,12,0,12,0,9,3,8,11,16639409241503668313,0.95,1,,
Experiment_1_Kazakh_Paraphrase_Generation_FINAL,a83e081e86813203c02e91ed70c949ffc0b0e270b87ad0881658797a93d49ffa,62,technology,kazllm,issai/LLama-3.1-KazLLM-1.0-8B,kazdiv,2,True,False,Машиналық оқыту модельінің сапасы оқыту деректерінің мөлшері мен сапасына байланысты айтарлықтай әсер етеді.,0.9248073697090149,True,1,618,790,1408,11.773008636999293,11.780691545999616,0.0,12,3,9,3,0,1,2,0,0,16349937971774994560,0.95,1,,
Experiment_1_Kazakh_Paraphrase_Generation_FINAL,a84326fd1c233a00a7e8a9e4e956b9aa959673e1e26f753e45bd1d5fb5615963,93,news,llama,NousResearch/Meta-Llama-3.1-8B-Instruct,kazdiv,1,True,False,Жергілікті билік сапасын бағалауға арналған өлшеу бекеттерін орнатып отыр.,0.8596404790878296,True,1,599,469,1068,6.969837525000912,6.979225515000508,0.0,12,11,1,6,5,4,2,0,0,1972535783156064048,0.95,1,,
Experiment_1_Kazakh_Paraphrase_Generation_FINAL,a89bc05bb673792cf15cdb262b719a455b78cf2c5ff8d53513f896b38f47d009,68,technology,llama,NousResearch/Meta-Llama-3.1-8B-Instruct,kazdiv,2,True,False,Өндірістегі қайталанатын жұмыстарды роботтандыру өнімділікті арттырады.,0.7820743918418884,True,1,595,728,1323,10.833007015000476,10.844881474999056,0.0,12,12,0,5,7,5,0,1,1,129578538875362190,0.95,1,,
Experiment_1_Kazakh_Paraphrase_Generation_FINAL,a8a1819d923ecdae909af9a345b31218f9a2a236089e4f586e07bc09577f49a8,84,news,llama,NousResearch/Meta-Llama-3.1-8B-Instruct,baseline,2,True,False,Қолдау бағдарламасының шарттары жергілікті кәсіпкерлерге арналған жаңа қолдау бағдарламасының ресми кездесуде таныстырылды.,0.9651939868927002,True,1,478,76,554,1.1428300810002838,1.149213400998633,0.0,1,1,0,1,0,,,,,,,,,
Experiment_1_Kazakh_Paraphrase_Generation_FINAL,a8a3d2d900f6743f3f62b9605d3c926c94868847b0fbdeaf9cc08d667155045c,35,education,llama,NousResearch/Meta-Llama-3.1-8B-Instruct,kazdiv,1,True,False,Пәнаралық тапсырмалардың маңызы әртүрлі салалардағы білімді біріктіруге мүмкіндік береді.,0.9331573247909546,True,1,604,1021,1625,15.2185575099993,15.231950710000092,0.0,13,13,0,11,2,5,6,0,0,15142506586798110834,0.95,1,,
Experiment_1_Kazakh_Paraphrase_Generation_FINAL,a8a606c5d366b7691b970c0b9f5aa7c5f1089e203959915ad3ba7e2da2d7651a,26,education,llama,NousResearch/Meta-Llama-3.1-8B-Instruct,kazdiv,1,True,False,Практикалық жобалар студенттерге жасырын білімін нақты мәселелерді шешуде қолдануға жағдай жасайды.,0.9198266267776489,True,1,594,582,1176,8.655154416999721,8.668160736999198,0.0,12,12,0,12,0,4,8,1,1,8293120249050972938,0.95,1,,
Experiment_1_Kazakh_Paraphrase_Generation_FINAL,a8f741b677480e3d2c9d58855134a4d3f7f8aaf4021412e53c75d65e55f4c983,69,technology,kazllm,issai/LLama-3.1-KazLLM-1.0-8B,baseline,3,True,False,Компьютерлік көру алгоритмдері кескіндердегі нысандарды автоматты түрде анықтау үшін қолданылады.,0.9786959886550903,True,1,496,55,551,0.832255405000069,0.8339331549996132,0.0,1,1,0,1,0,,,,,,,,,
Experiment_1_Kazakh_Paraphrase_Generation_FINAL,a9016edea8b431a7e72e99077d34ef819b2034ee5ef8f646b0787ab72064f63c,13,general,llama,NousResearch/Meta-Llama-3.1-8B-Instruct,kazdiv,4,True,False,Байланыс жұмысының сапасын жақсарту кері байланыс арқылы іске асады.,0.8337342739105225,True,1,587,497,1084,7.388862718000382,7.3998136179998255,0.0,12,12,0,12,0,7,5,4,6,17708513611274992162,0.95,1,,
Experiment_1_Kazakh_Paraphrase_Generation_FINAL,a919e875274ccdb063f13bf7ee7e09eb3ba02f653e80f601ecbd5e8374100f67,6,general,kazllm,issai/LLama-3.1-KazLLM-1.0-8B,baseline,5,True,False,"Кітап оқу адамның сөздік қорын кеңейтіп, ойлау қабілетін дамытуға көмектеседі.",1.0,False,1,499,56,555,0.8464128609994077,0.8480917510005384,0.0,1,1,0,0,1,,,,,,,,,
Experiment_1_Kazakh_Paraphrase_Generation_FINAL,a91c64016f682373e9bf3dca24e6571849815a5d5165fd39b7cacb570ef45a7c,80,technology,llama,NousResearch/Meta-Llama-3.1-8B-Instruct,kazdiv,5,True,False,Модельді оқыту нақты деректер шектеулі болған жағдайда жасанды деректерді қолдануға мүмкіндік береді.,0.8914014101028442,True,1,592,773,1365,11.511347816000125,11.523853836000853,0.0,13,10,3,10,0,1,9,0,0,15935645716606095825,0.95,1,,
Experiment_1_Kazakh_Paraphrase_Generation_FINAL,a9319d01f95479479ec7aae1af44404864494fca3c3ec537cb8eaef1d5fc9a84,6,general,llama,NousResearch/Meta-Llama-3.1-8B-Instruct,kazdiv,5,True,False,"Оқу кітаптары адамның сөздік қорын кеңейтіп, ойлау қабілетін нығайтуға көмектеседі.",0.9473646879196167,True,1,592,955,1547,14.224196425000628,14.237094043999605,0.0,13,13,0,13,0,7,6,1,1,12067203149154451314,0.95,1,,
Experiment_1_Kazakh_Paraphrase_Generation_FINAL,a933db841329c9f9ec28645c45e0b657823c676954ced05ab07365d4876c7c6e,38,education,llama,NousResearch/Meta-Llama-3.1-8B-Instruct,baseline,3,True,False,Қайта жазылған сөйлем: Зертханалық жұмыстар теорияны тәжірибеге түсіруге мүмкіндік береді.,0.8261083364486694,True,1,472,58,530,0.8782229630014626,0.8844666929999221,0.0,1,1,0,1,0,,,,,,,,,
Experiment_1_Kazakh_Paraphrase_Generation_FINAL,a958f18af5ae08947a75b12da918a76bb0067fe7fbd523cc63e2ca7b6e2af3d8,41,science,llama,NousResearch/Meta-Llama-3.1-8B-Instruct,kazdiv,3,True,False,Ғылыми зерттеулердің басты мақсаты нақты мәселені анықтау және оны талдап-танытқан кезде тексерілетін зерттеу сұрағын тұжырымдау,0.802556037902832,True,1,599,1138,1737,16.964016006999373,16.97374847700121,0.0,14,12,2,10,2,7,3,0,0,16279380713751507251,0.95,1,,
Experiment_1_Kazakh_Paraphrase_Generation_FINAL,a97c8706f80c768f7f56807d1c4005de414761ab69a6b4548d104bb7219ae159,91,news,llama,NousResearch/Meta-Llama-3.1-8B-Instruct,baseline,4,True,False,Қайта жазылған сөйлем: Өңірлік форумда білім беру мен өндірісте жасанды интеллекті қолдану мәселелері талқыланды.,0.9286439418792725,True,1,472,69,541,1.0390320320002502,1.0455797220001841,0.0,1,1,0,1,0,,,,,,,,,
Experiment_1_Kazakh_Paraphrase_Generation_FINAL,a99bda00a174d451e39c208257e4b3af257bfe34ce55386a5579cb8b409582f7,60,science,kazllm,issai/LLama-3.1-KazLLM-1.0-8B,baseline,5,True,False,Зерттеу нәтижелерінің практикалық маңызын бағалау статистикалық маңыздылығын ғана түсіндірумен шектелмейді.,0.9517959356307983,True,1,510,68,578,1.0242085099998803,1.030060439999943,0.0,1,1,0,1,0,,,,,,,,,
Experiment_1_Kazakh_Paraphrase_Generation_FINAL,a9a002e8dff76e2cf95f06d500ed95085c1d2627eb460e9f35230bb377318a56,91,news,kazllm,issai/LLama-3.1-KazLLM-1.0-8B,kazdiv,3,True,False,Өңірлік форумда білім беру мен өндірісте жасанды интеллект қолдану мәселелері талқыланды.,0.9903936386108398,True,1,615,668,1283,9.941515292999611,9.949841412999376,0.0,12,4,8,3,1,1,2,0,1,441837481206961368,0.95,1,,
Experiment_1_Kazakh_Paraphrase_Generation_FINAL,aa0a90e432201f9b2f9df1257693ee0e5c815359c9f6c66292c8fa84e322aa86,30,education,kazllm,issai/LLama-3.1-KazLLM-1.0-8B,baseline,1,True,False,Дәстүрлі оқыту әдістері дәстүрлі емес оқыту әдістерімен толықтырылуы мүмкін.,0.7740519046783447,True,1,507,56,563,0.8468646249998528,0.8536313750000772,0.0,1,1,0,1,0,,,,,,,,,
Experiment_1_Kazakh_Paraphrase_Generation_FINAL,aa14cfa46f2f9ce2762606a6087e8754b81e732d84dfed5f768f38512f3034dd,35,education,llama,NousResearch/Meta-Llama-3.1-8B-Instruct,baseline,3,True,False,Пәнаралық тапсырмалар әртүрлі салалардағы білімді бір мәселе төңірегінде біріктіруге мүмкіндік береді. Пәнаралық тапсырмалар әртүрлі салалардағы білімді бір мәселе төңірегінде біріктіруге мүмкіндік береді.,0.9432046413421631,True,1,486,135,621,2.0114216649999435,2.017647554999712,0.0,1,1,0,1,0,,,,,,,,,
Experiment_1_Kazakh_Paraphrase_Generation_FINAL,aa2d8431d1befbf58ab84a2a851ef7a21d93d13b9a0af7ddde0b2006786141b6,41,science,llama,NousResearch/Meta-Llama-3.1-8B-Instruct,kazdiv,1,True,False,Ғылыми зерттеулердің басталуы зерттеу сұрағын тұжырымдаудан және нақты мәселені анықтаудан басталады.,0.9599303007125854,True,1,599,871,1470,12.971562585998981,12.984344885999235,0.0,13,9,4,9,0,3,6,1,5,12636160862280567483,0.95,1,,
Experiment_1_Kazakh_Paraphrase_Generation_FINAL,aa6c02940c946745b88610644a35b0053b66a13fb8607beb2aa2e3e636d924f5,41,science,kazllm,issai/LLama-3.1-KazLLM-1.0-8B,baseline,3,True,False,Зерттеу зерттеуі нақты мәселені анықтаудан және тексерілетін зерттеу сұрағын тұжырымдаудан басталады.,0.957716166973114,True,1,506,64,570,0.9645779860002222,0.9707085860000007,0.0,1,1,0,1,0,,,,,,,,,
Experiment_1_Kazakh_Paraphrase_Generation_FINAL,aa831cb9aafca96dd9b89c022fa06fab7578abaaa7055485e82e357a42a9af25,71,technology,kazllm,issai/LLama-3.1-KazLLM-1.0-8B,baseline,5,True,False,Құрылғылар арасында деректерді автоматты түрде жинауға және алмасуға мүмкіндік беретін интернет заттары.,0.8903287649154663,True,1,499,61,560,0.9196540550001373,0.9255131449999681,0.0,1,1,0,1,0,,,,,,,,,
Experiment_1_Kazakh_Paraphrase_Generation_FINAL,aa869f1cc223e43bb0d0153eb94f9b9e0b4e83e11b92fb5e86b87a0c7832af51,18,general,kazllm,issai/LLama-3.1-KazLLM-1.0-8B,kazdiv,1,True,False,Адамның ойын анық жеткізуі және сапалы қарым-қатынас кезінде басқаларды тыңдауы өте маңызды.,0.9399794340133667,True,1,630,913,1543,13.605171914000039,13.614267324000139,0.0,13,7,6,7,0,2,5,0,0,6679100327635325531,0.95,1,,
Experiment_1_Kazakh_Paraphrase_Generation_FINAL,aae380f185e191706288fca736f28263e79c9e73492cc9aec06ae43b070cfaaa,49,science,kazllm,issai/LLama-3.1-KazLLM-1.0-8B,baseline,4,True,False,Нақты құбылыстың маңызды қасиеттерін ықшам түрде сипаттауға арналған ғылыми модель.,0.923424482345581,True,1,501,58,559,0.877360158999636,0.8835193089998938,0.0,1,1,0,1,0,,,,,,,,,
Experiment_1_Kazakh_Paraphrase_Generation_FINAL,ab2f876990ad44a001a551f273ab97ce440c1ceb205b1cafeec3cd545e05a85f,44,science,llama,NousResearch/Meta-Llama-3.1-8B-Instruct,baseline,2,True,False,Қайта жазылған сөйлем: Статистикалық талдау деректерде заңдылықтарды анықтауға және гипотезаларды бағалауға мүмкіндік береді.,0.9305150508880615,True,1,483,79,562,1.1867365809994226,1.1929779210004199,0.0,1,1,0,1,0,,,,,,,,,
Experiment_1_Kazakh_Paraphrase_Generation_FINAL,ab3817a59bb1f90081f983b14a430af107db668a09f5d2d52211e1d600ce99f0,95,news,kazllm,issai/LLama-3.1-KazLLM-1.0-8B,kazdiv,3,True,False,Қалаларда жастарға арналған тегін цифрлық дағдылар курстары ұйымдастырылып жатыр.,0.9028786420822144,True,2,1238,653,1891,9.745033475999662,9.755511486000614,0.0,12,8,4,8,0,1,7,0,4,8481907165554937535,0.95,2,,
Experiment_1_Kazakh_Paraphrase_Generation_FINAL,ab3ace71a7e00aa3591c8c5723c22f0149f6108a83880e3f23b54fd99b1ab26a,98,news,llama,NousResearch/Meta-Llama-3.1-8B-Instruct,baseline,3,True,False,Сөйлемді жаңа ақпаратсыз қайта жазу: Оқу орындары студенттердің өндірістік тәжірибесін күшейту үшін компаниялармен келісімдер жасасты.,0.8925659656524658,True,1,485,82,567,1.2325168099996517,1.2390762100003485,0.0,1,1,0,1,0,,,,,,,,,
Experiment_1_Kazakh_Paraphrase_Generation_FINAL,ab5c223e3453c9320e0a7e2db333c18756de4a11baafd39842479e59d47544c4,39,education,llama,NousResearch/Meta-Llama-3.1-8B-Instruct,baseline,5,True,False,Қойылатын ашық сұрақтар оқу барысында студенттердің дәлелді жауап құрастыру қабілетін дамытады.,0.9763381481170654,True,1,481,63,544,0.9504780529987329,0.9566219329990417,0.0,1,1,0,1,0,,,,,,,,,
Experiment_1_Kazakh_Paraphrase_Generation_FINAL,ab70f54ace33257d86598f61e9ebaf7e30217faf379549bbccae829ad54ad9f6,6,general,kazllm,issai/LLama-3.1-KazLLM-1.0-8B,kazdiv,4,True,False,"Кітап оқу адамның сөздік қорларын кеңейтіп, ойлау қабілетін дамытуға көмектеседі.",0.991680383682251,True,1,617,766,1383,11.408246490999773,11.416443571000855,0.0,13,3,10,2,1,1,1,0,1,10909829125209413012,0.95,1,,
Experiment_1_Kazakh_Paraphrase_Generation_FINAL,ab83a3e41adc2c7f3ccab00a536961e736585c4b70a354b982cf39b332ef7bd6,30,education,kazllm,issai/LLama-3.1-KazLLM-1.0-8B,baseline,2,True,False,Дәстүрлі оқыту әдістерінің мүмкіндіктерін толықтыра алатын цифрлық құралдарды дұрыс қолдануға болады.,0.9005481004714966,True,1,507,72,579,1.082214402000318,1.0879288720002478,0.0,1,1,0,1,0,,,,,,,,,
Experiment_1_Kazakh_Paraphrase_Generation_FINAL,aba268450fcf82c5cc653752881b79574de9c6d05c3c67116fd8dcbd0f1da643,20,general,llama,NousResearch/Meta-Llama-3.1-8B-Instruct,baseline,5,True,False,Қиын мәселені бірнеше қадамға бөлу оны шешу үдерісін жеңілдетеді.,0.9814249277114868,True,1,470,46,516,0.7002582240002084,0.7062142639988451,0.0,1,1,0,1,0,,,,,,,,,
Experiment_1_Kazakh_Paraphrase_Generation_FINAL,abc4167d1af1694f6ffc2bdd298d83efc3aefe77b80ce6648c14a7e7d8e8efde,51,science,llama,NousResearch/Meta-Llama-3.1-8B-Instruct,kazdiv,5,True,False,Деректерді алдын ала өңдеу кезінде қателердің анықталуы көп көңіл бөлінетін.,0.8739514350891113,True,1,595,600,1195,8.92708989699895,8.936180726999737,0.0,12,12,0,11,1,10,1,6,7,9872288004637597320,0.95,1,,
Experiment_1_Kazakh_Paraphrase_Generation_FINAL,abeeea162acd0c7e0228f395065dbc18b9515ac6130fa5f7bc601e533a025ce7,71,technology,llama,NousResearch/Meta-Llama-3.1-8B-Instruct,kazdiv,5,True,False,"Інтернет арқылы деректерді жинап, алмасуға қолайлы жағдай туғызады.",0.7907533049583435,True,1,592,650,1242,9.67521733600006,9.684714615999837,0.0,13,11,2,10,1,7,3,3,4,15805217964058795007,0.95,1,,
Experiment_1_Kazakh_Paraphrase_Generation_FINAL,ac087c9ab71292451f292f913d40bf20d9d8820034045c44aad1c9d2b6749bbe,9,general,llama,NousResearch/Meta-Llama-3.1-8B-Instruct,kazdiv,2,True,False,Ашық қарым-қатынастың азаюы адамды жаңа ортаға бейімделуіне кедергі жасайды.,0.7657496333122253,True,1,597,904,1501,13.471838493998803,13.481841684000756,0.0,13,13,0,11,2,7,4,3,7,1825481902195256731,0.95,1,,
Experiment_1_Kazakh_Paraphrase_Generation_FINAL,ac0eb883da90b45543520319713c02a5083b9b8d17c83fcac1acb0be3a25672d,48,science,kazllm,issai/LLama-3.1-KazLLM-1.0-8B,baseline,3,True,False,Зерттеу үлгісінің көлемі алынған нәтижелердің статистикалық тұрақтылығына әсер етуі мүмкін.,1.0,False,1,509,66,575,0.9944396199998664,0.9962530699999661,0.0,1,1,0,0,1,,,,,,,,,
Experiment_1_Kazakh_Paraphrase_Generation_FINAL,ac214fa9a1e708ce8d225682405a33b86cf06b49dfdb17c3dcea4830caf0891c,98,news,llama,NousResearch/Meta-Llama-3.1-8B-Instruct,baseline,1,True,False,Талаптарды орындаған жаңа сөйлем: Оқу орындары студенттердің тәжірибесін күшейту үшін компаниялармен келісімдер жасасты.,0.8529826402664185,True,1,485,71,556,1.0694829610001761,1.076118860999486,0.0,1,1,0,1,0,,,,,,,,,
Experiment_1_Kazakh_Paraphrase_Generation_FINAL,ac6ad02ca195d9a305d2980f2aa82d89b541bc06f5ae9a594655fdd038d4942e,31,education,kazllm,issai/LLama-3.1-KazLLM-1.0-8B,kazdiv,2,True,False,Білім нәтижелерінің сенімділігін қамтамасыз ету үшін академиялық адалдық қағидаларын сақтаңыз.,0.8844189643859863,True,1,624,792,1416,11.801538506999805,11.810077326999817,0.0,12,4,8,4,0,3,1,1,1,9733199328859730087,0.95,1,,
Experiment_1_Kazakh_Paraphrase_Generation_FINAL,ac701f834c6d5dae914276d5d7338ea1497350c7d2275674e1e69856165f1ab8,92,news,kazllm,issai/LLama-3.1-KazLLM-1.0-8B,baseline,4,True,False,Мемлекеттік кеңес мүшелері қалалық инфрақұрылымды дамытуға қатысты бірнеше ұсынысты қарады.,0.9347711205482483,True,1,508,60,568,0.9060809190004875,0.9125275689993941,0.0,1,1,0,1,0,,,,,,,,,
Experiment_1_Kazakh_Paraphrase_Generation_FINAL,ac94af9c8745ddbeda6379c95a546aae7c6983da438c7f5f0986a254cf72acda,95,news,kazllm,issai/LLama-3.1-KazLLM-1.0-8B,baseline,2,True,False,Қалада жастарға арналған тегін цифрлық дағдылар курстары ұйымдастырыла бастады.,0.9507805109024048,True,1,501,49,550,0.7467024039997341,0.7527135939999425,0.0,1,1,0,1,0,,,,,,,,,
Experiment_1_Kazakh_Paraphrase_Generation_FINAL,acd63c3dee059d5ca45f43c1421c82317c87ed9d8ed50e9913444a1a63695476,90,news,llama,NousResearch/Meta-Llama-3.1-8B-Instruct,baseline,2,True,False,Жаңа зертхана тәжірибелік жобалар жүргізуге студенттер мен жас ғалымдарға мүмкіндік береді.,0.9959830641746521,True,1,473,55,528,0.8327228529997228,0.839157542999601,0.0,1,1,0,1,0,,,,,,,,,
Experiment_1_Kazakh_Paraphrase_Generation_FINAL,aceaa4a3fa6683e4d337e700f424fd88019fce32cf323abcb9f89fb120feb345,49,science,kazllm,issai/LLama-3.1-KazLLM-1.0-8B,baseline,2,True,False,Нақты құбылыстың маңызды қасиеттерін ықшам түрде сипаттайтын ғылыми модель.,0.9060772657394409,True,1,501,51,552,0.7743740599999,0.7803266900000381,0.0,1,1,0,1,0,,,,,,,,,
Experiment_1_Kazakh_Paraphrase_Generation_FINAL,ad1916d3a9099e178b2ee9e20e038c1a62a82d204285a5414fd6e95a297b582b,56,science,llama,NousResearch/Meta-Llama-3.1-8B-Instruct,baseline,1,True,False,Сапалы аннотацияланған деректер машиналық оқыту модельдерін бағалаудың объективтік әдістеріне қажет.,0.94773930311203,True,1,465,52,517,0.789077253000869,0.7955698330006271,0.0,1,1,0,1,0,,,,,,,,,
Experiment_1_Kazakh_Paraphrase_Generation_FINAL,ad246a7d861c6db470193180bb62c0b5c3967599fd0f9d95ff92f21cdce96c38,83,news,llama,NousResearch/Meta-Llama-3.1-8B-Instruct,baseline,5,True,False,Мамандар алдағы маусымда жауын-шашын азаятынына байланысты су ресурстарын үнемді пайдалану қажеттілігіне назар аударды.,0.931833028793335,True,1,461,64,525,0.9656572919993778,0.9720812430005026,0.0,1,1,0,1,0,,,,,,,,,
Experiment_1_Kazakh_Paraphrase_Generation_FINAL,ad36eebb44c497783f2364bd898762028bff711ad87794bb5692401764e5f03d,24,education,kazllm,issai/LLama-3.1-KazLLM-1.0-8B,baseline,5,True,False,Топтық жұмыс студенттерге бірлесіп шешім қабылдау және пікір алмасу дағдыларын дамытуға көмектеседі.,0.9730851650238037,True,1,499,64,563,0.9643090859999575,0.9703489759999684,0.0,1,1,0,1,0,,,,,,,,,
Experiment_1_Kazakh_Paraphrase_Generation_FINAL,ad43f403b6b5104a92d828ae805f8857dc72e7c98deea20b966abc0198aae8e5,37,education,kazllm,issai/LLama-3.1-KazLLM-1.0-8B,kazdiv,2,True,False,Жоғары оқу орнын бітіргеннен кейін студенттің өзін-өзі оқыту дағдылары кәсіби даму үшін маңызды болып қала береді.,0.8853893280029297,True,1,620,924,1544,13.766522678000001,13.774557848000313,0.0,12,4,8,4,0,2,2,0,3,7831071362925496053,0.95,1,,
Experiment_1_Kazakh_Paraphrase_Generation_FINAL,ad4ab4ba2cf0e60515dfc4e408949380b8c3ab06b5e9caf00d5f7260d38a7b33,28,education,kazllm,issai/LLama-3.1-KazLLM-1.0-8B,kazdiv,5,True,False,Студенттің қабілеті мен білім алу қарқынын ескеретін жеке оқу траекториясы береді.,0.9390638470649719,True,1,614,652,1266,9.703819863999797,9.711950914000226,0.0,12,3,9,2,1,2,0,0,1,14006432415501227081,0.95,1,,
Experiment_1_Kazakh_Paraphrase_Generation_FINAL,ad5359c663b2593542994568203f0741dd2544368f3310a6ddd5ff1fc5ea2819,66,technology,llama,NousResearch/Meta-Llama-3.1-8B-Instruct,baseline,1,True,False,Мобильді қосымшаның ыңғайлы интерфейсі пайдаланушының сервисті меңгеру уақытын қысқартады. – Пайдаланушы ыңғайлы интерфейстің арқасында сервисті оңай ұстай алады.,0.9037235975265503,True,1,478,104,582,1.554254704999039,1.5609686950010655,0.0,1,1,0,1,0,,,,,,,,,
Experiment_1_Kazakh_Paraphrase_Generation_FINAL,ad8ea2a6254f3477671faeb2214bd8d9e8f763e41fe269d095f171762597d393,51,science,llama,NousResearch/Meta-Llama-3.1-8B-Instruct,baseline,4,True,False,Деректерді алдын ала өңдеу кезінде қателер мен жетіспейтін мәндерді дұрыс анықтау маңызды. Қайта жазылған сөйлем: Деректерді алдын ала өңдеу кезінде қателер мен жетіспейтін мәндердің дұрыс анықтауы маңызды.,0.9244905710220337,False,1,477,136,613,2.026136274000237,2.032487163998667,0.0,1,1,0,0,1,,,,,,,,,
Experiment_1_Kazakh_Paraphrase_Generation_FINAL,adc001d0dd368da3722b3a844ef440f13375747497825306f693bb4c39e2cab1,18,general,kazllm,issai/LLama-3.1-KazLLM-1.0-8B,kazdiv,3,True,False,Қарым-қатынас кезінде адамның ойын анық жеткізуі және өзгелерді мұқият тыңдауы маңызды.,0.9565808773040771,True,1,630,813,1443,12.110225497999863,12.118253427999889,0.0,12,3,9,3,0,1,2,0,0,7156090600990650260,0.95,1,,
Experiment_1_Kazakh_Paraphrase_Generation_FINAL,adc91111db012aa8bd6d2f1b7516fd4ab08c75082c5a59e5771013e9d7a2f3d3,49,science,kazllm,issai/LLama-3.1-KazLLM-1.0-8B,kazdiv,1,True,False,Нақты құбылыстың негізгі сипаттарын қысқаша мәлімдеу үшін ғылыми модель әзірленген.,0.8587335348129272,True,1,619,672,1291,10.008777384000041,10.016251433999969,0.0,12,2,10,2,0,1,1,0,1,4715683645846646423,0.95,1,,
Experiment_1_Kazakh_Paraphrase_Generation_FINAL,adff39e791888685b2beb0893233f6a602f3e09391e18a5fdf834417a50e0661,10,general,llama,NousResearch/Meta-Llama-3.1-8B-Instruct,baseline,4,True,False,Талаптарды орындағаннан кейін жаңа сөйлем: Ауыр кездерде бірге көмектесу мүмкіндігін беретін сапа.,0.6442095041275024,False,1,471,62,533,0.9361068720008916,0.942604272000608,0.0,1,1,0,0,1,,,,,,,,,
Experiment_1_Kazakh_Paraphrase_Generation_FINAL,ae04b8343c9e8ab016f50be44d8025c26c470c6baee9846b408005c25c88a1d6,30,education,kazllm,issai/LLama-3.1-KazLLM-1.0-8B,baseline,4,True,False,Цифрлық құралдарды тиімді пайдалану дәстүрлі білім беру әдістерінің мүмкіндіктерін толықтыра алады.,0.9430537223815918,True,1,507,63,570,0.9499804729998687,0.9558358629997201,0.0,1,1,0,1,0,,,,,,,,,
Experiment_1_Kazakh_Paraphrase_Generation_FINAL,ae1814d427dc1cc8efa98955864a209f392329466629c415929bec53622af818,50,science,llama,NousResearch/Meta-Llama-3.1-8B-Instruct,baseline,5,True,False,Тәжірибені бірнеше рет қайталау кездейсоқ ауытқулардың қорытындыға әсерін азайтады.,0.9752641916275024,True,1,476,56,532,0.8473725439998816,0.8491527839996706,0.0,1,1,0,1,0,,,,,,,,,
Experiment_1_Kazakh_Paraphrase_Generation_FINAL,ae18b4f10d9053856e44b20603d0d9d60ea4b7e93436f8e708308015711c5dea,16,general,kazllm,issai/LLama-3.1-KazLLM-1.0-8B,baseline,4,True,False,"Еріктілік қызметі қоғамға пайда әкеліп қана қоймай, адамның әлеуметтік тәжірибесін де кеңейтеді.",0.9657328128814697,True,1,507,70,577,1.0521317689999705,1.0578575590000128,0.0,1,1,0,1,0,,,,,,,,,
Experiment_1_Kazakh_Paraphrase_Generation_FINAL,ae27e44274e01bbb828626b1a30f337c8e1c3dbd04ad8582b48871f177d43310,20,general,llama,NousResearch/Meta-Llama-3.1-8B-Instruct,baseline,4,True,False,"Дұрыс жауап: Бірнеше жаңа мәселені бірнеше жаңа қадамға бөле отырып, оны шешу үдерісін жеңілдетеді.",0.8332636952400208,True,1,470,71,541,1.0686246509994817,1.074735721000252,0.0,1,1,0,1,0,,,,,,,,,
Experiment_1_Kazakh_Paraphrase_Generation_FINAL,ae32802e32456697b5fe464ea846350402f13e1e0cff05785bf61920366ec072,70,technology,kazllm,issai/LLama-3.1-KazLLM-1.0-8B,kazdiv,5,True,False,Бағдарламаның өнімділігін оңтайландыру есептеу ресурстарының тиімді пайдаланылуына мүмкіндік береді.,0.9938147068023682,True,1,619,720,1339,10.724222093999742,10.731509133000145,0.0,12,2,10,1,1,1,0,0,1,546844571466218312,0.95,1,,
Experiment_1_Kazakh_Paraphrase_Generation_FINAL,ae4fd7bcf7b75e35339592098c239fe78b08020aec99d3ac83acd7c41c3c84e5,17,general,llama,NousResearch/Meta-Llama-3.1-8B-Instruct,baseline,2,True,False,Қысқартылған жұмыс күндерінде күн тәртібін сақтау жұмыс пен демалыс арасындағы тепе-теңдікті қалыптастыруға көмектеседі.,0.9243757724761963,True,1,481,85,566,1.273733108999295,1.2801813799997035,0.0,1,1,0,1,0,,,,,,,,,
Experiment_1_Kazakh_Paraphrase_Generation_FINAL,ae5120da31b34edb4cd54510b9544a4bfdfb3eb7d0c2f98383cf99e7c8ef7852,24,education,llama,NousResearch/Meta-Llama-3.1-8B-Instruct,baseline,4,True,False,Шетелдерде басқару ісінде студенттердің пікір алмасу және бірлесіп шешім қабылдау дағдыларын дамытып отырады.,0.8346671462059021,True,1,474,64,538,0.9656312089991843,0.971917429998939,0.0,1,1,0,1,0,,,,,,,,,
Experiment_1_Kazakh_Paraphrase_Generation_FINAL,ae7a4b00e4401559abb22e876f26a419c5f76033928c442c529fe238b3517815,17,general,llama,NousResearch/Meta-Llama-3.1-8B-Instruct,baseline,4,True,False,Қозғалыс тәртібін сақтау жұмыс пен демалыс арасындағы тепе-теңдікті қалыптастыруға көмектеседі.,0.926099419593811,True,1,481,66,547,0.9950521419996221,1.001338351999948,0.0,1,1,0,1,0,,,,,,,,,
Experiment_1_Kazakh_Paraphrase_Generation_FINAL,ae911b026f53e603b8159fdb5f8e9af501499e7979beebd1160f53435c6c7ffa,7,general,llama,NousResearch/Meta-Llama-3.1-8B-Instruct,baseline,3,True,False,Дұрыс тамақтану мен белсенді қозғалыс сапалы өмір сүруге де әсер етеді.,0.9108837246894836,True,1,471,46,517,0.7003944240004785,0.7065819540002849,0.0,1,1,0,1,0,,,,,,,,,
Experiment_1_Kazakh_Paraphrase_Generation_FINAL,aea2934e97a130b856e9c932333f67e3f6062f2cdefcf4cb873075e1b4bd5326,18,general,kazllm,issai/LLama-3.1-KazLLM-1.0-8B,kazdiv,5,True,False,Адамның сапалы қарым-қатынаста өз ойын анық жеткізуі және басқаларды мұқият тыңдауы маңызды.,0.9284533262252808,True,1,630,891,1521,13.266983484000093,13.279463694000015,0.0,13,3,10,3,0,2,1,0,0,11346071219656980060,0.95,1,,
Experiment_1_Kazakh_Paraphrase_Generation_FINAL,aed8d6dfe94c7e8148412615358b53c8e8595a46d4027dc171f15292d8fa0a20,10,general,kazllm,issai/LLama-3.1-KazLLM-1.0-8B,kazdiv,2,True,False,Қиын жағдайларда отбасылық қолдау маңызды.,0.8282997012138367,True,1,614,485,1099,7.214652263000062,7.223315902999957,0.0,12,9,3,9,0,4,5,2,2,10109907650743825702,0.95,1,,
Experiment_1_Kazakh_Paraphrase_Generation_FINAL,aee934a20484c3f8431be0fd10305a35abcb05f1444a61d2129e0330a403b63e,14,general,kazllm,issai/LLama-3.1-KazLLM-1.0-8B,kazdiv,1,True,False,Әртүрлі көзқарастарды тыңдау мәселені толық түсінуге мүмкіндік береді.,0.9701235890388489,True,1,616,617,1233,9.179409798000052,9.187532007999835,0.0,12,2,10,2,0,1,1,0,0,8949392784347369557,0.95,1,,
Experiment_1_Kazakh_Paraphrase_Generation_FINAL,aef84d08d7ec3ab5a4409c67d2421806dc1a5cffd0bb6e9a66cfeafb90ab15fc,64,technology,kazllm,issai/LLama-3.1-KazLLM-1.0-8B,baseline,5,True,False,Киберқауіпсіздік жүйелері ақпараттық ресурстарды рұқсатсыз қол жеткізуден қорғауға бағытталған.,1.0,False,1,511,68,579,1.024468629000694,1.0262477989999752,0.0,1,1,0,0,1,,,,,,,,,
Experiment_1_Kazakh_Paraphrase_Generation_FINAL,aefc1144f4816c3d30632c66c72261921bab949f1ee96f0a04105fac5cc49243,23,education,llama,NousResearch/Meta-Llama-3.1-8B-Instruct,baseline,2,True,False,"Қайта жазылған сөйлем: Оқытушының уақтылы кері байланысы студентті өз қателерін түсініп, нәтижесін жақсартуға көмектеседі.",0.9468861222267151,True,1,487,85,572,1.274033805999352,1.280175017000147,0.0,1,1,0,1,0,,,,,,,,,
Experiment_1_Kazakh_Paraphrase_Generation_FINAL,aefe4c3be211d74647869397dc1c8c62629758a1bd06857f66cdb90340669ebd,5,general,kazllm,issai/LLama-3.1-KazLLM-1.0-8B,kazdiv,5,True,False,Әр адам қоршаған ортаны таза ұстауға міндетті.,0.9039611220359802,True,1,604,437,1041,6.49579946699987,6.504128817000037,0.0,12,5,7,5,0,2,3,1,2,243218250440112021,0.95,1,,
Experiment_1_Kazakh_Paraphrase_Generation_FINAL,af032edb2a191c1684b972a9df3102dc08a5a484bfe634836353e7c7ad03f052,31,education,kazllm,issai/LLama-3.1-KazLLM-1.0-8B,baseline,4,True,False,Академиялық адалдық нормаларын сақтау – білім нәтижелерінің сенімділігін қамтамасыз ететін шарт.,0.9469785690307617,True,1,506,61,567,0.9203607650001686,0.9264805650000199,0.0,1,1,0,1,0,,,,,,,,,
Experiment_1_Kazakh_Paraphrase_Generation_FINAL,af12893698f562b9d772c45b2364bf6d771fa798a96eacd157a4dfbf22fcccbe,67,technology,kazllm,issai/LLama-3.1-KazLLM-1.0-8B,kazdiv,1,True,False,Деректерді шифрлау құпия ақпаратты үшінші тұлғалардың оқуынан қорғаудың негізгі жолдарының бірі болып табылады.,0.9908101558685303,True,1,640,1071,1711,15.975553911999668,15.98550403199988,0.0,12,9,3,9,0,2,7,1,6,18327629850528890048,0.95,1,,
Experiment_1_Kazakh_Paraphrase_Generation_FINAL,af360ad4de0047ab183a77f7f3b2f65293a5366e38c4a5fc96b59670ba0078e1,97,news,kazllm,issai/LLama-3.1-KazLLM-1.0-8B,kazdiv,2,True,False,Қалдықтарды бөлу мәдениетін дамытуға ықпал ететін жаңа экологиялық жоба бар деп санайды мамандар.,0.8488097190856934,True,1,625,771,1396,11.484542680999766,11.496596080999552,0.0,12,9,3,9,0,3,6,2,4,16804990944513793614,0.95,1,,
Experiment_1_Kazakh_Paraphrase_Generation_FINAL,af825357ab9545d11d07bd5e0d8af9cd605693dc835c79d0d82a7dca3489aa20,57,science,kazllm,issai/LLama-3.1-KazLLM-1.0-8B,baseline,1,True,False,Ғылыми мақалада қолданылған дереккөздер зерттеу тұжырымдарын жеткілікті деңгейде негіздеуі керек.,1.0,False,1,503,60,563,0.9060810310002125,0.9121305910002775,0.0,1,1,0,0,1,,,,,,,,,
Experiment_1_Kazakh_Paraphrase_Generation_FINAL,b000bd53e61f05a193efffb5558fe276a09c9a61c6bd2b5af5bfe4f2742ff4e7,5,general,llama,NousResearch/Meta-Llama-3.1-8B-Instruct,baseline,4,True,False,Қоршаған ортаны таза ұстау әр адамның жауапкершілігінен басталады.,0.9999999403953552,False,1,461,43,504,0.65578593400096,0.6575527739987592,0.0,1,1,0,0,1,,,,,,,,,
Experiment_1_Kazakh_Paraphrase_Generation_FINAL,b006b6155c271ef9c77e52cc191601ba0a98e6e5069a8f1adc9ade245bb5f459,41,science,llama,NousResearch/Meta-Llama-3.1-8B-Instruct,kazdiv,2,True,False,"Зерттеу процесі тексерілетін сұрақты тұжырымдаудан басталып, оның шешімін табуға жұмылған.",0.8264989852905273,True,1,599,667,1266,9.925287777999984,9.93679604799945,0.0,13,10,3,3,7,3,0,1,3,2600928828791084737,0.95,1,,
Experiment_1_Kazakh_Paraphrase_Generation_FINAL,b020aa2337feeb4c82b1c445560e3d5e1c9bcfb1d67ff74dffbe6ebd9714a425,18,general,llama,NousResearch/Meta-Llama-3.1-8B-Instruct,kazdiv,3,True,False,Өзгелерді тыңдау және ойын анық жеткізу сапалы қарым-қатынастың маңызды ерекшеліктері болып табылады.,0.8562290072441101,True,1,605,836,1441,12.455499013998633,12.464994223999383,0.0,13,12,1,12,0,4,8,3,10,72505595221651083,0.95,1,,
Experiment_1_Kazakh_Paraphrase_Generation_FINAL,b0697a15661b494649c424ae84987795556a1be1bf9572eebbd261496c76e1ba,8,general,llama,NousResearch/Meta-Llama-3.1-8B-Instruct,kazdiv,3,True,False,Қоғамдық орындарда ортақ ережелерді сақтау олардың ұстанатын құрметтілік тәртібін білдіреді.,0.8983213901519775,True,1,608,772,1380,11.496216036999613,11.508529426999303,0.0,12,12,0,12,0,6,6,2,2,18098287208949674508,0.95,1,,
Experiment_1_Kazakh_Paraphrase_Generation_FINAL,b06da856b8ee26efe2bcaae26a7391d3ac072e466d691b02e74beb56aaac4137,78,technology,llama,NousResearch/Meta-Llama-3.1-8B-Instruct,kazdiv,1,True,False,Жүйенің резервтік көшірмелері техникалық ақаулар кезінде маңызды деректерді қалпына келтіруге қолдайды.,0.9837743043899536,True,1,602,1027,1629,15.309094025999002,15.319451974999538,0.0,12,12,0,12,0,2,10,0,0,11929777391508857403,0.95,1,,
Experiment_1_Kazakh_Paraphrase_Generation_FINAL,b124e97db32ed9a61cd4ff066e0af55b5f63de7e51b938de88c636a088880b6a,51,science,kazllm,issai/LLama-3.1-KazLLM-1.0-8B,kazdiv,1,True,False,Деректерді алдын ала өңдеу кезінде қателер мен жетіспейтін мәндерді анықтау қажет,0.9115016460418701,True,1,620,646,1266,9.615745223999966,9.623117604000072,0.0,12,2,10,2,0,1,1,0,1,18416591949672021668,0.95,1,,
Experiment_1_Kazakh_Paraphrase_Generation_FINAL,b13b97e0145618866796483ccdc1d1535c09554138c7d451819b472ff48d4fa4,34,education,kazllm,issai/LLama-3.1-KazLLM-1.0-8B,baseline,5,True,False,Студенттерге жаңа ұғымдарды үйренуді жеңілдету үшін мысалдар арқылы күрделі тақырыптарды түсіндіру қажет.,0.8564994931221008,True,1,509,71,580,1.0675554649997139,1.0732207850001032,0.0,1,1,0,1,0,,,,,,,,,
Experiment_1_Kazakh_Paraphrase_Generation_FINAL,b1446be51829556b345bdc9364f5380f83332f007fc6c6a02ddf170bb3b6d116,90,news,kazllm,issai/LLama-3.1-KazLLM-1.0-8B,kazdiv,5,True,False,Жаңа зертхананың мақсаты студенттер мен жас ғалымдарға тәжірибелік жобалар жүргізуге мүмкіндік беру.,0.9236182570457458,True,1,616,735,1351,10.94914690099995,10.95826845099964,0.0,12,6,6,5,1,2,3,0,5,1447773714337437741,0.95,1,,
Experiment_1_Kazakh_Paraphrase_Generation_FINAL,b14be1923fe68dcb280c777ceece333a3571f13fd3627d2e3a0b3c5081c10ee7,3,general,llama,NousResearch/Meta-Llama-3.1-8B-Instruct,baseline,1,True,False,Адамдар арасындағы өзара сенім қоғамдағы өзара байланысты нығайтуға ықпал етеді.,0.9834713935852051,True,1,474,61,535,0.9216833599984966,0.9277853599996888,0.0,1,1,0,1,0,,,,,,,,,
Experiment_1_Kazakh_Paraphrase_Generation_FINAL,b14dfe0411d8cebc91af251a93441006ed690975d4337d6b182a1f48353d2c24,77,technology,kazllm,issai/LLama-3.1-KazLLM-1.0-8B,kazdiv,5,True,False,Өндіріс ортасына модельді енгізгеннен кейін оның сапасын үнемі қадағалау қажет.,0.9571399688720703,True,1,621,602,1223,8.96239800300009,8.970931212999858,0.0,12,6,6,6,0,1,5,0,3,13251485079965350893,0.95,1,,
Experiment_1_Kazakh_Paraphrase_Generation_FINAL,b19a680abcde3359c12d1ffca298890f5b7032aba6878d3696f70adef1df02ce,65,technology,llama,NousResearch/Meta-Llama-3.1-8B-Instruct,kazdiv,3,True,False,"Бағдарламалық жасақтаманың тінтімін іске асыруға көмектеседі, қателерді ерте анықтауға тестілеу құралдарын қолдана отырып",0.8687546253204346,True,1,598,1033,1631,15.395072150999113,15.40558017100011,0.0,12,12,0,12,0,6,6,3,5,7480296112535161774,0.95,1,,
Experiment_1_Kazakh_Paraphrase_Generation_FINAL,b1b42b11b18da66a7b908b3d637a19100ccc77c3fcaf0635efd48401659580e8,57,science,llama,NousResearch/Meta-Llama-3.1-8B-Instruct,baseline,2,True,False,Ғылыми мақалада қолданылған дереккөздердің үлгілері зерттеу тұжырымдарын жеткілікті деңгейде негіздеуі керек.,0.9742834568023682,True,1,478,69,547,1.0394473810010822,1.0456459610013553,0.0,1,1,0,1,0,,,,,,,,,
Experiment_1_Kazakh_Paraphrase_Generation_FINAL,b1b6ab99e94bedf71211d42c507bd78421a33a12a88a27907cb19eb0b78521ec,20,general,kazllm,issai/LLama-3.1-KazLLM-1.0-8B,baseline,2,True,False,Қиын мәселені кішігірім бөліктерге бөлу оны шешу процесін жеңілдетеді.,0.9482876062393188,True,1,495,43,538,0.6556490830000712,0.6612788729999011,0.0,1,1,0,1,0,,,,,,,,,
Experiment_1_Kazakh_Paraphrase_Generation_FINAL,b1d07836cd5197ac7d4c5f25f3d56dd9c7b648e2cc6f2276147d100e4c082f7d,31,education,kazllm,issai/LLama-3.1-KazLLM-1.0-8B,kazdiv,4,True,False,Академиялық адалдық ережелерін сақтау білім нәтижелерінің сенімділігін қамтамасыз ететін маңызды фактор болып табылады.,0.9124163389205933,True,1,624,764,1388,11.379921560000184,11.388753130000168,0.0,12,6,6,6,0,4,2,3,4,2300429803724039014,0.95,1,,
Experiment_1_Kazakh_Paraphrase_Generation_FINAL,b1f81ee485f532c4249481132d10fc008be75d4693e10996a74f86e2d7e733f6,8,general,kazllm,issai/LLama-3.1-KazLLM-1.0-8B,kazdiv,1,True,False,Қоғамдық орындарда басқалармен қарым-қатынас орнату үшін әдеттегі ережелерді сақтау маңызды.,0.8286574482917786,True,2,1266,1960,3226,29.235159084999395,29.247016825000173,0.0,12,4,8,4,0,2,2,1,2,2700433925854319497,0.95,2,,
Experiment_1_Kazakh_Paraphrase_Generation_FINAL,b20249eea2f521e424a266a195ad40a8b400189e56c32b725eb209289fb0e0b7,89,news,llama,NousResearch/Meta-Llama-3.1-8B-Instruct,baseline,2,True,False,Сарапшылар еңбек нарығында деректерді талдау әдістеріне сұраныс өсіп келе жатқанын атап өтті.,0.9470919370651245,True,1,479,60,539,0.907218592999925,0.9135270829992805,0.0,1,1,0,1,0,,,,,,,,,
Experiment_1_Kazakh_Paraphrase_Generation_FINAL,b22424fcf8f600c02a5e1152592feb6c10887669afdcabf455500748dbac32aa,55,science,kazllm,issai/LLama-3.1-KazLLM-1.0-8B,baseline,5,True,False,Зерттеушілер әдісті таңдағанда оның артықшылықтарымен қатар шектеулерін де ескеруі қажет.,0.9965255260467529,True,1,498,55,553,0.8326862210005856,0.8344080910001139,0.0,1,1,0,1,0,,,,,,,,,
Experiment_1_Kazakh_Paraphrase_Generation_FINAL,b2608efa3dada0d9578757f096b4b476a17f6925bb385316948498f6cdc5a6a5,81,news,kazllm,issai/LLama-3.1-KazLLM-1.0-8B,kazdiv,4,True,False,Қоғамдық көлік бағыттарын тұрғындардың ұсыныстары негізінде қала әкімдігі қайта қарайды,0.8576587438583374,True,1,635,937,1572,13.969094145999406,13.978646845000185,0.0,12,12,0,11,1,2,9,0,1,17078672746919783033,0.95,1,,
Experiment_1_Kazakh_Paraphrase_Generation_FINAL,b2e6fe6482f73c2c8d1d616a78fac7c7a768926a384e7c6d6b54970f331b6086,67,technology,llama,NousResearch/Meta-Llama-3.1-8B-Instruct,kazdiv,1,True,False,Деректерді шифрлау оларды үшінші адамдардың оқуынан қорғауға арналған құпия ақпаратты қорғау тәсілдерінің бірі.,0.9488061666488647,True,1,615,1063,1678,15.844550305999292,15.855404556001304,0.0,13,12,1,12,0,3,9,1,2,7347137340906745669,0.95,1,,
Experiment_1_Kazakh_Paraphrase_Generation_FINAL,b315471a19a7b3a438ff4e1afa93a71e673b6509046aef62d8c43167e26fc865,21,education,llama,NousResearch/Meta-Llama-3.1-8B-Instruct,baseline,3,True,False,Сөйлемді жаңа сөздермен қайта жазып беру тапсырысы: Модерн оқу жүйесі студенттердің теориялық білімін практикалық дағдылармен ұштастыруға бағытталады.,0.8119656443595886,True,1,480,92,572,1.3779268149992276,1.3842876550006622,0.0,1,1,0,1,0,,,,,,,,,
Experiment_1_Kazakh_Paraphrase_Generation_FINAL,b3560bcbf19d5456ad3cecdc4183dafb79134a4f63a27d87dd505cf9f2f02718,58,science,llama,NousResearch/Meta-Llama-3.1-8B-Instruct,baseline,5,True,False,"Корреляция екі айнымалы арасындағы байланысты көрсеткенімен, себеп-салдар қатынасын өздігінен дәлелдемейді. - Корреляция екі айнымалының байланысын көрсеткенімен, себеп-салдардың өздігінен дәлелдеу қабілетін береді.",0.8997448086738586,True,1,482,130,612,1.9377117839994753,1.9444425140009116,0.0,1,1,0,1,0,,,,,,,,,
Experiment_1_Kazakh_Paraphrase_Generation_FINAL,b35d92f8c66e1ebfb45bda32a528a407b17574414ba7a0971b2c3166a47cf8f7,65,technology,llama,NousResearch/Meta-Llama-3.1-8B-Instruct,kazdiv,2,True,False,Бағдарламалық жасақтаманы тестілеу әдіспен қателерді ерте анықтауға көмектеседі.,0.9167551398277283,True,1,598,1064,1662,15.868196876001093,15.878459626001131,0.0,13,12,1,12,0,3,9,1,2,13433799500019415351,0.95,1,,
Experiment_1_Kazakh_Paraphrase_Generation_FINAL,b38f52290d1710a829d00c6661ff3c4867a55fc67b31e2111461c81b7c99db8f,14,general,kazllm,issai/LLama-3.1-KazLLM-1.0-8B,kazdiv,3,True,False,Мәселені жан-жақты түсіну үшін әртүрлі көзқарастарды тыңдау маңызды.,0.9136849641799927,True,1,616,659,1275,9.804637710999941,9.813438230999964,0.0,12,10,2,10,0,3,7,1,1,7987109295428187342,0.95,1,,
Experiment_1_Kazakh_Paraphrase_Generation_FINAL,b3a94e096581e306f0f2b8865dc58889a8302c03ddc1932d2a4fb63deab22ec9,52,science,llama,NousResearch/Meta-Llama-3.1-8B-Instruct,kazdiv,5,True,False,"Зерттеу нәтижелерін суреттей отырып, күрделі байланыстардың құрлығын түсінуге мүмкіндік береді.",0.824402391910553,True,1,585,753,1338,11.208120388999305,11.219917149001049,0.0,13,13,0,13,0,7,6,6,9,7121310152177605266,0.95,1,,
Experiment_1_Kazakh_Paraphrase_Generation_FINAL,b3ce41f6ce0db931c3b4aa345a86c703b188aa60b43bcee9b2c556e4b0496ff0,71,technology,kazllm,issai/LLama-3.1-KazLLM-1.0-8B,baseline,1,True,False,"Интернет заттары құрылғылардың өзара байланысы арқылы деректерді автоматты түрде жинап, алмасуға мүмкіндік береді.",0.9734342098236084,True,1,499,69,568,1.0378837339994789,1.0448043540000072,0.0,1,1,0,1,0,,,,,,,,,
Experiment_1_Kazakh_Paraphrase_Generation_FINAL,b443216594ec3a050e68ba831208b8566070f42142377d43c05b634412427ab4,1,general,kazllm,issai/LLama-3.1-KazLLM-1.0-8B,kazdiv,5,True,False,Күнделікті өмірде уақытты тиімді пайдалану үшін дұрыс жоспарлау қажет,0.8835657835006714,True,1,611,615,1226,9.157466439000018,9.168556450000096,0.0,12,4,8,4,0,2,2,1,3,13130429543233866948,0.95,1,,
Experiment_1_Kazakh_Paraphrase_Generation_FINAL,b45318efe8edede66d4ddf53a3fdef33740074ca896c7e20fa693b19873302b4,45,science,llama,NousResearch/Meta-Llama-3.1-8B-Instruct,kazdiv,5,True,False,"Ғылыми мағлұматтарды жинап, қорытынды жасау қажет.",0.765300989151001,True,1,595,581,1176,8.636753897000744,8.647126347001176,0.0,14,13,1,11,2,8,3,2,4,11207871077985631980,0.95,1,,
Experiment_1_Kazakh_Paraphrase_Generation_FINAL,b464f8a2149bcdd5f774e6f12467a4d44e5de8e70130696fe4858e30432f102d,71,technology,llama,NousResearch/Meta-Llama-3.1-8B-Instruct,baseline,4,True,False,"Талаптарды орындай отырып жаңа ақпаратсыз қазақ тілінде жаңа сөйлем түріндегі сөйлем: Інтернет арқылы деректер жиналып, таралады.",0.5908868908882141,False,1,474,81,555,1.216393868000523,1.2227935179998894,0.0,1,1,0,0,1,,,,,,,,,
Experiment_1_Kazakh_Paraphrase_Generation_FINAL,b4eb8618830b7c11781364d7dad7cd6ea717a2e97d2ac748b9cd054abe9bacb3,50,science,kazllm,issai/LLama-3.1-KazLLM-1.0-8B,baseline,5,True,False,Тәжірибені бірнеше рет қайталау кездейсоқ ауытқулардың қорытындыға әсерін төмендетеді.,1.0,False,1,501,58,559,0.8771013099999436,0.8787917489999018,0.0,1,1,0,0,1,,,,,,,,,
Experiment_1_Kazakh_Paraphrase_Generation_FINAL,b54a98f32ec17aba0e91cca6f44655a92ecade88efa969536701527f88a16bdd,16,general,kazllm,issai/LLama-3.1-KazLLM-1.0-8B,baseline,5,True,False,Еріктілік қызметі қоғамға пайда әкелумен қатар адамның әлеуметтік тәжірибесін кеңейтеді.,1.0,False,1,507,64,571,0.9640074379999533,0.9656802380000045,0.0,1,1,0,0,1,,,,,,,,,
Experiment_1_Kazakh_Paraphrase_Generation_FINAL,b5b233ae908299de2e559decc7465501222602af669db571ec4856fb2bc0382c,20,general,kazllm,issai/LLama-3.1-KazLLM-1.0-8B,baseline,4,True,False,Күрделі мәселені бірнеше шағын қадамдарға бөлу оны шешу процесін жеңілдетеді.,0.9802197813987732,True,1,495,52,547,0.7884580390000338,0.7940927979998378,0.0,1,1,0,1,0,,,,,,,,,
Experiment_1_Kazakh_Paraphrase_Generation_FINAL,b5f78871d86d20098960072644ffa224d4ee5f486e5bba5001805b7e35891fc9,57,science,kazllm,issai/LLama-3.1-KazLLM-1.0-8B,baseline,5,True,False,Ғылыми мақалада қолданылған дереккөздер зерттеу нәтижелерін жеткілікті деңгейде дәлелдеуі қажет.,0.9613267183303833,True,1,503,62,565,0.9354566609999893,0.9413789210002506,0.0,1,1,0,1,0,,,,,,,,,
Experiment_1_Kazakh_Paraphrase_Generation_FINAL,b623b308f02da31ea6c05cac3ea81e84079ff640f4c37340cecf4de4e22a8136,30,education,kazllm,issai/LLama-3.1-KazLLM-1.0-8B,kazdiv,1,True,False,Цифрлық құралдарды пайдалану дәстүрлі оқыту әдістерін жақсартуға көмектеседі.,0.8966770172119141,True,1,625,728,1353,10.845051347000208,10.853785146000064,0.0,12,7,5,7,0,5,2,2,6,17409919840337577554,0.95,1,,
Experiment_1_Kazakh_Paraphrase_Generation_FINAL,b62c2fb0857dad604bc505ff79059afa16e838b9b17673f99dc90bb4996ae83d,38,education,kazllm,issai/LLama-3.1-KazLLM-1.0-8B,baseline,5,True,False,Зертханалық жұмыстар теориялық заңдылықтарды тәжірибе арқылы тексеруге мүмкіндік береді.,1.0,False,1,497,54,551,0.818305607000184,0.8199859569999717,0.0,1,1,0,0,1,,,,,,,,,
Experiment_1_Kazakh_Paraphrase_Generation_FINAL,b65018f296af3f98cbfbc51840749798ec406bcbdf927303c025fffa1597d3d5,55,science,llama,NousResearch/Meta-Llama-3.1-8B-Instruct,baseline,1,True,False,Талаптарды орындаған жаңа сөйлем: Өңдеп жұмыс істеушілер әдістері таңдағанда оның жақшылдықтарымен қатар шектеулерін де ескеруі керек.,0.7133974432945251,False,1,473,87,560,1.3039454089994251,1.310207619000721,0.0,1,1,0,0,1,,,,,,,,,
Experiment_1_Kazakh_Paraphrase_Generation_FINAL,b6555aed4ec76ad31b773c347cbeee3b3315046a43f39582f63443600a6fccb6,94,news,kazllm,issai/LLama-3.1-KazLLM-1.0-8B,kazdiv,5,True,False,Ғылыми конференцияда зерттеушілер деректер қауіпсіздігі мен жасанды интеллект этикасын талқылаған.,0.9782271385192871,True,1,614,620,1234,9.231897367999409,9.239363898000192,0.0,12,3,9,3,0,1,2,0,0,14287868843687667036,0.95,1,,
Experiment_1_Kazakh_Paraphrase_Generation_FINAL,b65735ba97bd6ab341d614eefefedaefa8a175152897b80f9d2c7047dd9b83a9,50,science,llama,NousResearch/Meta-Llama-3.1-8B-Instruct,baseline,2,True,False,Тәжірибені әрқайсысы бірнеше рет қайталағанда кездейсоқ ауытқулардың қорытындыға әсері төмендейді.,0.9262588024139404,True,1,476,70,546,1.0539730019991111,1.0602854120006668,0.0,1,1,0,1,0,,,,,,,,,
Experiment_1_Kazakh_Paraphrase_Generation_FINAL,b687cf707e059b6d350ff54a7528090f7e36631e07f69269b1fc9f9abded58d4,51,science,llama,NousResearch/Meta-Llama-3.1-8B-Instruct,kazdiv,1,True,False,Деректерді өңдеу кезінде маңызды қателерді дұрыс анықтау жетіспейтін мәндерді анықталуы қажет.,0.8984204530715942,True,1,595,798,1393,11.874054673999126,11.88613620400065,0.0,13,12,1,12,0,6,6,5,6,15368620306369712091,0.95,1,,
Experiment_1_Kazakh_Paraphrase_Generation_FINAL,b68a7e74fa0e3c0d461bb3ae370e4800278e1057afb1b4e7894d135ee83bbd6f,39,education,llama,NousResearch/Meta-Llama-3.1-8B-Instruct,baseline,1,True,False,Оқудағы ашық сұрақтар студенттердің дәлелдемелер жасау қабілетін арттырады.,0.935655951499939,True,1,481,50,531,0.759434223999051,0.7658785340008762,0.0,1,1,0,1,0,,,,,,,,,
Experiment_1_Kazakh_Paraphrase_Generation_FINAL,b6984947a230b093621f63dafb10da7a517c21422018153335ac0613bf0aedb7,68,technology,kazllm,issai/LLama-3.1-KazLLM-1.0-8B,kazdiv,4,True,False,Өндірістегі қайталанатын әрекеттерді автоматтандыру үшін роботтандырылған жүйелер пайдаланылады.,0.8871068954467773,True,1,620,722,1342,10.758084993000011,10.767474282999501,0.0,12,8,4,8,0,2,6,1,2,8032780500216516546,0.95,1,,
Experiment_1_Kazakh_Paraphrase_Generation_FINAL,b69f76c35a9f15419be669ef3b496eb62b2b9cdc2dc62cb0f567500b908adeaa,3,general,kazllm,issai/LLama-3.1-KazLLM-1.0-8B,baseline,2,True,False,Қоғамдағы өзара сенім адамдар арасындағы байланысты нығайтуға ықпал етеді.,1.0,False,1,499,56,555,0.8465529539998897,0.8482809440001802,0.0,1,1,0,0,1,,,,,,,,,
Experiment_1_Kazakh_Paraphrase_Generation_FINAL,b6a48fc98d9d0deff8028d4f1e7e09b1fda879b481f521777d6c17a6d027b31a,42,science,llama,NousResearch/Meta-Llama-3.1-8B-Instruct,baseline,3,True,False,Кез келген эксперимент нәтижелерінің сенімділігі жинақталған деректердің анықтығына тікелей байланысты.,0.8736891746520996,True,1,474,58,532,0.8769848439987982,0.8832837939989986,0.0,1,1,0,1,0,,,,,,,,,
Experiment_1_Kazakh_Paraphrase_Generation_FINAL,b6aaf598d6c38239280c0c771e0b66637326387e535241ca805d40024a838e0a,65,technology,llama,NousResearch/Meta-Llama-3.1-8B-Instruct,baseline,2,True,False,Бағдарламалық жасақтаманы қателерді ерте анықтауға жүйелі тестілеу өнім көмек берсе. Бағдарламалық жасақтаманы тестілеу өнімдегі қателерді ерте анықтауға көмектеседі.,0.9291087985038757,True,1,480,114,594,1.7027395640016039,1.7090689029992063,0.0,1,1,0,1,0,,,,,,,,,
Experiment_1_Kazakh_Paraphrase_Generation_FINAL,b754bbbe8ccb68258083fa1a825a200901882464cf325f35624a1a3974da07cf,42,science,llama,NousResearch/Meta-Llama-3.1-8B-Instruct,kazdiv,2,True,False,Эксперимент нәтижелерінің сенімділігі деректерді жинау үрдісінің жасалынуына тікелей байланысты.,0.9527284502983093,True,1,592,782,1374,11.634932545999618,11.6450838260007,0.0,13,12,1,12,0,6,6,0,0,13135483876041887474,0.95,1,,
Experiment_1_Kazakh_Paraphrase_Generation_FINAL,b76729d383aad25429ac5a806e53f4670ae2d5fa2670820dcbcf00f79112245d,94,news,llama,NousResearch/Meta-Llama-3.1-8B-Instruct,kazdiv,4,True,False,"Ғылыми конференция кезінде зерттеушілер деректердің қауіпсіздігін айсқақтап, жасанды интеллекттің этикалық аспектілерін қарастырды.",0.9241015911102295,True,1,589,1085,1674,16.17394373299976,16.188074592999328,0.0,13,12,1,12,0,5,7,0,0,3255264167954615036,0.95,1,,
Experiment_1_Kazakh_Paraphrase_Generation_FINAL,b7711d41773e579450c58d867ed9c9be540bcbd4faf0b090cceabf4b95feb61d,25,education,kazllm,issai/LLama-3.1-KazLLM-1.0-8B,kazdiv,5,True,False,Онлайн платформалар оқу материалдарына қол жеткізуге кез келген уақытта мүмкіндік береді.,0.9989787340164185,True,1,610,620,1230,9.227517848000161,9.235873158000004,0.0,12,5,7,5,0,1,4,0,0,15148983098693628867,0.95,1,,
Experiment_1_Kazakh_Paraphrase_Generation_FINAL,b77c0b82c1e5f05946852e12ebc50270866937d6568a9f568eef320b17da690c,16,general,llama,NousResearch/Meta-Llama-3.1-8B-Instruct,kazdiv,3,True,False,Адамның әлеуметтік тәжірибесін кеңейткен қызметтердің бірі - еріктілік қызметі.,0.8416934013366699,True,1,600,695,1295,10.339949692999653,10.349276102999283,0.0,12,12,0,12,0,9,3,5,5,16105685302557754591,0.95,1,,
Experiment_1_Kazakh_Paraphrase_Generation_FINAL,b77cefa4e96a70342dc99e8410034dddce01e1f02e4236be8f9c5329a774a739,93,news,kazllm,issai/LLama-3.1-KazLLM-1.0-8B,baseline,3,True,False,Жергілікті билік ауа сапасын бақылау үшін қосымша өлшеу пункттерін құруды көздейді.,0.9571118354797363,True,1,506,54,560,0.8183620609997888,0.8246129099998143,0.0,1,1,0,1,0,,,,,,,,,
Experiment_1_Kazakh_Paraphrase_Generation_FINAL,b78710b95f030de7e8f2ab26e80899b39180731d68805f52521a8fc47f6641a3,69,technology,kazllm,issai/LLama-3.1-KazLLM-1.0-8B,baseline,1,True,False,Компьютерлік көру алгоритмдері кескіндерден нысандарды автоматты түрде анықтау үшін қолданылады.,1.0,False,1,496,53,549,0.8033533259995238,0.8092747759992562,0.0,1,1,0,0,1,,,,,,,,,
Experiment_1_Kazakh_Paraphrase_Generation_FINAL,b7a6e3a9fbd256d97b129635dda05a0ecc50f2c6590b0c229b9302e5a77862f8,28,education,llama,NousResearch/Meta-Llama-3.1-8B-Instruct,baseline,3,True,False,Жеке оқу траекториясы студенттің білім алу қарқынын ескеруге мүмкіндік береді.,0.9550125598907471,True,1,471,46,517,0.7002187620000768,0.7065395620011259,0.0,1,1,0,1,0,,,,,,,,,
Experiment_1_Kazakh_Paraphrase_Generation_FINAL,b7d2b4312530ece1c1d700be8c2ed2ad1137cf06fdaeaff1aec2cf3aa69918fe,61,technology,kazllm,issai/LLama-3.1-KazLLM-1.0-8B,baseline,3,True,False,Жасанды интеллект үлкен көлемдегі деректерден күрделі заңдылықтарды автоматты түрде анықтауға мүмкіндік береді.,1.0,False,1,511,68,579,1.0238255289996232,1.0258467490002658,0.0,1,1,0,0,1,,,,,,,,,
Experiment_1_Kazakh_Paraphrase_Generation_FINAL,b8055b18db00cde5200c5b0b43942c52f292e73dd746e5e1ab27c885529df157,25,education,kazllm,issai/LLama-3.1-KazLLM-1.0-8B,kazdiv,4,True,False,Кез келген уақытта онлайн платформалар арқылы оқу материалдарын қол жеткізуге болады.,0.9329288005828857,True,1,610,600,1210,8.92875710899989,8.93720341900007,0.0,12,6,6,5,1,2,3,1,4,6162456766595419309,0.95,1,,
Experiment_1_Kazakh_Paraphrase_Generation_FINAL,b826aeb9faeb1b88a9897ce1704cf0864317d04f36aed26854af01360a3ea8c6,59,science,llama,NousResearch/Meta-Llama-3.1-8B-Instruct,baseline,4,True,False,Талаптарды орындағаннан кейін келесі сөйлемді ағымдылық сақтай отырып жазуыңыз мүмкін: Бақылау тобы эксперименттік әсері басқа ықтимал факторлардан ажыратуға көмектеседі.,0.80600905418396,True,1,469,110,579,1.6437952360010968,1.6500862060001964,0.0,1,1,0,1,0,,,,,,,,,
Experiment_1_Kazakh_Paraphrase_Generation_FINAL,b866e0bc1b8e9da2c1bcdb79a90cb826b388bb08b0fe28a71b469d0e500c5502,79,technology,kazllm,issai/LLama-3.1-KazLLM-1.0-8B,baseline,3,True,False,Пайдаланушылардың әртүрлі құрылғылардан қызмет алуына жағдай жасайтын цифрлық сервистердің қолжетімділігі.,0.9107736349105835,True,1,516,74,590,1.1186125240001275,1.124799103999976,0.0,1,1,0,1,0,,,,,,,,,
Experiment_1_Kazakh_Paraphrase_Generation_FINAL,b8be2cf1e67d051c305619b4a3e015edf49514f3150910a2cb15ba5d3612f307,89,news,kazllm,issai/LLama-3.1-KazLLM-1.0-8B,kazdiv,5,True,False,Сарапшылар еңбек нарығында деректерді талдау дағдыларына сұраныс артып келе жатқанын атап өтті.,0.9970963001251221,True,1,622,733,1355,10.917219551999551,10.92454452199945,0.0,12,3,9,3,0,2,1,0,0,6470424051796200107,0.95,1,,
Experiment_1_Kazakh_Paraphrase_Generation_FINAL,b8d22460e9fd8e2028e86e148b281c70850278cb1b7dd532c3fa432bc3abe6a0,78,technology,llama,NousResearch/Meta-Llama-3.1-8B-Instruct,baseline,2,True,False,Жүйенің көшірмелері ақаулар кезінде деректерді қалпына келтіруге қол жеткізеді.,0.8915328979492188,True,1,484,51,535,0.7743038440003147,0.780617604001236,0.0,1,1,0,1,0,,,,,,,,,
Experiment_1_Kazakh_Paraphrase_Generation_FINAL,b8d255c0c76f87b8b1c6545c02d3fe840f431c06182cfa30f11c48250eaef1f6,52,science,llama,NousResearch/Meta-Llama-3.1-8B-Instruct,kazdiv,4,True,False,Зерттеулердің нәтижелерінің көрсетілген визуализациясы күрделі байланыстарды талдауды қиындатпайды,0.8864855170249939,True,1,585,779,1364,11.595835265999995,11.60913096600052,0.0,13,13,0,10,3,7,3,2,8,7269952750328966341,0.95,1,,
Experiment_1_Kazakh_Paraphrase_Generation_FINAL,b8e778c15e9405137b70bd7196a306ddbc160c55c33a50f420f89a238b4995ad,27,education,kazllm,issai/LLama-3.1-KazLLM-1.0-8B,kazdiv,4,True,False,"Студенттер тапсырма талаптарын жақсырақ түсінгенде, алдын ала түсіндірілген бағалау критерийлері әсер етеді.",0.9448785781860352,True,1,618,800,1418,11.91212373899998,11.920466129000033,0.0,12,3,9,3,0,3,0,2,2,8555437282169319035,0.95,1,,
Experiment_1_Kazakh_Paraphrase_Generation_FINAL,b8f63e5d18bd7f9c7838e06e742458aaea20cf53b180169dc4541afa64d8732a,98,news,kazllm,issai/LLama-3.1-KazLLM-1.0-8B,kazdiv,5,True,False,Жоғары оқу орындары студенттердің өндірістік тәжірибесін арттыру үшін компаниялармен жаңа келісімдер жасады.,0.9956279993057251,True,1,628,917,1545,13.673693811999328,13.682763171999795,0.0,13,5,8,5,0,1,4,0,0,11293596012728100173,0.95,1,,
Experiment_1_Kazakh_Paraphrase_Generation_FINAL,b907a9ec5c1bb86ba40e5b364abb710248e7595f7a92516166bcc58714d945a1,56,science,llama,NousResearch/Meta-Llama-3.1-8B-Instruct,baseline,3,True,False,Сапалы аннотацияланған деректер машиналық оқыту модельдерін бағалауға объективті тәсілдерді пайдалану қажет.,0.8797411918640137,True,1,465,55,520,0.8325995529994543,0.8387261630014109,0.0,1,1,0,1,0,,,,,,,,,
Experiment_1_Kazakh_Paraphrase_Generation_FINAL,b91186cd9f13f819e7af225ae22d6040ed255809326d704f9cd80351f354c996,70,technology,llama,NousResearch/Meta-Llama-3.1-8B-Instruct,baseline,2,True,False,Бағдарламаның өнімділігін оңтайландыру есептеу ресурстарын тиімді пайдалануға мүмкіндік береді. Ұсынылған сөйлемді қайта жазу талаптарына сәйкес оның қайта жазылған түрі: Бағдарламаның өнімділігін оңтайландыру есептеу ресурстарын тиімді пайдалануға мүмкіндік береді. Бағдарламаның өнімділігін оңтайландыру есептеу ресурстарын тиімді пайдалануға мүмкіндік береді.,0.8519930839538574,False,1,476,224,700,3.322997477000172,3.3307605469999544,0.0,1,1,0,0,1,,,,,,,,,
Experiment_1_Kazakh_Paraphrase_Generation_FINAL,b93fc24a2bb171ab0850d03fa3d351f074ea7bac01749f4c14f2db13fd889527,41,science,kazllm,issai/LLama-3.1-KazLLM-1.0-8B,kazdiv,5,True,False,Ғылыми зерттеулер нақты мәселені анықтаудан және тексерілетін зерттеу сұрағын тұжырымдаудан басталады.,0.9884762763977051,True,1,624,793,1417,11.815627194000172,11.823237684000105,0.0,12,3,9,3,0,1,2,0,0,14816802246157466002,0.95,1,,
Experiment_1_Kazakh_Paraphrase_Generation_FINAL,b9a979f795bfd972f2c34b10681a424b02beb9b0e99daf92901b92d621e4380c,62,technology,kazllm,issai/LLama-3.1-KazLLM-1.0-8B,baseline,1,True,False,Машиналық оқыту үлгісінің сапасы оқыту деректерінің мөлшері мен сапасына тікелей байланысты.,0.9181520938873291,True,1,500,58,558,0.877092650999657,0.8840557710000212,0.0,1,1,0,1,0,,,,,,,,,
Experiment_1_Kazakh_Paraphrase_Generation_FINAL,ba4dfae194981e0936634e894bf26bcb16a499a171890b54d84af18c38bc95fc,18,general,kazllm,issai/LLama-3.1-KazLLM-1.0-8B,baseline,1,True,False,Сапалы қарым-қатынас кезінде адамның ойын анық жеткізуі және өзгелерді мұқият тыңдауы маңызды.,0.9999998807907104,False,1,512,69,581,1.037686019000148,1.0438691189999645,0.0,1,1,0,0,1,,,,,,,,,
Experiment_1_Kazakh_Paraphrase_Generation_FINAL,ba564988be5b98f5743e5aaafb49f6133d218a831adeeb8911433b3de3d55bbd,87,news,kazllm,issai/LLama-3.1-KazLLM-1.0-8B,baseline,2,True,False,Аймақта шағын және орта бизнесті қолдауға бағытталған оқыту бағдарламасы іске қосылды.,1.0,False,1,504,61,565,0.9211337590004405,0.9228154089996679,0.0,1,1,0,0,1,,,,,,,,,
Experiment_1_Kazakh_Paraphrase_Generation_FINAL,ba5c6834e733fea650ee5343fa7299922d7f0d03027b8d3f0cc565ffe0950e8a,49,science,kazllm,issai/LLama-3.1-KazLLM-1.0-8B,baseline,5,True,False,Ғылыми модель нақты құбылыстың маңызды қасиеттерін қысқаша сипаттауға арналған.,0.9471179246902466,True,1,501,53,554,0.8038752789998398,0.8056283189998794,0.0,1,1,0,1,0,,,,,,,,,
Experiment_1_Kazakh_Paraphrase_Generation_FINAL,ba791b3589a884b92f9d0a5a7b9285235189b51a5f692db723f03e5b9825cde0,99,news,llama,NousResearch/Meta-Llama-3.1-8B-Instruct,baseline,2,True,False,Қазақтың технологиялық көрмесінде отандық әзірлеушілер білім беру мен медицинаға арналған бірнеше цифрлық шешімді таныстырды.,0.9699836373329163,True,1,486,75,561,1.129130200999498,1.1355549509989942,0.0,1,1,0,1,0,,,,,,,,,
Experiment_1_Kazakh_Paraphrase_Generation_FINAL,bab9e30f62cc4231d95169dde3e3bc922870c9dd57fb2bb016b1d0a0db9f229f,36,education,kazllm,issai/LLama-3.1-KazLLM-1.0-8B,baseline,4,True,False,Сабақтың мазмұны мен бағалау әдістерін нақты қойылған оқу мақсаттарына сәйкес үйлестіру оңайырақ болады.,0.9488945007324219,True,1,516,74,590,1.1186821539999983,1.1245209050002813,0.0,1,1,0,1,0,,,,,,,,,
Experiment_1_Kazakh_Paraphrase_Generation_FINAL,bac87de1af114526a0d2add5839eb6704b4680d838e9ab536984fca2cb7b0b8b,83,news,kazllm,issai/LLama-3.1-KazLLM-1.0-8B,baseline,4,True,False,Келер маусымда су ресурстарын тиімді пайдалану маңыздылығына сарапшылар назар аударды.,0.9165637493133545,True,1,486,44,530,0.6704493219995129,0.6764815419992374,0.0,1,1,0,1,0,,,,,,,,,
Experiment_1_Kazakh_Paraphrase_Generation_FINAL,baed8711b3e5e03ee0dd735854fe7bd7994479bea27b30622cd799f2b7270484,52,science,kazllm,issai/LLama-3.1-KazLLM-1.0-8B,kazdiv,1,True,False,Зерттеу нәтижелерін визуализациялау күрделі байланыстарды түсінуді жеңілдетеді.,0.9941010475158691,True,1,610,622,1232,9.254613585000243,9.264869094999995,0.0,12,3,9,2,1,2,0,0,0,15136741877809137735,0.95,1,,
Experiment_1_Kazakh_Paraphrase_Generation_FINAL,bafb7edb236fb2478cde84c7692314b78a28095e0dd63d7193fab4a17eaa951a,9,general,llama,NousResearch/Meta-Llama-3.1-8B-Instruct,kazdiv,3,True,False,"Басқа ортаға өзгеріске төзгіштігінен қорыққан адамға уақыт, тәжірибе және ашық қарым-қатынас қажет",0.816298246383667,True,1,597,891,1488,13.270071876000657,13.279727946001003,0.0,12,10,2,8,2,6,2,3,5,9143981336885999306,0.95,1,,
Experiment_1_Kazakh_Paraphrase_Generation_FINAL,bba6617b1eb96b5c9a1ea8aa3a599b63fe20a7f3f9dc39f98de8d70e08341d92,58,science,llama,NousResearch/Meta-Llama-3.1-8B-Instruct,kazdiv,1,True,False,"Корреляция екі айнымалы арасындағы байланысқа сүйенсе, себеп-салдар қатынасын өздігінен дәлелдеуге мүмкіндік бермейді.",0.9423889517784119,True,1,600,1045,1645,15.577205543999298,15.590133994001008,0.0,12,6,6,6,0,4,2,0,0,13200628536781485490,0.95,1,,
Experiment_1_Kazakh_Paraphrase_Generation_FINAL,bbc27c08723889c69950b09705ecb0c38eeb6871b7982e3ec4c8fd95e9f5eb7a,1,general,kazllm,issai/LLama-3.1-KazLLM-1.0-8B,baseline,4,True,False,Күнделікті өмірде дұрыс жоспарлау уақытты тиімді пайдалануға көмектеседі.,1.0,False,1,493,50,543,0.7585309400000142,0.7602886600000147,0.0,1,1,0,0,1,,,,,,,,,
Experiment_1_Kazakh_Paraphrase_Generation_FINAL,bbda7de951614b58bc4e98677e6128416077a444f3d719b457bc0880dc4f223e,46,science,kazllm,issai/LLama-3.1-KazLLM-1.0-8B,baseline,2,True,False,Әдебиеттерге жүйелі шолу белгілі бір саладағы негізгі бағыттар мен зерттеу олқылықтарын анықтауға көмектеседі.,1.0,False,1,513,70,583,1.0596838749997914,1.0614184750002096,0.0,1,1,0,0,1,,,,,,,,,
Experiment_1_Kazakh_Paraphrase_Generation_FINAL,bc37e496bad43508f72b1eb22c4d2ddb58bd912ec1ae57068f66ba52ebe7e51a,41,science,kazllm,issai/LLama-3.1-KazLLM-1.0-8B,kazdiv,2,True,False,Нақты мәселені анықтау және зерттеу сұрағын тұжырымдау зерттеу процесінің негізгі құрамдас бөлігі болып табылады.,0.7599802613258362,True,2,1248,1787,3035,26.62751468500028,26.639431935000175,0.0,14,14,0,13,1,8,5,7,12,14307386959196652689,0.95,2,,
Experiment_1_Kazakh_Paraphrase_Generation_FINAL,bc48879003b090602ad7a508541f8cfc11a7db8c0bc452cbb2b271fe98a3274f,2,general,llama,NousResearch/Meta-Llama-3.1-8B-Instruct,kazdiv,3,True,False,Адамдар маңызды шешім шешкенде қолда бар ақпаратты мұқият салыстыруы керек.,0.9953165054321289,True,2,1170,1292,2462,19.224806556998374,19.24255148699922,0.0,12,12,0,11,1,2,9,0,1,1073934036971650294,0.95,2,,
Experiment_1_Kazakh_Paraphrase_Generation_FINAL,bc96a15031b10819f87d8724055f4296a8ec7b863e4d392fe7b30899db795998,46,science,llama,NousResearch/Meta-Llama-3.1-8B-Instruct,kazdiv,3,True,False,Саладағы зерттеулердің негізгі бағыттары мен олқылықтарын анықтау үшін жүйелі шолу өте маңызды.,0.8195644021034241,True,1,606,885,1491,13.18022551499962,13.190005394999389,0.0,12,12,0,11,1,9,2,3,4,2041228028132046128,0.95,1,,
Experiment_1_Kazakh_Paraphrase_Generation_FINAL,bcac7aa88f301f9b15a1ae1b6b0a7c52654710f7d7c3a3ec48c7ca7f576e0259,6,general,llama,NousResearch/Meta-Llama-3.1-8B-Instruct,baseline,4,True,False,"Кітап оқу адамның сөздік қорын кеңейтіп, ойлау қабілетін дамытуға көмектеседі.",1.0,False,1,474,56,530,0.8482739739993121,0.8501275630005694,0.0,1,1,0,0,1,,,,,,,,,
Experiment_1_Kazakh_Paraphrase_Generation_FINAL,bcaf8ae635e72a6ec85fa76e594b60d5f67b9451f263d5db0bfe35218e9da628,99,news,kazllm,issai/LLama-3.1-KazLLM-1.0-8B,kazdiv,3,True,False,Технологиялық көрмеде отандық әзірлеушілер білім беру мен медицинаға арналған цифрлық шешімдерді таныстырды.,0.9855748414993286,True,1,629,788,1417,11.74277587600045,11.75014514600025,0.0,12,3,9,3,0,1,2,0,0,11286167118301109584,0.95,1,,
Experiment_1_Kazakh_Paraphrase_Generation_FINAL,bcc6bfec8fa30ae1214a10e08f8726fe5e4d3aa3ccfa1a81d8f73a38467aa27c,4,general,llama,NousResearch/Meta-Llama-3.1-8B-Instruct,baseline,4,True,False,Тұрақты әдеттер адамның ұзақ мерзімді мақсаттарына жақындауына мүмкіндік береді.,0.9890936613082886,True,1,480,56,536,0.8478932840007474,0.8497131839994836,0.0,1,1,0,1,0,,,,,,,,,
Experiment_1_Kazakh_Paraphrase_Generation_FINAL,bd22ecbec79d7364896aa7724edf54421fe4f85caa66e6cf0a7073879e6f60f2,45,science,llama,NousResearch/Meta-Llama-3.1-8B-Instruct,baseline,2,True,False,"Ғылыми қорытынды зерттеу нәтижелеріне сүйеніп, бастапқы сұраққа нақты жауап беруі керек. Сөйлемге жаңа ақпарат қоспағанда, бастапқы ақпаратты алып тастағанда, жаңа сөздермен қайта жазуға және түсінік беруге қажеттілік болмағанда, бастапқы сөйлемдегі сөздерді ауыстыру арқылы қайта жазуға жағдай қалмағанда, басқа сөздермен жазуға қажеттілік болмағанда, төмендегі талаптарды орындауға қажеттілік болмағанда, төмендегі сөйлемге ауыстыру арқылы сөйлемді қайта жазуға жағдай қалмағанда, төмендегі талаптарды орындауға қажеттілік болмағанда, төмендегі сөйлемге ауыстыру арқылы сөйлемді қайта жазуға жағдай қалмағанда, төмендегі талаптарды орындауға қажеттілік болмағанда, төмендегі сөйлемге ауыстыру арқылы сөйлемді қайта жазуға жағдай қалмағанда, төмендегі талаптарды орындауға қажеттілік болмағанда, төмендегі сөйлемге ауыстыру арқылы сөйлемді қайта жазуға жағдай қалмағанда, төмендегі талаптарды орындауға қажеттілік болмағанда, төмендегі сөйлемге ауыстыру арқылы сөйлемді қайта жазуға жағдай қалмағанда, төмендегі талаптарды орындауға қажеттілік болмағанда, төмендегі сөйлемге ауыстыру арқылы сөйлемді қайта жазуға жағдай қалмағанда, төмендегі талаптарды орындауға қажеттілік болмағанда, төмендегі сөйлемге ауыстыру арқылы сөйлемді қайта жазуға жағдай қалмағанда, төмендегі талаптарды орындауға қажеттілік болмағанда, төмендегі сөйлемге ауыстыру арқылы сөйлемді қайта жазуға жағдай қалмағанда, төмендегі талаптарды орындауға қажеттілік болмағанда, төмендегі сөйлемге ауыстыру арқылы сөйлемді қайта жазуға жағдай қалмағанда, төмендегі талаптарды орындауға қажеттілік болмағанда, төмендегі сөйлемге ауыстыру арқылы сөйлемді қайта жазуға жағдай қалмағанда, төмендегі талаптарды орындауға қажеттілік болмағанда, төмендегі сөйлемге ауыстыру арқылы сөйлемді қайта жазуға жағдай �",0.7325391173362732,False,1,477,1200,1677,17.88478997099992,17.894057461000557,0.0,1,1,0,0,1,,,,,,,,,
Experiment_1_Kazakh_Paraphrase_Generation_FINAL,bd251781676ee86cee2f75b4a7e1d7d2ea0afc27b49e3595a64fc426e2c23e49,93,news,kazllm,issai/LLama-3.1-KazLLM-1.0-8B,kazdiv,4,True,False,Жергілікті билік ауа сапасын бақылауға арналған қосымша өлшеу бекеттерін орнатуды жоспарлап отыр.,0.9983088374137878,True,1,624,699,1323,10.414968107000277,10.4238863770006,0.0,12,4,8,4,0,1,3,0,2,7061725726553997213,0.95,1,,
Experiment_1_Kazakh_Paraphrase_Generation_FINAL,bd3cf6cc95b7cd1c48bdeef8ec9cd41ca93a06d509870f91eb0dfbe5d61e1bcd,26,education,llama,NousResearch/Meta-Llama-3.1-8B-Instruct,baseline,1,True,False,Практикалық жобалар студенттерге алған білімін іске асыруға жағдай жасайды.,0.9466222524642944,True,1,476,42,518,0.6414932730003784,0.6481259729989688,0.0,1,1,0,1,0,,,,,,,,,
Experiment_1_Kazakh_Paraphrase_Generation_FINAL,bd63729e534da4aabb9015ce69a6bbb9ae50362339e1226bf6df319bdcf3c8a5,89,news,llama,NousResearch/Meta-Llama-3.1-8B-Instruct,kazdiv,2,True,False,Сарапшылар еңбек нарығында деректерді талдауға көпшілік талап қойды дегенді айтты.,0.8669955730438232,True,1,597,691,1288,10.285928899000282,10.295604308999827,0.0,13,12,1,12,0,3,9,2,9,261088324137092344,0.95,1,,
Experiment_1_Kazakh_Paraphrase_Generation_FINAL,bd91a6e3a878e1cb246ecc0cfd198d2b194810d696cda60dc68e0d81737bde9b,10,general,kazllm,issai/LLama-3.1-KazLLM-1.0-8B,kazdiv,1,True,False,Отбасындағы өзара қолдау қиын жағдайларды бірге шешуге мүмкіндік береді.,0.9823409914970398,True,1,614,686,1300,10.211854399000003,10.219689248999998,0.0,13,5,8,5,0,1,4,0,2,16345494642784699211,0.95,1,,
Experiment_1_Kazakh_Paraphrase_Generation_FINAL,bd9cb53cddac34c2f532fc17ad91b652fef02a1091888e3bd292a9aeb42e0abc,11,general,llama,NousResearch/Meta-Llama-3.1-8B-Instruct,baseline,3,True,False,Қаржыны алдын ала жоспарлау қажетсіз шығындарды азайтуға көмектеседі.,1.0,False,1,465,47,512,0.715455393999946,0.7173688740003854,0.0,1,1,0,0,1,,,,,,,,,
Experiment_1_Kazakh_Paraphrase_Generation_FINAL,bda1a86c547c0a1cad8adc26389ed9de3184315c57633b4334e0ebabe2e8f197,47,science,llama,NousResearch/Meta-Llama-3.1-8B-Instruct,baseline,2,True,False,Үлкен деректер жиынтығы күрделі құбылыстарды бірнеше көрсеткіш бойынша талдауға мүмкіндік береді. Қайта жазылған сөйлем: Күрделі құбылыстарды бірнеше көрсеткіш бойынша талдауға мүмкіндік беретін үлкен деректер жиынтығы.,0.8989123106002808,False,1,485,149,634,2.218702754000333,2.2253950939993956,0.0,1,1,0,0,1,,,,,,,,,
Experiment_1_Kazakh_Paraphrase_Generation_FINAL,bda634e72c63e4dcb5890b2b163befcd7a2921e1e2fdbd9ec2700f3fb39c917a,51,science,llama,NousResearch/Meta-Llama-3.1-8B-Instruct,baseline,3,True,False,Деректерді алдын ала өңдеу кезінде қателермен жетіспейтін мәндерді дұрыс анықтау маңызды.,0.9733123779296875,True,1,477,59,536,0.8924052820002544,0.8987142019996099,0.0,1,1,0,1,0,,,,,,,,,
Experiment_1_Kazakh_Paraphrase_Generation_FINAL,bdf8cfd80e0e12164968738eda22318f96ba0acbff7b3fffd914811a30135d85,80,technology,llama,NousResearch/Meta-Llama-3.1-8B-Instruct,kazdiv,1,True,False,Модельді оқыту үшін жасанды деректер шектеулі болған жағдайда нақты деректердің қырынан кеңейе алады.,0.8808244466781616,True,1,592,853,1445,12.702624996998566,12.714205666999987,0.0,13,9,4,9,0,6,3,0,0,18365167788431416158,0.95,1,,
Experiment_1_Kazakh_Paraphrase_Generation_FINAL,be1d832e25caa3e78a598492b3b66e7481ed3871dca06f52bcb8fafb8ab5ed53,72,technology,llama,NousResearch/Meta-Llama-3.1-8B-Instruct,baseline,3,True,False,Басқару жүйелеріне жасанды интеллектті енгізу кезінде алгоритмінің шешімдерін түсіндіру мүмкіндігі маңызды талапқа айналып келеді.,0.8992825746536255,True,1,488,79,567,1.1865708280001854,1.1930042780004442,0.0,1,1,0,1,0,,,,,,,,,
Experiment_1_Kazakh_Paraphrase_Generation_FINAL,be3ace62913c729626f5cc6cca9bc9a0b9fc2a9b1faed75b56650f093022d603,91,news,kazllm,issai/LLama-3.1-KazLLM-1.0-8B,baseline,3,True,False,Өңірлік форумда жасанды интеллектіні білім беру мен өндірісте қолдану мәселелері талқыланды.,1.0,False,1,497,54,551,0.818199569999706,0.8199033200007761,0.0,1,1,0,0,1,,,,,,,,,
Experiment_1_Kazakh_Paraphrase_Generation_FINAL,be4e446a8ded6b36593061aa3bc453f0a337e07cbce88141ba3261067082ce30,84,news,kazllm,issai/LLama-3.1-KazLLM-1.0-8B,baseline,3,True,False,Жаңа қолдау бағдарламасының шарттары бастапқы кәсіпкерлерге арналған ресми жиналыста айтылды.,0.8925065994262695,True,1,503,59,562,0.8917988290004359,0.8977213790003589,0.0,1,1,0,1,0,,,,,,,,,
Experiment_1_Kazakh_Paraphrase_Generation_FINAL,bea1a4225b92e9b395cf0012ac26e174bb7479edda98e336d5d9e0e3c9b2e0c2,64,technology,llama,NousResearch/Meta-Llama-3.1-8B-Instruct,kazdiv,5,True,False,Барлық ақпараттық қол жеткізулерден қорғауға арналған киберқауіпсіздік жүйелері бар.,0.7556464672088623,True,1,604,799,1403,11.897055944000385,11.906357513998955,0.0,13,10,3,10,0,5,5,3,5,10310394840230862558,0.95,1,,
Experiment_1_Kazakh_Paraphrase_Generation_FINAL,beb6d583c846a4e8014ac9357fbcace8992f91387a4e03a991f055d7a6c58bef,9,general,llama,NousResearch/Meta-Llama-3.1-8B-Instruct,baseline,5,True,False,"Қайта жазылған сөйлем: Жаңа ортаға бейімделу үшін ақылды тәжірибе, қарым-қатынас пен уақыт қажет.",0.8791008591651917,True,1,479,69,548,1.0395296919996326,1.0459034720006457,0.0,1,1,0,1,0,,,,,,,,,
Experiment_1_Kazakh_Paraphrase_Generation_FINAL,bee047f03ef644811b99e4fd2606595b820155720979a4ff7e16b5ab7f4ad8d3,21,education,llama,NousResearch/Meta-Llama-3.1-8B-Instruct,baseline,5,True,False,"Сөйлемді жаңа ақпараттарсыз, жаңа сөздермен қайта жазғанда: Заманауи білім беру жүйесі студенттердің теориялық білімін практикалық іске асыру және дағдылармен ұштастыруға бағытталады.",0.8704261183738708,True,1,480,113,593,1.6874389320000773,1.6937368819999392,0.0,1,1,0,1,0,,,,,,,,,
Experiment_1_Kazakh_Paraphrase_Generation_FINAL,bef481b5c717adf01de16139d27dd4de19bf8a0028b9c613acef7a7860b3e005,88,news,llama,NousResearch/Meta-Llama-3.1-8B-Instruct,kazdiv,2,True,False,Мектептерде оқушылардың білімділігіне жетекшілік етуге арналған сабақтар кезең-кезеңімен енгізіліп жатыр.,0.8340173959732056,True,1,600,851,1451,12.674287350999293,12.688688550999359,0.0,13,13,0,13,0,8,5,4,5,17292886813313796570,0.95,1,,
Experiment_1_Kazakh_Paraphrase_Generation_FINAL,bf0a1435baeb9dcf331a3c665a16e93aa3134545b9fe75bdd7bd94e5cc009bbb,99,news,kazllm,issai/LLama-3.1-KazLLM-1.0-8B,kazdiv,1,True,False,Технологиялық шоу-бағдарламада отандық әзірлеушілер білім беру мен медицинаға арналған бірнеше цифрлық шешімдерді таныстырды.,0.927104115486145,True,1,629,1171,1800,17.46999371000038,17.479389639000146,0.0,15,4,11,4,0,2,2,0,0,8281433318225397039,0.95,1,,
Experiment_1_Kazakh_Paraphrase_Generation_FINAL,bf1719b17d8f0f3a4aeb568c7af32ed5cfd94e4d4f7e0057c9c5580f6d42af74,22,education,kazllm,issai/LLama-3.1-KazLLM-1.0-8B,baseline,3,True,False,Ғылыми жұмыс барысында белсенді тапсырмаларды қолдану студенттердің оқу материалына қызығушылығын арттырады.,0.9555824995040894,True,1,502,63,565,0.9494118479999543,0.9553561479999644,0.0,1,1,0,1,0,,,,,,,,,
Experiment_1_Kazakh_Paraphrase_Generation_FINAL,bf1f11a43f8e5b44dc2693663c97b8856fb401f0af7be7333a2fc294858bf458,83,news,llama,NousResearch/Meta-Llama-3.1-8B-Instruct,kazdiv,5,True,False,Мамандар алдағы маусымда су ресурстарын үнемді пайдаланудың қажеттілігіне назар аударды.,0.9993825554847717,True,1,579,691,1270,10.282307235998815,10.293374515998948,0.0,13,9,4,9,0,2,7,0,2,11223231446360902925,0.95,1,,
Experiment_1_Kazakh_Paraphrase_Generation_FINAL,bf232bc8e73e71f3c3997b9b578d40c040406cd4dc40fc3b42ff45e0a61f378a,48,science,kazllm,issai/LLama-3.1-KazLLM-1.0-8B,baseline,2,True,False,Ғылыми бақылаулардың көлемі алған деректердің санына әсер етуі мүмкін.,0.8334493041038513,True,1,509,46,555,0.6997355290000087,0.7056519289999414,0.0,1,1,0,1,0,,,,,,,,,
Experiment_1_Kazakh_Paraphrase_Generation_FINAL,bf4b252d9d29735c226cf3c40281b4dff8dcdf8e3bb538ecdd2118ee2cc5d1f4,84,news,kazllm,issai/LLama-3.1-KazLLM-1.0-8B,baseline,1,True,False,Жергілікті кәсіпкерлерге арналған жаңа қолдау бағдарламасының шарттары ресми кездесуде таныстырылды.,1.0,False,1,503,60,563,0.9061146799995186,0.9121261399996001,0.0,1,1,0,0,1,,,,,,,,,
Experiment_1_Kazakh_Paraphrase_Generation_FINAL,bf58733226c132c5daafe0cf038c6502921a8fbea5b778b97b4484896209b6e8,50,science,llama,NousResearch/Meta-Llama-3.1-8B-Instruct,baseline,3,True,False,Қайталау арқылы қорытындыға әсерін әлдеқайда төмендеткен болатын.,0.8326528072357178,True,1,476,45,521,0.6853710239993234,0.691518134000944,0.0,1,1,0,1,0,,,,,,,,,
Experiment_1_Kazakh_Paraphrase_Generation_FINAL,bf5c1c9c6dbe2471c97fedb9a90aad14ebe284dd52c3dc829fa8e24e7651ddf6,59,science,kazllm,issai/LLama-3.1-KazLLM-1.0-8B,kazdiv,4,True,False,Бақылау тобы эксперименттік әсерді басқа әсерлерден ажыратуға көмектеседі.,0.9755539894104004,True,1,612,630,1242,9.375722062000023,9.383025322000321,0.0,12,3,9,2,1,2,0,1,2,14424597672973096479,0.95,1,,
Experiment_1_Kazakh_Paraphrase_Generation_FINAL,bf5dbf4074247ca0fcdf4049b99d813de2d305c8f31f0ea9afa62bdf70915ed3,31,education,kazllm,issai/LLama-3.1-KazLLM-1.0-8B,baseline,3,True,False,Академиялық адалдық қағидаларын сақтау білім нәтижелерінің сенімділігін қамтамасыз етеді.,1.0,False,1,506,63,569,0.9515923250000924,0.9533035550002751,0.0,1,1,0,0,1,,,,,,,,,
Experiment_1_Kazakh_Paraphrase_Generation_FINAL,bf6cf59906b23e893ca02fdd61cff97df9c6f102b3912f7be5400cc1d3faec8f,30,education,llama,NousResearch/Meta-Llama-3.1-8B-Instruct,baseline,5,True,False,Құралдарды орынды пайдалану дәстүрлі оқыту әдістерінің мүмкіндіктерін толықтыра алады.,0.9395704865455627,True,1,482,58,540,0.8771154009991733,0.8834732610011997,0.0,1,1,0,1,0,,,,,,,,,
Experiment_1_Kazakh_Paraphrase_Generation_FINAL,bf96d8a3cfc5acc95cba5553636a4c7f4f1fa86fe83a9508be4522b08f18d763,67,technology,llama,NousResearch/Meta-Llama-3.1-8B-Instruct,baseline,2,True,False,Деректерді шифрлау – құпия ақпаратты үшінші тұлғалардың оқуынан қорғаудың бір тәсілі.,0.9489749670028687,True,1,497,65,562,0.9799063009995734,0.9861378010009503,0.0,1,1,0,1,0,,,,,,,,,
Experiment_1_Kazakh_Paraphrase_Generation_FINAL,bfa85a6e30e4dd96a58a34cb4cd426b8fcdabbc4e5bfc7900c878f8d9b44a46e,95,news,llama,NousResearch/Meta-Llama-3.1-8B-Instruct,kazdiv,4,True,False,Қалада жастарға арналған тегін цифрлық дағдылар курстары кітапханаларда ұйымдастырыла бастады.,0.9905166029930115,True,1,594,692,1286,10.305759988999853,10.315393999000662,0.0,13,13,0,13,0,2,11,0,0,508094025202479474,0.95,1,,
Experiment_1_Kazakh_Paraphrase_Generation_FINAL,bfef0c169183cea52087c9b29576f51255f9f453f7f5e745e6bb5089d5d34916,38,education,llama,NousResearch/Meta-Llama-3.1-8B-Instruct,baseline,4,True,False,"Түсініктеме: Сөйлемде тәжірибе дегеніміз — тәжірибелік тәжірибе, тәжірибелік әдіс, тәжірибелік құрал, тәжірибелік тәжірибе жүргізу, тәжірибелік тәжірибені жүргізу, тәжірибелік тәжірибені жүргізу, тәжірибелік тәжірибені жүргізу, тәжірибелік тәжірибені жүргізу, тәжірибелік тәжірибені жүргізу, тәжірибелік тәжірибені жүргізу, тәжірибелік тәжірибені жүргізу, тәжірибелік тәжірибені жүргізу, тәжірибелік тәжірибені жүргізу, тәжірибелік тәжірибені жүргізу, тәжірибелік тәжірибені жүргізу, тәжірибелік тәжірибені жүргізу, тәжірибелік тәжірибені жүргізу, тәжірибелік тәжірибені жүргізу, тәжірибелік тәжірибені жүргізу, тәжірибелік тәжірибені жүргізу, тәжірибелік тәжірибені жүрг. Талаптарды сақтай отырып жаңа сөйлем: Теориялық заңдылықтарды тәжірибелік әдіспен тәжірибелік тәжірибелік арқылы тәжірибелік тәжірибелік тәжірибелік тәжірибелік тәжірибелік тәжірибелік тәжірибелік. Түсініктеме: Сөйлемде тәжірибе дегеніміз — тәжірибелік тәжірибе, тәжірибелік әдіс, тәжірибелік құрал, тәжірибелік тәжірибе жүргізу, тәжірибелік тәжірибені жүргізу, тәжірибелік тәжірибені жүргізу, тәжірибелік тәжірибені жүргізу, тәжірибелік тәжірибені жүргізу, тәжірибелік тәжірибені жүргізу, тәжірибелік тәжірибені жүргізу, тәжірибелік тәжірибені жүргізу, тәжірибелік тәжірибені жүргізу, тәжірибелік тәжірибені жүргізу, тәжірибелік тәжірибені жүргізу, тәжірибелік тәжірибені жүргізу, тәжірибелік тәжірибені жүргізу, тәжірибелік тәжірибені жүргізу, тәжірибелік тәжірибені жүргізу, тәжірибелік тәжірибені жүргізу, тәжірибелік тәжірибені жүргізу, тәжірибелік тәжірибені жүргізу, тәжірибелік тәжірибені жүргізу, тәжірибелік тәжірибені жүргізу, тәжірибелік тәжірибені жүргізу, тәжірибелік тәжірибені жүргізу, тәжірибелік тәжірибені жүргізу, тәжірибелік",0.5381250381469727,False,1,472,1181,1653,17.599855062999268,17.62651101300071,0.0,1,1,0,0,1,,,,,,,,,
Experiment_1_Kazakh_Paraphrase_Generation_FINAL,bff1df995de6ecd21e6d9c1df4f3fc76644ba9224da55e9186f079f2e0082975,14,general,llama,NousResearch/Meta-Llama-3.1-8B-Instruct,kazdiv,2,True,False,Әртүрлі көзқарастарды тыңдау адамның қоғамдық көзқарасын дамытады.,0.8420327305793762,True,1,591,685,1276,10.194571504000123,10.20393831399997,0.0,13,11,2,7,4,7,0,5,8,12320657115647878262,0.95,1,,
Experiment_1_Kazakh_Paraphrase_Generation_FINAL,bff6d3587d89b858d3c9f3a20614d067cd52d7ea9cad937f73f890efda559749,98,news,llama,NousResearch/Meta-Llama-3.1-8B-Instruct,baseline,2,True,False,"Сөйлемді жаңа сөздермен қайта жазу: Мектептерде оқытып жүрген студенттер кәсіпорындармен келісімге келіп, өндірістік тәжірибені көтерді.",0.8482496738433838,True,1,485,84,569,1.2614953899992543,1.2682033900000533,0.0,1,1,0,1,0,,,,,,,,,
Experiment_1_Kazakh_Paraphrase_Generation_FINAL,c04fc7907605fbf0b533801cce7b776a3f5c4d1ee3a774bfdc2d0046e391e9e0,16,general,llama,NousResearch/Meta-Llama-3.1-8B-Instruct,baseline,2,True,False,Еріктілік қызметі неше түрлі іске қатысумен қатар адамның әлеуметтік тәжірибесін кеңейтеді.,0.9334049224853516,True,1,482,59,541,0.8916716719995748,0.898240871998496,0.0,1,1,0,1,0,,,,,,,,,
Experiment_1_Kazakh_Paraphrase_Generation_FINAL,c052a642cde570b841f9d4c694262b1682bc56f05e199aa3afda854cc2541d26,73,technology,kazllm,issai/LLama-3.1-KazLLM-1.0-8B,kazdiv,1,True,False,"Үлкен тілдік модельдер мәтінді талдау, құрастыру және ақпаратты өңдеу міндеттерінде жиі қолданылады.",0.9872442483901978,True,1,628,794,1422,11.8301299069999,11.838662646999182,0.0,12,2,10,2,0,1,1,0,0,13778263913357899527,0.95,1,,
Experiment_1_Kazakh_Paraphrase_Generation_FINAL,c0caae7bff56812ebd267796c85f1b9b406bc10171b06c6905d7704181d0450e,29,education,llama,NousResearch/Meta-Llama-3.1-8B-Instruct,kazdiv,1,True,False,Зерттеулерді пайдалана отырып жүргізілетін оқыту сыныптағы сыни ойлаумен ақпаратты талдау дағдыларын дамытуға бағытталған.,0.8214409947395325,True,1,594,930,1524,13.84516178100057,13.85782576100064,0.0,13,11,2,10,1,6,4,2,2,13103917271080806308,0.95,1,,
Experiment_1_Kazakh_Paraphrase_Generation_FINAL,c0d1b0a4da77bed516aaddd9e3413601807acb1892fcfb1fad06e62ccb0f237a,21,education,llama,NousResearch/Meta-Llama-3.1-8B-Instruct,kazdiv,3,True,False,Бүгінгі білім беру жүйесі студенттердің теориялық білімін тәжірибелік дағдылармен бірге дамытуға арналған.,0.8952998518943787,True,1,598,882,1480,13.138304568999956,13.147934489001273,0.0,13,11,2,11,0,5,6,1,1,9817018980985400199,0.95,1,,
Experiment_1_Kazakh_Paraphrase_Generation_FINAL,c0edb45dc9f12144988a6c93255ffd23f423a5244dda494a909d43cfd370c3f5,1,general,kazllm,issai/LLama-3.1-KazLLM-1.0-8B,baseline,2,True,False,Күнделікті өмірде дұрыс жоспарлау уақытты тиімді пайдалануға көмектеседі.,1.0,False,1,493,50,543,0.758687540999972,0.760492400999965,0.0,1,1,0,0,1,,,,,,,,,
Experiment_1_Kazakh_Paraphrase_Generation_FINAL,c10dcbc9f5493b14529ca328b423799e5c6f9d258679287eed4ed005084ae5dd,95,news,llama,NousResearch/Meta-Llama-3.1-8B-Instruct,kazdiv,1,True,False,Қазақстандағы кітапханалар жастарға арналған цифрлық дағдылар курстарын ұйымдастыра бастады.,0.8711389899253845,True,1,594,687,1281,10.22747488999994,10.240767770001185,0.0,12,12,0,12,0,2,10,0,0,14468299235813485292,0.95,1,,
Experiment_1_Kazakh_Paraphrase_Generation_FINAL,c125500545b65f22bff41f4b160847249a2bbf6bb9aa838314a856674dce75aa,77,technology,llama,NousResearch/Meta-Llama-3.1-8B-Instruct,baseline,5,True,False,Қажеті оны өндірістік ортаға енгізгеннен кейін тұрақты түрде сапасын бақылап отыру.,0.8562401533126831,True,1,478,55,533,0.8330795530000614,0.8398259929999767,0.0,1,1,0,1,0,,,,,,,,,
Experiment_1_Kazakh_Paraphrase_Generation_FINAL,c1603d1ecfed99818a9fa7ed8b924dcf079f62dc046cee26a26891eece89d72d,13,general,llama,NousResearch/Meta-Llama-3.1-8B-Instruct,kazdiv,3,True,False,Сапалы кері байланыс жұмысында уақытында берілген кері байланыс ықпал етеді.,0.8640530109405518,True,1,587,817,1404,12.167762187000335,12.177788626999245,0.0,12,12,0,11,1,4,7,0,0,16677600185682084361,0.95,1,,
Experiment_1_Kazakh_Paraphrase_Generation_FINAL,c16ceb2b0b0ec13e9d1a2ce54fa36c6fb360dd4d700ccb6193d523d6a222e673,12,general,llama,NousResearch/Meta-Llama-3.1-8B-Instruct,baseline,1,True,False,"Табиғат аясында демалу адамның көңіл күйін жақсартып, күнделікті күйзелісті төмендетуі мүмкін. Табиғат аясында демалғанда адамның көңіл күйі жақсарып, күнделікті күйзелісті төмендетеді.",0.9478397965431213,True,1,484,130,614,1.936746282999593,1.9431939930000226,0.0,1,1,0,1,0,,,,,,,,,
Experiment_1_Kazakh_Paraphrase_Generation_FINAL,c18d1ebdbb4bdb234fc608294802dc5c836d7fc9527aeaf41a03a7ae65c14462,44,science,kazllm,issai/LLama-3.1-KazLLM-1.0-8B,kazdiv,2,True,False,Деректердегі заңдылықтарды анықтау және гипотезаларды бағалау үшін статистикалық талдауды пайдалану қажет.,0.8537721037864685,True,1,626,783,1409,11.666203454999959,11.675214275000144,0.0,12,7,5,6,1,2,4,0,6,17279513760235196327,0.95,1,,
Experiment_1_Kazakh_Paraphrase_Generation_FINAL,c19a5cd8ec7fe30832d8273e0164b8f517d5f102962089555af544f9acb78395,3,general,llama,NousResearch/Meta-Llama-3.1-8B-Instruct,baseline,5,True,False,Қоғамда өзара сенім байланысқа ықпал етеді.,0.9431576728820801,True,1,474,34,508,0.5233103339996887,0.5294159940003738,0.0,1,1,0,1,0,,,,,,,,,
Experiment_1_Kazakh_Paraphrase_Generation_FINAL,c1a1e42945483d99dd112d2bd66e6aa09b4cfbbc68018a71ef08f2f55f03a45e,87,news,llama,NousResearch/Meta-Llama-3.1-8B-Instruct,baseline,5,True,False,Қазақстанда шағын және орта бизнесті қолдауға арналған оқыту бағдарламасы іске қосылды.,0.870707631111145,True,1,479,60,539,0.9068484529998386,0.9136005929995008,0.0,1,1,0,1,0,,,,,,,,,
Experiment_1_Kazakh_Paraphrase_Generation_FINAL,c1b2068c4a72f81f6f97d8f11ee53120f1917b5b8acfe2d97d680d08ca598fe6,19,general,llama,NousResearch/Meta-Llama-3.1-8B-Instruct,baseline,1,True,False,Қоғамның тарихи жадын келесі ұрпаққа жеткізу – жергілікті мәдени дәстүрлерді сақтау.,0.9357888698577881,True,1,481,63,544,0.9509223019995261,0.9574070620001294,0.0,1,1,0,1,0,,,,,,,,,
Experiment_1_Kazakh_Paraphrase_Generation_FINAL,c1e2a9912fd0ec721b0a4fa2d2cedbd91b8ca64bc2c2df5abfa1d480fa290bde,35,education,llama,NousResearch/Meta-Llama-3.1-8B-Instruct,baseline,2,True,False,Сөйлемді жаңа тілдермен қайта жазу: Білімді тапсырмалар әртүрлі салалардағы білімді бір мәселе төңірегінде біріктіруге мүмкіндік береді.,0.8143076300621033,True,1,486,88,574,1.3204678410002089,1.3268828809996194,0.0,1,1,0,1,0,,,,,,,,,
Experiment_1_Kazakh_Paraphrase_Generation_FINAL,c1f9d2afb0b0f9d8741ccc8ddf5d55096f7d5b99f35f51ea159eaeec9efcc786,55,science,llama,NousResearch/Meta-Llama-3.1-8B-Instruct,kazdiv,1,True,False,"Зерттеушілер әдіс таңдағанда, оның артықшылықтарымен қатар, шектеулерін ескеру қажет, олардың белгілі бір әдісті таңдауға ықпалы бар.",0.944688618183136,True,1,591,1035,1626,15.422216015000231,15.434624244999213,0.0,13,13,0,13,0,3,10,2,4,16563142834745100199,0.95,1,,
Experiment_1_Kazakh_Paraphrase_Generation_FINAL,c20adbe3dedea01b9d0401599a77a5ecbfb66e7999ebc6a0f34bc2bdac3b2a58,14,general,kazllm,issai/LLama-3.1-KazLLM-1.0-8B,baseline,2,True,False,Әртүрлі көзқарастарды тыңдау мәселені жан-жақты түсінуге ықпал етеді.,0.9834761619567871,True,1,498,55,553,0.832593364999866,0.8384928150001087,0.0,1,1,0,1,0,,,,,,,,,
Experiment_1_Kazakh_Paraphrase_Generation_FINAL,c2663be845fca6d69587c77f2a9b63014584ddb55fdb8528778f046f1bbbeda9,71,technology,kazllm,issai/LLama-3.1-KazLLM-1.0-8B,baseline,2,True,False,"Интернет заттары құрылғылар арасында деректерді автоматты түрде жинап, алмасуға мүмкіндік береді.",0.9894251227378845,True,1,499,56,555,0.8465083660003074,0.85235292499965,0.0,1,1,0,1,0,,,,,,,,,
Experiment_1_Kazakh_Paraphrase_Generation_FINAL,c27f3ab9aa298758f0fb98a29ea18a537dd4c5553357121b52b074f0ae8890c6,16,general,llama,NousResearch/Meta-Llama-3.1-8B-Instruct,kazdiv,2,True,False,Еріктілік қызметі – адамның әлеуметтік тәжірибесін кеңейтетін және қоғамға пайда әкелетін қызмет.,0.9286950826644897,True,1,600,933,1533,13.89388018200043,13.903704182001093,0.0,12,12,0,12,0,9,3,6,7,2001321555303494525,0.95,1,,
Experiment_1_Kazakh_Paraphrase_Generation_FINAL,c2dc6eb599daf9df8a3c96ccf9a2410da1dec978b67eb562f43a80ad7548914c,3,general,llama,NousResearch/Meta-Llama-3.1-8B-Instruct,kazdiv,3,True,False,"Ортақ қорғау қоғамдағы өзара сенімді нығайтып, адамдар арасындағы байланысты күшейтеді.",0.8331195116043091,True,1,592,972,1564,14.474078244000339,14.48527166399981,0.0,13,13,0,13,0,7,6,0,0,9171861562331469313,0.95,1,,
Experiment_1_Kazakh_Paraphrase_Generation_FINAL,c2e02236930592d6a25ff405515ecb909bcc3eb1b6a37c80cb994cd0b2bd45c5,68,technology,kazllm,issai/LLama-3.1-KazLLM-1.0-8B,kazdiv,3,True,False,Автоматты жүйелер өндіріс процесіндегі қайталанатын тапсырмаларды орындауға мүмкіндік береді.,0.8832563161849976,True,1,620,649,1269,9.662843539000278,9.671560738999688,0.0,12,5,7,5,0,2,3,1,1,4858588208916457974,0.95,1,,
Experiment_1_Kazakh_Paraphrase_Generation_FINAL,c2fba3c4b16cf3021c9044921090a7a43a31cc607e14d3548f13de49e01b5c58,100,news,kazllm,issai/LLama-3.1-KazLLM-1.0-8B,kazdiv,4,True,False,Аймақта қоғамдық кеңістіктерді жаңарту жұмыстары келесі кезеңде бірнеше ауданға дейін кеңейтіледі,0.8869619965553284,True,1,631,867,1498,12.914258351000058,12.921414120000009,0.0,12,1,11,1,0,1,0,0,0,1500464980855706393,0.95,1,,
Experiment_1_Kazakh_Paraphrase_Generation_FINAL,c30f6b3612d7266d432f186018b90f9ebb17db131355d382cb6b746827dc47d9,65,technology,kazllm,issai/LLama-3.1-KazLLM-1.0-8B,baseline,1,True,False,Бағдарламалық өнімді жүйелі түрде сынау арқылы қателерді ерте анықтауға болады.,0.9181623458862305,True,1,505,56,561,0.8473913210000319,0.8540252009997857,0.0,1,1,0,1,0,,,,,,,,,
Experiment_1_Kazakh_Paraphrase_Generation_FINAL,c36ed537cb5025a5ff8e16ed3096a0bba28c4e315d68233208377c2757779e17,83,news,llama,NousResearch/Meta-Llama-3.1-8B-Instruct,kazdiv,1,True,False,Мамандар алдағы маусымда су құрамын үнемді пайдалану қажеттілігіне назар аударды.,0.9679332971572876,True,1,579,805,1384,11.986325842999577,11.999467552999704,0.0,12,11,1,11,0,8,3,4,4,18255349767369614837,0.95,1,,
Experiment_1_Kazakh_Paraphrase_Generation_FINAL,c370bb2d8f27e75586dc32ebea2dbbd254a83935537a13c85717362a2e918182,2,general,llama,NousResearch/Meta-Llama-3.1-8B-Instruct,kazdiv,1,True,False,Шешім қабылдау үшін қажетті ақпараттың дәлізі бар болуы тиіс.,0.7633419632911682,True,1,585,543,1128,8.073303182000018,8.082080222000513,0.0,12,12,0,3,9,3,0,2,6,10205538850603648550,0.95,1,,
Experiment_1_Kazakh_Paraphrase_Generation_FINAL,c3a05c64bbd8cc7d6eccdd0ec3381d02d23693a58a97129c91c69e3a3a5af6a3,59,science,llama,NousResearch/Meta-Llama-3.1-8B-Instruct,baseline,3,True,False,Бақылау тобы эксперименттік әсерді басқа ықтимал факторлардан ажыратуға көмектеседі. Бақылау тобы экспериментті әсері басқа факторлардан ажыратуға көмектеседі.,0.936983585357666,True,1,469,94,563,1.4079670990013256,1.4144531590009137,0.0,1,1,0,1,0,,,,,,,,,
Experiment_1_Kazakh_Paraphrase_Generation_FINAL,c3a9d7994fb0da5a61eec3ac234970defc112a5e9c6864fdd5350431a34690c4,8,general,llama,NousResearch/Meta-Llama-3.1-8B-Instruct,baseline,2,True,False,Қоғамдық орындарда ортақ ережелерді сақтау азғына құрмет көрсету рәсімі болып саналады. Қоғамдық орындарда ортақ ережелерді сақтау азғындарға құрмет көрсету рәсімінен тыс болып саналмауы тиіс. Қоғамдық орындарда ортақ ережелерді сақтау күнделікті өмірде құрмет көрсету үрдісінің бір түрі болып саналады. Қоғамдық орындарда ортақ ережелерді сақтау құрмет көрсетудің бір түрі ретінде қабылданады. Қоғамдық орындарда ортақ ережелерді сақтау көбіне құрмет көрсету тәсілі ретінде қабылданады.,0.846166729927063,False,1,490,334,824,4.947695759999988,4.954879060000167,0.0,1,1,0,0,1,,,,,,,,,
Experiment_1_Kazakh_Paraphrase_Generation_FINAL,c3c36d23a846d704cf21ad72d697f964caa4f0a7a5aea18f7bf3e37a36fdef66,85,news,llama,NousResearch/Meta-Llama-3.1-8B-Instruct,kazdiv,3,True,False,Университеттің ғылыми зерттеушілері өндірістік үдерістерді талдауға арналған жаңа цифрлық жүйені ұсынды.,0.9436328411102295,True,1,594,948,1542,14.123135624999122,14.133295814999656,0.0,13,13,0,13,0,4,9,2,5,2926906574054995491,0.95,1,,
Experiment_1_Kazakh_Paraphrase_Generation_FINAL,c3e3593fd9165a3208e622dc41fb66eab490f395dd607fdef03fe29432b4bf1c,100,news,llama,NousResearch/Meta-Llama-3.1-8B-Instruct,baseline,1,True,False,Өңірде қоғамдық кеңістіктерді қайта жаңарту жұмыстары келесі кезеңде бірнеше ауданға дейін кеңейтіледі.,0.9920293688774109,True,1,488,74,562,1.112845591000223,1.11937965099969,0.0,1,1,0,1,0,,,,,,,,,
Experiment_1_Kazakh_Paraphrase_Generation_FINAL,c3f6f7a21f0cb5d37d8f30ec4371bf715cbe31870a5de133bdad6b40d0445c3c,2,general,llama,NousResearch/Meta-Llama-3.1-8B-Instruct,baseline,5,True,False,Маңызды шешім қабылдағанда адамдар ақпаратты мұқият салыстыруы керек.,0.9629847407341003,True,1,467,45,512,0.6850641239998367,0.691098884000894,0.0,1,1,0,1,0,,,,,,,,,
Experiment_1_Kazakh_Paraphrase_Generation_FINAL,c43cb05ed570fa2cc870a19dcc39af57360964eb2b83adc195bb1de593c830fe,52,science,kazllm,issai/LLama-3.1-KazLLM-1.0-8B,baseline,3,True,False,Зерттеу нәтижелерін визуализациялау күрделі байланыстарды түсіндіруді жеңілдетеді.,0.9999999403953552,False,1,492,49,541,0.7443107999997665,0.7460721899997225,0.0,1,1,0,0,1,,,,,,,,,
Experiment_1_Kazakh_Paraphrase_Generation_FINAL,c43ce2474477aae97dac88cdc1d0c505d5353bab9ebef6cef5a630dc2055b926,93,news,kazllm,issai/LLama-3.1-KazLLM-1.0-8B,baseline,2,True,False,Жергілікті билік ауаның сапасын бақылауға арналған қосымша өлшеу бекеттерін орнатуды жоспарлап отыр.,1.0,False,1,506,63,569,0.9507558289997178,0.9524427879996438,0.0,1,1,0,0,1,,,,,,,,,
Experiment_1_Kazakh_Paraphrase_Generation_FINAL,c44583d71a302cac0e8682fcb06921729c398353c03d809197b1fe5ee893f1b2,16,general,llama,NousResearch/Meta-Llama-3.1-8B-Instruct,kazdiv,1,True,False,"Еріктілік қызметі қоғамдық өмірде адамның тәжірибесін кеңейтеді, сонымен қатар әлеуметтік өзгерістер туғызады.",0.9363014698028564,True,1,600,954,1554,14.212815240000054,14.222624500000165,0.0,13,13,0,13,0,4,9,3,3,18357434112683350924,0.95,1,,
Experiment_1_Kazakh_Paraphrase_Generation_FINAL,c495c48c496ef74723924d078f48d4f466d15f45042bcd15c79210745cecd200,89,news,llama,NousResearch/Meta-Llama-3.1-8B-Instruct,kazdiv,5,True,False,Сарапшылар еңбек нарығындағы деректерді талдау қабілеттеріне сұраныс өсіп келе жатқанын атап көрсетті.,0.9707229137420654,True,1,597,816,1413,12.155009344000064,12.164718904001347,0.0,12,9,3,9,0,2,7,1,1,5315834566857704245,0.95,1,,
Experiment_1_Kazakh_Paraphrase_Generation_FINAL,c4ae23653ef34a1d9fe01a7f781d1fef0cf3d5c2a6758bc33e14ec075baa01e0,31,education,llama,NousResearch/Meta-Llama-3.1-8B-Instruct,baseline,2,True,False,Білім нәтижелерінің сенімділігін көрсету үшін академиялық адалдық қағидаларын сақтау қажет.,0.9190807342529297,True,1,481,64,545,0.9650669490001746,0.9711222589994577,0.0,1,1,0,1,0,,,,,,,,,
Experiment_1_Kazakh_Paraphrase_Generation_FINAL,c4b6b1544d05c69e3754334380178c1340b9a8f3050753703989100d6aa03a2d,37,education,kazllm,issai/LLama-3.1-KazLLM-1.0-8B,kazdiv,3,True,False,Жоғары оқу орнын бітіргеннен кейін де студенттің өз бетінше білім алу дағдылары кәсіби даму үшін негіз болып қала береді.,0.9399300217628479,True,1,620,956,1576,14.240226505999999,14.249084966000282,0.0,13,4,9,4,0,2,2,0,0,10688216466457861107,0.95,1,,
Experiment_1_Kazakh_Paraphrase_Generation_FINAL,c4d3fc1925e4f561cec1c47d7dbbff6294ab984bff45803f68e8c5bf3b2076a0,58,science,llama,NousResearch/Meta-Llama-3.1-8B-Instruct,baseline,2,True,False,"Корреляция екі айнымалы арасындағы байланысты көрсеткенімен, себеп-салдар қатынасын өздігінен дәлелдемейді. Қарағанда корреляция екі айнымалы арасындағы байланысты көрсеткенімен, себеп-салдар қатынасын өздігінен дәлелдемейді.",0.9223405122756958,True,1,482,134,616,1.9955429439996806,2.0021561729990935,0.0,1,1,0,1,0,,,,,,,,,
Experiment_1_Kazakh_Paraphrase_Generation_FINAL,c4e38321080c3e44b768dbd1460edfe3f6a4ac2c49d5f9fd65ac8ed8ee9e9707,11,general,kazllm,issai/LLama-3.1-KazLLM-1.0-8B,baseline,2,True,False,Алдын ала қаржылық жоспарлау қажетсіз шығындарды азайтуға көмектеседі.,0.9778987169265747,True,1,490,50,540,0.7585064380000404,0.764544027999932,0.0,1,1,0,1,0,,,,,,,,,
Experiment_1_Kazakh_Paraphrase_Generation_FINAL,c502e2132ac9662f1e48f82e15184fd8f774076001f357ccf7cbcf8c9670a2e0,78,technology,kazllm,issai/LLama-3.1-KazLLM-1.0-8B,baseline,2,True,False,Жүйенің қосымша көшірмелері техникалық ақау кезінде маңызды ақпаратты қалпына келтіруге мүмкіндік береді.,0.9232759475708008,True,1,509,69,578,1.0385695049999413,1.0444073349999599,0.0,1,1,0,1,0,,,,,,,,,
Experiment_1_Kazakh_Paraphrase_Generation_FINAL,c517c91a5e6d4e38dba84b3e1603bf0362c3df42d92683ca3476dc40ae0f6e97,91,news,llama,NousResearch/Meta-Llama-3.1-8B-Instruct,kazdiv,1,True,False,Өңірлік форумда жасанды интеллектті білім беру мен өндірісте пайдалану мәселелері талқыланды.,0.9945611357688904,True,1,590,743,1333,11.064270773000317,11.078100192999045,0.0,12,10,2,10,0,1,9,0,0,4324497083102657635,0.95,1,,
Experiment_1_Kazakh_Paraphrase_Generation_FINAL,c52dae98bbdc6a6c3c213ef0e37937ec660f529869a5f7986a22a9d0db54c5c5,47,science,llama,NousResearch/Meta-Llama-3.1-8B-Instruct,baseline,4,True,False,Толық деректер жиынтығы күрделі құбылыстарды бірнеше көрсеткіш бойынша талдауға мүмкіндік береді.,0.9302710890769958,True,1,485,67,552,1.009663881999586,1.0157647420001013,0.0,1,1,0,1,0,,,,,,,,,
Experiment_1_Kazakh_Paraphrase_Generation_FINAL,c52df45a7e42462f64887b0db319c7729fb3705e393c5ebde98ee931ebf533c5,9,general,llama,NousResearch/Meta-Llama-3.1-8B-Instruct,kazdiv,5,True,False,"Уақыт, тәжірибе және ашық қарым-қатынас адамның жаңа ортаға бейімделуін қамтамасыз етеді.",0.8970897197723389,True,1,597,780,1377,11.618693898000856,11.628283948000899,0.0,12,12,0,12,0,4,8,1,2,2433488550081193638,0.95,1,,
Experiment_1_Kazakh_Paraphrase_Generation_FINAL,c55fa547f164ff2fce82711a910545a0cbdd307a938bd5cb14071bd37f985a05,42,science,kazllm,issai/LLama-3.1-KazLLM-1.0-8B,baseline,2,True,False,Эксперимент нәтижелерінің сенімділігі деректерді жинау әдісінің дұрыстығына тікелей байланысты.,1.0,False,1,499,56,555,0.8468053159999727,0.8485061260003022,0.0,1,1,0,0,1,,,,,,,,,
Experiment_1_Kazakh_Paraphrase_Generation_FINAL,c58526a61ea34963739a84ededd1249f612088f0b578cc558bcb77ed3ebdcbc4,8,general,llama,NousResearch/Meta-Llama-3.1-8B-Instruct,baseline,4,True,False,Қоғамдық орындарда ортақ ережелерді сақтау басқа адамдарға құрмет көрсетудің бір түрі болып саналады. Қоғамдық орындарда басқа адамдарға құрмет көрсету – басқа адамдарға құрмет көрсетунің бір түрі. Басқа адамдарға құрмет көрсету – қоғамдық орындарда ортақ ережелерді сақтаудың бір түрі. Қоғамдық орындарда ортақ ережелерді сақтау басқа адамдарға құрмет көрсетудің бір түрі болып саналады – басқа адамдарға құрмет көрсету. Басқа адамдарға құрмет көрсету – ортақ ережелерді сақтау. Қоғамдық орындарда ортақ ережелерді сақтау басқа адамдарға құрмет көрсетудің бір түрі – басқа адамдарға құрмет көрсету.,0.8880773782730103,False,1,490,435,925,6.449449867001022,6.456868717001271,0.0,1,1,0,0,1,,,,,,,,,
Experiment_1_Kazakh_Paraphrase_Generation_FINAL,c5883f63985f7c44ad6f3f2f7c13ad5af799b82e18101fe8b1e63aadf55de456,59,science,kazllm,issai/LLama-3.1-KazLLM-1.0-8B,baseline,1,True,False,Бақылау тобы эксперименттік әсерді басқа ықтимал факторлардан ажыратуға көмектеседі.,1.0,False,1,494,51,545,0.7744145119995665,0.7806969319999553,0.0,1,1,0,0,1,,,,,,,,,
Experiment_1_Kazakh_Paraphrase_Generation_FINAL,c59db77fee55b37e175edbe54f0e8753c7f4b409310fef49c1fd69951b96caf3,33,education,llama,NousResearch/Meta-Llama-3.1-8B-Instruct,baseline,2,True,False,Қысқа бақылау тапсырмалары оқу материалын жүйелі түрде қайталауға ынталандырады. Толық басқа жазылған сөйлем: Оқу материалын жүйелі түрде қайталауға оқушыларды ынталандыратын тапсырмалар.,0.8929856419563293,False,1,473,126,599,1.8779720100010309,1.8842201199986448,0.0,1,1,0,0,1,,,,,,,,,
Experiment_1_Kazakh_Paraphrase_Generation_FINAL,c5b0d516315a5638d30967afb255fcff5bd362c07c415dc56b5b02b10a1cb0fb,88,news,llama,NousResearch/Meta-Llama-3.1-8B-Instruct,baseline,4,True,False,Жауап: Мектептерде сауаттылықты арттыруға арналған қосымша сабақтар кезең-кезеңімен келеді.,0.8571743369102478,True,1,482,61,543,0.921443913000985,0.9276876730000367,0.0,1,1,0,1,0,,,,,,,,,
Experiment_1_Kazakh_Paraphrase_Generation_FINAL,c5b41bfe2a07a88bb95d719eecc643e4e7af482ded0f42282cf566e8eec06f6a,82,news,kazllm,issai/LLama-3.1-KazLLM-1.0-8B,baseline,3,True,False,"Өңірде жаңа білім орталығы ашылып, оқушыларға технологиялық курстар ұсыныла бастады.",0.9863505363464355,True,1,504,54,558,0.8174168300001838,0.8236995600000228,0.0,1,1,0,1,0,,,,,,,,,
Experiment_1_Kazakh_Paraphrase_Generation_FINAL,c5dfd01b54ca36eec5668f9e7c941f348e03ffd1f8e82b1d08b71b8c890d9ba2,41,science,llama,NousResearch/Meta-Llama-3.1-8B-Instruct,kazdiv,5,True,False,"Ғылыми зерттеулердің мақсаты – нақты мәселені анықтау және оның шешіміне жол ашып, оны тану.",0.7982009053230286,True,1,599,814,1413,12.120872542998768,12.13279544299985,0.0,13,12,1,12,0,2,10,0,5,13822671074905604494,0.95,1,,
Experiment_1_Kazakh_Paraphrase_Generation_FINAL,c5f5c759df6b754f6e3001679b3228c43dff8bbe056df5cf54b68748c5ce65f5,42,science,kazllm,issai/LLama-3.1-KazLLM-1.0-8B,baseline,1,True,False,Эксперименттің нәтижелерінің сенімділігі деректерді жинау әдісінің дұрыстығына тікелей байланысты.,0.9967668056488037,True,1,499,59,558,0.890774995999891,0.897731856000064,0.0,1,1,0,1,0,,,,,,,,,
Experiment_1_Kazakh_Paraphrase_Generation_FINAL,c60d160385cb21db7b3fb0f357e15a9ae26f20fd65b5175af1c3c90df7dfb312,13,general,llama,NousResearch/Meta-Llama-3.1-8B-Instruct,baseline,2,True,False,Кері байланыс жұмыстың сапасын жақсартуға ықпал етеді.,0.9379565715789795,True,1,469,40,509,0.6116223349999927,0.613459514999704,0.0,1,1,0,1,0,,,,,,,,,
Experiment_1_Kazakh_Paraphrase_Generation_FINAL,c611dac1351a67c1c7dc53d598483dd2838b931221184b338f1e20b54aee5711,20,general,kazllm,issai/LLama-3.1-KazLLM-1.0-8B,kazdiv,1,True,False,Мәселені шешу үшін оны қысқа қадамдарға бөлу тиімді.,0.8362913727760315,True,1,613,561,1174,8.34752841999989,8.356346140000142,0.0,12,8,4,8,0,4,4,2,7,16979171429904304845,0.95,1,,
Experiment_1_Kazakh_Paraphrase_Generation_FINAL,c61883c55ed69ed5c62888a6423cbf51b0ce02c345dd941842efbc5248d91b9c,91,news,llama,NousResearch/Meta-Llama-3.1-8B-Instruct,baseline,2,True,False,Өндірісте жасанды интеллекті білім берумен бірге қолдану мәселелері талқыланды.,0.8354684710502625,True,1,472,45,517,0.6860125139992306,0.692295834000106,0.0,1,1,0,1,0,,,,,,,,,
Experiment_1_Kazakh_Paraphrase_Generation_FINAL,c680c01dd89ab72b665f8a96095e1d08b420145d6ef3d0d88c43447cf55b6ddf,85,news,kazllm,issai/LLama-3.1-KazLLM-1.0-8B,baseline,4,True,False,Университет зерттеушілері өндірістік процестерді талдауға арналған жаңа цифрлық платформаны ұсынды.,0.9956262111663818,True,1,501,56,557,0.8474599000001035,0.8491605100007291,0.0,1,1,0,1,0,,,,,,,,,
Experiment_1_Kazakh_Paraphrase_Generation_FINAL,c6aea484063cf1e3bd65da8f0840ed634d6d8d060a053b6ca5fd39e5953a9b32,89,news,kazllm,issai/LLama-3.1-KazLLM-1.0-8B,kazdiv,3,True,False,Сарапшылар еңбек нарығында деректерді талдау дағдыларына сұраныс артып келе жатқанын айтты.,0.9919797778129578,True,1,622,710,1332,10.577763085000697,10.586322525000469,0.0,12,3,9,3,0,1,2,0,0,13411105305984086087,0.95,1,,
Experiment_1_Kazakh_Paraphrase_Generation_FINAL,c6edccccee75aebf0195c1acc61cc5e02c6813e8e490b15157d18b6fd4187b45,6,general,kazllm,issai/LLama-3.1-KazLLM-1.0-8B,kazdiv,3,True,False,"Адамның сөздік қорын кеңейтіп, ойлау қабілетін дамытуға көмектесетін оқу - кітап оқу.",0.9410592317581177,True,1,617,704,1321,10.482541540000057,10.491410309999992,0.0,12,9,3,9,0,3,6,2,4,12905212218787797937,0.95,1,,
Experiment_1_Kazakh_Paraphrase_Generation_FINAL,c70ef36d956af5ea0c41678eab1f3fd51136eddc7ead6af731294fb577737a14,33,education,llama,NousResearch/Meta-Llama-3.1-8B-Instruct,kazdiv,5,True,False,Қысқа бақылау тапсырмалары оқу материалын жүйелі түрде қайталауға ынталандыратын құралдар болып табылады.,0.9577833414077759,True,1,591,966,1557,14.380286805999276,14.392059466001228,0.0,12,12,0,11,1,7,4,2,4,2209332269686546243,0.95,1,,
Experiment_1_Kazakh_Paraphrase_Generation_FINAL,c73118cf5290536b67ecd3e2c354a26f63c009b18d1a5b5116ee8076e76f5611,11,general,llama,NousResearch/Meta-Llama-3.1-8B-Instruct,baseline,5,True,False,Қаржыны алдын ала жоспарлау шығындарды азайтуға көмектеседі.,0.9643990993499756,True,1,465,41,506,0.6268849649986805,0.6330357849983557,0.0,1,1,0,1,0,,,,,,,,,
Experiment_1_Kazakh_Paraphrase_Generation_FINAL,c732608e1f5004c0edbf1fd2fbe081027d224f9f3005020436ac0dcc08b1dec7,62,technology,llama,NousResearch/Meta-Llama-3.1-8B-Instruct,kazdiv,2,True,False,Оқыту моделінің сапасы оқыту материалдарының көлемінен және жақсалуынан көріністі.,0.8045862913131714,True,1,593,683,1276,10.166463961000773,10.176909750998675,0.0,13,13,0,13,0,8,5,3,3,3059392309746038291,0.95,1,,
Experiment_1_Kazakh_Paraphrase_Generation_FINAL,c7349270e1e8b50fed0cb561b0f21d5691863868cf4267c074c60299736f9643,26,education,kazllm,issai/LLama-3.1-KazLLM-1.0-8B,baseline,1,True,False,Оқушылардың білімін тәжірибе жобалары арқылы нақты мәселелерді шешу үшін қолдануына мүмкіндік туады.,0.8780034184455872,True,1,501,66,567,0.9952110360000006,1.002239255999939,0.0,1,1,0,1,0,,,,,,,,,
Experiment_1_Kazakh_Paraphrase_Generation_FINAL,c77f210ec54c5fa59c963f62c1a52e72d378d7eacd4c362eeb98401c9506e871,56,science,kazllm,issai/LLama-3.1-KazLLM-1.0-8B,baseline,1,True,False,Сапалы аннотацияланған деректер машиналық оқыту модельдерін объективті бағалау үшін маңызды.,0.9999999403953552,False,1,490,47,537,0.7148830320002162,0.7210574520004229,0.0,1,1,0,0,1,,,,,,,,,
Experiment_1_Kazakh_Paraphrase_Generation_FINAL,c78fbcc4da8e7680ac277cdec7fde1dae8fabfe03e3c36d4f7024dbd80075a4a,98,news,llama,NousResearch/Meta-Llama-3.1-8B-Instruct,kazdiv,4,True,False,Оқу орындары студенттерді компаниялармен өндірістік тәжірибе жасауға шақырды.,0.857926607131958,True,1,603,703,1306,10.470503316999384,10.482102157000554,0.0,12,10,2,10,0,3,7,2,5,6297116727436255126,0.95,1,,
Experiment_1_Kazakh_Paraphrase_Generation_FINAL,c7bb275587598fc1c4426f7f5296f25b805fe8939c18783812e54d1c53825f6d,19,general,kazllm,issai/LLama-3.1-KazLLM-1.0-8B,kazdiv,4,True,False,Жергілікті мәдениеттің дәстүрлерін сақтау қоғамның тарихи жадын келесі ұрпаққа жеткізеді,0.9252972602844238,True,1,624,879,1503,13.09826605599983,13.10659240599989,0.0,13,3,10,2,1,1,1,0,2,2071881903863953695,0.95,1,,
Experiment_1_Kazakh_Paraphrase_Generation_FINAL,c7be75b3e9f789c9e8944dc5d62dcf5b2a975550e34111fcdd0900152a332366,7,general,kazllm,issai/LLama-3.1-KazLLM-1.0-8B,kazdiv,1,True,False,Күнделікті өмір сапасын жақсарту үшін дұрыс тамақтану мен белсенді қозғалыстың маңызы зор.,0.9121921062469482,True,1,614,844,1458,12.565543532999982,12.574330223000288,0.0,13,5,8,5,0,2,3,1,3,15726407636957853722,0.95,1,,
Experiment_1_Kazakh_Paraphrase_Generation_FINAL,c7c8727e6237684c7f7b9faacfff1f5b1df7d7e6a1c5aa9d446c887bd1ba561b,37,education,kazllm,issai/LLama-3.1-KazLLM-1.0-8B,kazdiv,5,True,False,Студенттің өз бетінше білім алуға қабілеті жоғары оқу орнынан кейін де кәсіби дамуға негіз болады.,0.9769273400306702,True,1,620,829,1449,12.345066674000009,12.353934744000071,0.0,12,6,6,6,0,2,4,0,0,18007078851330763731,0.95,1,,
Experiment_1_Kazakh_Paraphrase_Generation_FINAL,c7ca5ff30905c401f77dad7aa91dc1cf62d3d627451f9981918ed1432e1ecb10,72,technology,llama,NousResearch/Meta-Llama-3.1-8B-Instruct,baseline,2,True,False,Модельдің шешімдерін түсіндіру мүмкіндігі жасанды интеллект жүйелерін енгізу кезінде маңызды талапқа айналып келеді.,0.9524239301681519,True,1,488,72,560,1.0837411990014516,1.085718858999826,0.0,1,1,0,1,0,,,,,,,,,
Experiment_1_Kazakh_Paraphrase_Generation_FINAL,c7cc09364846c9da070dfcc36a19b093b43a2795b56b266654132a4004fe8ee3,19,general,llama,NousResearch/Meta-Llama-3.1-8B-Instruct,baseline,3,True,False,Қоғамның тарихи жадын келесі ұрпаққа жеткізу – жергілікті мәдени дәстүрлерді сақтау.,0.9357888698577881,True,1,481,63,544,0.9504276719999325,0.9522669420002785,0.0,1,1,0,1,0,,,,,,,,,
Experiment_1_Kazakh_Paraphrase_Generation_FINAL,c7e71cb7a0f871f3f31a69900bc9e5977247968eca33781c23afa6a3d1633a23,30,education,kazllm,issai/LLama-3.1-KazLLM-1.0-8B,kazdiv,4,True,False,Цифрлық құралдарды дұрыс пайдалану дәстүрлі оқыту әдістерінің мүмкіндіктерін толықтыра алады.,0.9556331634521484,True,1,625,845,1470,12.590201461000106,12.598659341000257,0.0,12,4,8,4,0,2,2,1,2,14145378290073269802,0.95,1,,
Experiment_1_Kazakh_Paraphrase_Generation_FINAL,c7ea0167379a4031b919c1b8585006795e866ca26f35b426391b880fef473b99,44,science,kazllm,issai/LLama-3.1-KazLLM-1.0-8B,baseline,2,True,False,Статистикалық талдау деректердегі заңдылықтарды анықтауға және гипотезаларды бағалауға мүмкіндік береді.,1.0,False,1,508,65,573,0.979408956000043,0.981124355999782,0.0,1,1,0,0,1,,,,,,,,,
Experiment_1_Kazakh_Paraphrase_Generation_FINAL,c806f7875b61008352ee9fdf5c47afe874e53cec1ddc6c0713caef4b591043a9,15,general,kazllm,issai/LLama-3.1-KazLLM-1.0-8B,kazdiv,1,True,False,Жаяу жүргіншілерге қолайлы орта жасайтын қала тұрғындары белсенді өмір салтын қолдайды.,0.9645015597343445,True,1,617,702,1319,10.450073384999996,10.458773064999832,0.0,12,6,6,6,0,1,5,0,2,4479286039746643312,0.95,1,,
Experiment_1_Kazakh_Paraphrase_Generation_FINAL,c82f6be5a06dd09152363e8013f344bfec01d49453d96c664e89013291423b37,34,education,kazllm,issai/LLama-3.1-KazLLM-1.0-8B,baseline,1,True,False,Студенттерге жаңа түсініктерді түсіндіру үшін мысалдарды қолдану қажет.,0.7774128317832947,True,1,509,46,555,0.6994506659998478,0.7058825160002016,0.0,1,1,0,1,0,,,,,,,,,
Experiment_1_Kazakh_Paraphrase_Generation_FINAL,c84845e5d2fc0b82f47c8a8fdcb65e57673c81bce4757c70c763e9277301f0f2,1,general,llama,NousResearch/Meta-Llama-3.1-8B-Instruct,kazdiv,5,True,False,Күнделікті өмірде жоспарланған іс-әрекеттерді іске асыруда ғана дұрыс жоспарлау қажет.,0.7902306318283081,True,1,586,744,1330,11.06741794700065,11.077815576998546,0.0,12,12,0,8,4,8,0,6,10,12044420607937479979,0.95,1,,
Experiment_1_Kazakh_Paraphrase_Generation_FINAL,c84e14a4f4bdafba98e6ab69ff5e7d2c6ab559022437741256e30bebedf89717,85,news,kazllm,issai/LLama-3.1-KazLLM-1.0-8B,baseline,5,True,False,Зерттеушілер университеті өндірістік процестерді талдау үшін цифрлық платформаны ұсынды.,0.962969183921814,True,1,501,45,546,0.6856131019994791,0.6915555420000601,0.0,1,1,0,1,0,,,,,,,,,
Experiment_1_Kazakh_Paraphrase_Generation_FINAL,c86865e2f128fc3dd05c5ebabcfede06fb99aaf6f1b5105ffe2ad015e5b3cd8b,40,education,llama,NousResearch/Meta-Llama-3.1-8B-Instruct,kazdiv,3,True,False,Ақпарат орны әр студенттің оқу ісінде тең қатысуына жағдай жасайды.,0.7827461361885071,True,1,597,605,1202,9.000328764999722,9.010034175000328,0.0,12,11,1,7,4,5,2,3,4,9895052176378679637,0.95,1,,
Experiment_1_Kazakh_Paraphrase_Generation_FINAL,c89d7c39e468b6fc52f05af47198545fd0d4431afacd91c0ddb09f42f8f23c8f,10,general,llama,NousResearch/Meta-Llama-3.1-8B-Instruct,baseline,2,True,False,Тапсырманың шарттарына сәйкес қайта жазылған сөйлем: Отбасындағы өзара көмек қиын жағдайларды бірге жеңуге мүмкіндік береді.,0.805054783821106,True,1,471,88,559,1.3187094389995764,1.3253704390008352,0.0,1,1,0,1,0,,,,,,,,,
Experiment_1_Kazakh_Paraphrase_Generation_FINAL,c8b2fa7f7ad2415a975ebe743b022dcf9fd84639e819b1f43d10f1eac65c3cff,4,general,kazllm,issai/LLama-3.1-KazLLM-1.0-8B,kazdiv,5,True,False,Тұрақты әдеттер адамға ұзақ мерзімді мақсаттарына біртіндеп жетуге мүмкіндік береді.,0.9805475473403931,True,1,623,657,1280,9.777000904000033,9.786224043999937,0.0,12,11,1,11,0,2,9,0,0,17189940958391194644,0.95,1,,
Experiment_1_Kazakh_Paraphrase_Generation_FINAL,c8bb90962c38bcaa00bc3f376240c3d88412169768dff567f0aecbd9eaa237ef,75,technology,kazllm,issai/LLama-3.1-KazLLM-1.0-8B,baseline,5,True,False,Деректер базасын дұрыс жобалау ақпаратты сақтау мен іздеу тиімділігін арттырады.,1.0,False,1,489,46,535,0.7002224059997388,0.701932735999435,0.0,1,1,0,0,1,,,,,,,,,
Experiment_1_Kazakh_Paraphrase_Generation_FINAL,c8bee3e721308b9315f903d376785154b07b936b47c3e53c95ec778c4abf56a2,48,science,kazllm,issai/LLama-3.1-KazLLM-1.0-8B,baseline,4,True,False,Зерттеу үлгісінің мөлшері алынған нәтижелердің статистикалық сенімділігіне әсер етуі мүмкін.,0.9523348212242126,True,1,509,63,572,0.9502777499997137,0.9562701189997824,0.0,1,1,0,1,0,,,,,,,,,
Experiment_1_Kazakh_Paraphrase_Generation_FINAL,c8e5603ffec62e287689180b4106fb4e1af2c462a1c3b37ef9e6f8b7e6f5da35,71,technology,kazllm,issai/LLama-3.1-KazLLM-1.0-8B,kazdiv,1,True,False,Интернет құрылғыларының арасында деректерді автоматты түрде жинауға және алмасуға мүмкіндік беретін Интернет заттары бар.,0.8718092441558838,True,1,617,779,1396,11.603889709000214,11.612847399000202,0.0,12,3,9,3,0,2,1,0,0,12960957286474812915,0.95,1,,
Experiment_1_Kazakh_Paraphrase_Generation_FINAL,c92aee0e431991315026e0d22955af979b1b080ed4ef0d88c07cda448eaef499,9,general,kazllm,issai/LLama-3.1-KazLLM-1.0-8B,baseline,5,True,False,"Адамның жаңа ортаға бейімделуі үшін оған уақыт, тәжірибе және ашық қарым-қатынас қажет.",0.9815633296966553,True,1,504,66,570,0.9948823889999403,1.0014641890002167,0.0,1,1,0,1,0,,,,,,,,,
Experiment_1_Kazakh_Paraphrase_Generation_FINAL,c94d22fe420521a36d90be74222bde8fb63a62d66c089190420e7bcdefd2b3c6,12,general,kazllm,issai/LLama-3.1-KazLLM-1.0-8B,baseline,2,True,False,"Табиғат аясында демалу адамның көңіл күйін жақсартып, күнделікті күйзелісті төмендетуі мүмкін.",1.0,False,1,509,66,575,0.995085194000012,0.9968237539999336,0.0,1,1,0,0,1,,,,,,,,,
Experiment_1_Kazakh_Paraphrase_Generation_FINAL,c9677862d806cdd0a58f125d85f93a16624bf40c735ae1384f565ecc654bdd00,43,science,kazllm,issai/LLama-3.1-KazLLM-1.0-8B,kazdiv,5,True,False,Зерттеу нәтижелерін қайта тексеру үшін зерттеуде қолданылған әдістер толық сипатталған болуы керек.,0.8379012942314148,True,1,620,792,1412,11.799283315000139,11.808087775000331,0.0,12,5,7,5,0,2,3,0,0,8274299190259559133,0.95,1,,
Experiment_1_Kazakh_Paraphrase_Generation_FINAL,c97e83aa7db83ff7b6393d8ff3c40efa0dbf79779c597bd07653a555e1043238,43,science,kazllm,issai/LLama-3.1-KazLLM-1.0-8B,kazdiv,2,True,False,"Егер зерттеуде қолданылған әдістер толығымен сипатталса, басқа ғалымдар нәтижелерді қайта тексере алады.",0.98235023021698,True,1,620,848,1468,12.632677920999868,12.6411676609996,0.0,13,5,8,5,0,2,3,0,0,14600696519397356212,0.95,1,,
Experiment_1_Kazakh_Paraphrase_Generation_FINAL,ca043b26a860e85275d954e198558853bfab6850ac7f19721f96988ed9b00be3,90,news,llama,NousResearch/Meta-Llama-3.1-8B-Instruct,kazdiv,3,True,False,Жаңа зертхана тәжірибелік жобалар жүргізуге студенттер мен жас ғалымдарға мүмкіндік бермек.,0.9807382822036743,True,1,591,785,1376,11.688977167999838,11.7016136179991,0.0,12,12,0,12,0,3,9,1,1,17402779381811764704,0.95,1,,
Experiment_1_Kazakh_Paraphrase_Generation_FINAL,ca203eb37f5d3564cbfad9f64fc96d2afb3deb77532c64dffa62928b1c5adf6b,59,science,llama,NousResearch/Meta-Llama-3.1-8B-Instruct,baseline,2,True,False,Бақылау тобы эксперименттік әсерді басқа ықтимал факторлардан ажыратуға көмектеседі.,1.0,False,1,469,51,520,0.7740333439996903,0.7757884540005762,0.0,1,1,0,0,1,,,,,,,,,
Experiment_1_Kazakh_Paraphrase_Generation_FINAL,ca9cb33e049eb5823033f901846444cb68f44aba2d32b484f0d4691916e8f8ed,26,education,kazllm,issai/LLama-3.1-KazLLM-1.0-8B,kazdiv,5,True,False,Практикалық жобаларда алған білімдерін студенттер нақты мәселелерді шешу кезінде қолданады.,0.909135639667511,True,1,619,694,1313,10.330742872999963,10.339492542999778,0.0,12,6,6,6,0,4,2,3,4,7776900781123510220,0.95,1,,
Experiment_1_Kazakh_Paraphrase_Generation_FINAL,caa17c061499ba03bbf54c73c841e18bd694df5e37ae86e1e3a586c0428b5a2e,69,technology,kazllm,issai/LLama-3.1-KazLLM-1.0-8B,kazdiv,2,True,False,Компьютерлік көру алгоритмдері кескіндерді анықтау үшін нысандарды пайдаланады.,0.8800448179244995,True,1,614,581,1195,8.648341944000094,8.658082693999859,0.0,12,9,3,9,0,3,6,2,7,13704659361491898531,0.95,1,,
Experiment_1_Kazakh_Paraphrase_Generation_FINAL,cab4a8c58554d9268716f97ad6762b2d4c73dec2700f485277b190fb1afb93b0,83,news,llama,NousResearch/Meta-Llama-3.1-8B-Instruct,baseline,4,True,False,Қажеттілікке назар аударды мамандар алдағы маусымда су ресурстарын үнемді пайдалануға.,0.9587677717208862,True,1,461,44,505,0.6706248640002741,0.6768132149991288,0.0,1,1,0,1,0,,,,,,,,,
Experiment_1_Kazakh_Paraphrase_Generation_FINAL,cad3c607f5535aec71b9cfc168123aa62105014caaa0ab203c19175b4a4172cb,81,news,kazllm,issai/LLama-3.1-KazLLM-1.0-8B,baseline,1,True,False,Қала әкімдігі қоғамдық көлік бағыттарын тұрғындардың ұсыныстарына сүйене отырып қайта қарастыруды көздеп отыр.,0.9887430667877197,True,1,517,82,599,1.2368781329996636,1.2441696030000458,0.0,1,1,0,1,0,,,,,,,,,
Experiment_1_Kazakh_Paraphrase_Generation_FINAL,cb1210676eff49605a32e5e6b4b562be0cc343f692fc9c083cb0d8d9dd3c7306,69,technology,kazllm,issai/LLama-3.1-KazLLM-1.0-8B,kazdiv,4,True,False,Нысандарды кескіндерден автоматты түрде анықтау үшін компьютерлік көру алгоритмдері қолданылады.,0.947266697883606,True,1,614,581,1195,8.643741665000562,8.6524198850002,0.0,12,11,1,10,1,3,7,1,1,8487411503905789341,0.95,1,,
Experiment_1_Kazakh_Paraphrase_Generation_FINAL,cb24517d1e0451d241b93fc066e3802d2f55693e71812936a2ae6498005483b4,4,general,kazllm,issai/LLama-3.1-KazLLM-1.0-8B,baseline,4,True,False,Салауатты әдеттер адамның ұзақ мерзімді мақсаттарына үздіксіз жетуге мүмкіндік береді.,0.8829154968261719,True,1,505,54,559,0.8172019170001477,0.8228859770001691,0.0,1,1,0,1,0,,,,,,,,,
Experiment_1_Kazakh_Paraphrase_Generation_FINAL,cb266d06cc47c57d1ffd9d56188122758a74eb826d32218a72521430dc455211,33,education,kazllm,issai/LLama-3.1-KazLLM-1.0-8B,kazdiv,4,True,False,Қысқа бақылау тапсырмаларының көмегімен қайта қарауға ынталандыру оқу материалында жүйелі түрде жұмыс істеуге болады.,0.8767727613449097,True,1,616,814,1430,12.118758205000177,12.127709335000418,0.0,12,8,4,8,0,4,4,2,2,11205773796523127652,0.95,1,,
Experiment_1_Kazakh_Paraphrase_Generation_FINAL,cb311b7b5e9c08b21735fc2076a6f9b01765d6641065d8402b11501cdb3ce9df,47,science,llama,NousResearch/Meta-Llama-3.1-8B-Instruct,kazdiv,5,True,False,Үлкен деректер базасы күрделі құбылыстарды бірнеше көрсеткіш бойынша зерттеуге мүмкіндік береді.,0.9290738105773926,True,1,603,838,1441,12.473189608999746,12.483895258999837,0.0,13,13,0,12,1,11,1,0,0,6848778741476080841,0.95,1,,
Experiment_1_Kazakh_Paraphrase_Generation_FINAL,cb429a42bd0bf0820421bd8fc51b94890085b45c6539d98423029cee5d19c88c,54,science,kazllm,issai/LLama-3.1-KazLLM-1.0-8B,baseline,4,True,False,Ашық деректер ғылыми нәтижелерді тексеруге және қайта пайдалануға мүмкіндік береді.,0.9890459775924683,True,1,498,51,549,0.7740055220001523,0.7798066420000396,0.0,1,1,0,1,0,,,,,,,,,
Experiment_1_Kazakh_Paraphrase_Generation_FINAL,cb4b8e6faf9b95327eaef54498eaff94795790d18d40a2e8c2321e9d68a22e85,44,science,kazllm,issai/LLama-3.1-KazLLM-1.0-8B,baseline,5,True,False,Статистикалық талдау деректердегі заңдылықтарды анықтауға және гипотезаларды бағалауға мүмкіндік береді.,1.0,False,1,508,65,573,0.9787963949997902,0.9805043850001312,0.0,1,1,0,0,1,,,,,,,,,
Experiment_1_Kazakh_Paraphrase_Generation_FINAL,cb6122e272782975a130763020fdbab8ac5539a3f54e9171225aad2e3b3b8c5c,96,news,kazllm,issai/LLama-3.1-KazLLM-1.0-8B,kazdiv,5,True,False,Өндіріс тиімділігін арттыру үшін жаңа автоматтандырылған желіні іске қосу мақсатында бизнес әрекет етеді.,0.8992060422897339,True,1,625,777,1402,11.576104040000246,11.585239230000298,0.0,12,6,6,6,0,3,3,2,2,3414305679492067671,0.95,1,,
Experiment_1_Kazakh_Paraphrase_Generation_FINAL,cb95cf93ff1cb75de497ae5a3db738ac75dc13ac84076539ddaf6477304d9156,44,science,llama,NousResearch/Meta-Llama-3.1-8B-Instruct,baseline,5,True,False,"Бастапқы сөйлемді толығымен сақтай отырып, қайта жазу: Талдау статистикалық деректердегі заңдылықтарды анықтауға және гипотезаларды бағалауға мүмкіндік береді.",0.8159134387969971,True,1,483,101,584,1.510277829000188,1.5164764790006302,0.0,1,1,0,1,0,,,,,,,,,
Experiment_1_Kazakh_Paraphrase_Generation_FINAL,cba57533751fac00fc8d88add4768e997e609c96449cacd2749181c153fcd97d,19,general,kazllm,issai/LLama-3.1-KazLLM-1.0-8B,baseline,2,True,False,Жергілікті мәдени дәстүрлерді сақтау қоғамның тарихи жадын келесі ұрпаққа жеткізеді.,1.0,False,1,506,63,569,0.9496750280000015,0.9513891179999518,0.0,1,1,0,0,1,,,,,,,,,
Experiment_1_Kazakh_Paraphrase_Generation_FINAL,cba7e3faa7681607203547cc042d526c3ef14d05831713f3126b39dd28fd5e86,97,news,llama,NousResearch/Meta-Llama-3.1-8B-Instruct,kazdiv,2,True,False,Қалдықтарды сұрыптау мәдениетін дамытуға ықпал ететін жаңа экологиялық жоба мамандардың кәсіби пікірі бойынша,0.8513131141662598,True,1,600,783,1383,11.663237468999796,11.67622289800056,0.0,12,7,5,6,1,3,3,2,3,10043205978076547746,0.95,1,,
Experiment_1_Kazakh_Paraphrase_Generation_FINAL,cbad3c708a07e5cac02063ba87fa6e0322a529224a147e6b4f6a91240c872d67,11,general,kazllm,issai/LLama-3.1-KazLLM-1.0-8B,kazdiv,2,True,False,Қаржыны алдын ала жоспарлау - ақшаны дұрыс пайдалануға көмектеседі,0.8407203555107117,True,1,608,541,1149,8.04460922599992,8.053199675999963,0.0,12,9,3,8,1,8,0,1,1,6897458958205867141,0.95,1,,
Experiment_1_Kazakh_Paraphrase_Generation_FINAL,cbb672ddffd5e6f45e1f6c48c318a5e8d25b9e6f8b82e63449889c9dbb3c078e,44,science,kazllm,issai/LLama-3.1-KazLLM-1.0-8B,kazdiv,4,True,False,Деректердегі заңдылықтарды анықтау және гипотезаларды бағалау үшін статистикалық талдау қажет.,0.8535585403442383,True,1,626,721,1347,10.734860540000227,10.742318249999698,0.0,12,3,9,2,1,2,0,0,1,9393790758481138730,0.95,1,,
Experiment_1_Kazakh_Paraphrase_Generation_FINAL,cbc57f64290dde756aac3006bf540c97bc1304dbae01d068b74ec56a66484e8a,96,news,llama,NousResearch/Meta-Llama-3.1-8B-Instruct,kazdiv,4,True,False,Кәсіпорын өнімділігін арттыруға жаңа технологияны іске қосты,0.7672841548919678,True,1,600,545,1145,8.107574315999955,8.119404856000983,0.0,12,9,3,5,4,3,2,1,1,3807897206278418363,0.95,1,,
Experiment_1_Kazakh_Paraphrase_Generation_FINAL,cbdc2fb5be6effda1c001bb010dcab6ef887def3f7d22afc8dfd5414eecb1efe,28,education,llama,NousResearch/Meta-Llama-3.1-8B-Instruct,baseline,2,True,False,Сөйлемді түсіндірме сөздіктің көмегімен жаңа сөздермен қайта жазу: Білім алу қарқынымен шектелген оқу траекториясы студенттің қабілетін ескеруге мүмкіндік береді.,0.6960753202438354,False,1,471,102,573,1.5255802730007417,1.5321558430005098,0.0,1,1,0,0,1,,,,,,,,,
Experiment_1_Kazakh_Paraphrase_Generation_FINAL,cbdc6b4890e41e97689ec439a2614865b0d2b9aad18cc2977da2993d5188c7ac,79,technology,llama,NousResearch/Meta-Llama-3.1-8B-Instruct,baseline,1,True,False,Құрылғылардың түрлі жүйелерінің қолайлылығы пайдаланушылардың қолжетімділік сервистерді пайдалануына жағдай жасайды.,0.8595348596572876,True,1,491,76,567,1.1422537799990096,1.148980260000826,0.0,1,1,0,1,0,,,,,,,,,
Experiment_1_Kazakh_Paraphrase_Generation_FINAL,cbed94d932cace6baadcf89c70c88cf1cbadb2cebc2270934f1144d8e7336587,63,technology,kazllm,issai/LLama-3.1-KazLLM-1.0-8B,kazdiv,2,True,False,Жергілікті ресурстарсыз күрделі бағдарламалар бұлтқа негізделген есептеулер арқылы іске қосылуы мүмкін.,0.8185710906982422,True,1,635,1110,1745,16.550542615999802,16.56038680599977,0.0,13,9,4,9,0,4,5,0,0,14450502854383184767,0.95,1,,
Experiment_1_Kazakh_Paraphrase_Generation_FINAL,cbede06dec62ce506410495c123b2f8ce9b608a8e4f40b9171e6b19d0ec91283,17,general,kazllm,issai/LLama-3.1-KazLLM-1.0-8B,baseline,5,True,False,Күн тәртібін сақтау жұмыс пен демалыс арасындағы тепе-теңдікті қалыптастыруға көмектеседі.,1.0,False,1,506,63,569,0.9498872780000056,0.951614397999947,0.0,1,1,0,0,1,,,,,,,,,
Experiment_1_Kazakh_Paraphrase_Generation_FINAL,cc0486557ce79b5f80dedca3bd0208c02546a3d0602ed24f0a6ceb28a86f8cc2,48,science,kazllm,issai/LLama-3.1-KazLLM-1.0-8B,kazdiv,3,True,False,Алынған нәтижелердің статистикалық тұрақтылығы зерттеу үлгісінің өлшемі арқылы анықталады.,0.7957942485809326,True,1,627,968,1595,14.431251881999742,14.440497260999564,0.0,12,7,5,7,0,5,2,3,3,9552976334863620410,0.95,1,,
Experiment_1_Kazakh_Paraphrase_Generation_FINAL,cc297ad7735867f2b7e3d3e98ba0a1c98f9fb19d2682f4b5feeb2f9fe81238f2,87,news,llama,NousResearch/Meta-Llama-3.1-8B-Instruct,baseline,4,True,False,Қазіргі кезде аймақта шағын және орта бизнесті қолдауға арналған оқу бағдарламасы іске қосылған.,0.9511623382568359,True,1,479,69,548,1.0393837510000594,1.045781270999214,0.0,1,1,0,1,0,,,,,,,,,
Experiment_1_Kazakh_Paraphrase_Generation_FINAL,cc3f83d9c9ae0c88a26f81bedc7b3b80846f269de84870a28cc765e45eb93ab6,66,technology,kazllm,issai/LLama-3.1-KazLLM-1.0-8B,baseline,5,True,False,Қолданушының сервисті меңгеру уақытын қысқартатын мобильді қосымшаның ыңғайлы интерфейсі.,0.9199972152709961,True,1,503,59,562,0.8918201499991483,0.8977077099998496,0.0,1,1,0,1,0,,,,,,,,,
Experiment_1_Kazakh_Paraphrase_Generation_FINAL,cc6221a31a32d7cb56f9e98938f0812865fe0b113611a11cbebcb3fa86f6ea6a,36,education,llama,NousResearch/Meta-Llama-3.1-8B-Instruct,kazdiv,2,True,False,Оқу мақсатына жете беру үшін сабақтың мазмұны мен бағалау тәсілдерін үйлестіру оңайырақ болады.,0.915286123752594,True,1,609,932,1541,13.882736999999906,13.894168439999703,0.0,12,7,5,6,1,5,1,3,4,698910257456590624,0.95,1,,
Experiment_1_Kazakh_Paraphrase_Generation_FINAL,cca371c58c3e5d691f5a9603441ca2d65cee333c31d0c8449471fb7ad26c54d7,75,technology,llama,NousResearch/Meta-Llama-3.1-8B-Instruct,kazdiv,2,True,False,Ақпаратты сақтау мен іздеу жөніндегі тиімділік көрсеткіштерінің жетілдірілуі деректер базасын дұрыс жобалаумен байланысты.,0.857246458530426,True,1,582,847,1429,12.61219883800004,12.62383904699891,0.0,12,12,0,11,1,8,3,5,9,4649363381625224209,0.95,1,,
Experiment_1_Kazakh_Paraphrase_Generation_FINAL,cca49df4a720205699125a63f47563a43edb7a4e0b7a0b6022da808fb4cad6f1,60,science,kazllm,issai/LLama-3.1-KazLLM-1.0-8B,baseline,2,True,False,Зерттеу нәтижелерінің практикалық маңызын бағалау бұл нәтижелердің статистикалық мәнділігімен шектелмеуі тиіс.,0.936477780342102,True,1,510,71,581,1.0681662380002308,1.0740028580003127,0.0,1,1,0,1,0,,,,,,,,,
Experiment_1_Kazakh_Paraphrase_Generation_FINAL,ccc5ab819539723d6660b19894ab4eb79eeda377f4f79cec909ae1af69dc5433,100,news,kazllm,issai/LLama-3.1-KazLLM-1.0-8B,kazdiv,2,True,False,Өңірде қоғамдық кеңістіктерді жаңарту жұмыстары алдағы кезеңде бірнеше ауданға дейін кеңейтіледі.,0.983210563659668,True,2,1262,1776,3038,26.452371102999905,26.462757622000026,0.0,12,2,10,2,0,1,1,0,0,12263595282744233447,0.95,2,,
Experiment_1_Kazakh_Paraphrase_Generation_FINAL,ccc9aee5fdd671feb90d80b7b2463085c225aaaccd89c24362cf32e3eabc6ba0,53,science,kazllm,issai/LLama-3.1-KazLLM-1.0-8B,kazdiv,1,True,False,Ғылыми жаңалықты бұрынғы зерттеулермен салыстыру арқылы негіздеу қажет.,0.9683856964111328,True,1,612,583,1195,8.672051485000338,8.680524104999677,0.0,12,5,7,5,0,1,4,0,0,16044862648400851156,0.95,1,,
Experiment_1_Kazakh_Paraphrase_Generation_FINAL,ccd510ec64066ca408d224536db0bb1f7d9ebcb77efda6fcd418b77e0410e2db,75,technology,llama,NousResearch/Meta-Llama-3.1-8B-Instruct,baseline,5,True,False,Көрсетілген деректер базасын жобалау ақпаратты сақтау мен іздеу тиімділігін арттырады.,0.9002010226249695,True,1,464,48,512,0.7300430440009222,0.7361849440003425,0.0,1,1,0,1,0,,,,,,,,,
Experiment_1_Kazakh_Paraphrase_Generation_FINAL,ccdc7c2cb5b9ed23224f9db396db0810a63b4ef06f8210bb1d8b1722df25f632,84,news,kazllm,issai/LLama-3.1-KazLLM-1.0-8B,kazdiv,4,True,False,Ресми кездесуде жергілікті кәсіпкерлерге арналған жаңа қолдау бағдарламасының шарттары таныстырылды.,0.9755045771598816,True,1,621,759,1380,11.307696566000232,11.31111554600011,0.0,12,2,10,1,1,1,0,0,1,5424900482925477953,0.95,1,,
Experiment_1_Kazakh_Paraphrase_Generation_FINAL,cd0e6361963fe80c085dc7045a7ac11a5ed3c44b9b9033a135f984f6d9732921,67,technology,kazllm,issai/LLama-3.1-KazLLM-1.0-8B,kazdiv,5,True,False,Деректерді шифрлау құпия ақпаратты үшінші тұлғалардың оқуынан қорғаудың негізгі әдістерінің бірі болып табылады.,0.9955736398696899,True,1,640,1032,1672,15.392505058999632,15.400085988999308,0.0,13,2,11,2,0,2,0,0,0,12268325637284638002,0.95,1,,
Experiment_1_Kazakh_Paraphrase_Generation_FINAL,cd451eb2075ea986ed381f47a7e08c3d37554e91218ce53ef9e50505e8000300,14,general,llama,NousResearch/Meta-Llama-3.1-8B-Instruct,kazdiv,1,True,False,Көзқарастың әрқайсының ойын-әңгімелерін тыңдау оның әрқайсының жан-жақты түсінігін ашады.,0.7899270057678223,True,1,591,1098,1689,16.36550193200128,16.37563092200071,0.0,12,10,2,8,2,4,4,0,6,9667083955810268783,0.95,1,,
Experiment_1_Kazakh_Paraphrase_Generation_FINAL,cd5f07682138023c3431ac380bce17a1bdf676ac766b9a4af7a227caab523c31,83,news,kazllm,issai/LLama-3.1-KazLLM-1.0-8B,kazdiv,5,True,False,Мамандар алдағы маусымда су ресурстарын үнемдеу қажеттілігін атап өтті.,0.9802941083908081,True,1,604,511,1115,7.595341690999703,7.603611870999885,0.0,12,5,7,5,0,1,4,0,1,5537260021663363793,0.95,1,,
Experiment_1_Kazakh_Paraphrase_Generation_FINAL,cdead08a8ee5a52bead87454530542db79219c210764e79285f7d1c56abf3715,74,technology,llama,NousResearch/Meta-Llama-3.1-8B-Instruct,baseline,3,True,False,Бағдарламалық интерфейстер әртүрлі ақпараттық жүйелер арасында автоматты дерек алмасуды ұйымдастыруға көмектеседі.,1.0,False,1,490,72,562,1.083066601999235,1.0850161219987058,0.0,1,1,0,0,1,,,,,,,,,
Experiment_1_Kazakh_Paraphrase_Generation_FINAL,cdefdbbefc0356debc9e3551eca1e96bae5eac2780326b6b1c9967903b57d46c,22,education,kazllm,issai/LLama-3.1-KazLLM-1.0-8B,baseline,2,True,False,Сабақ барысында белсенді тапсырмаларды қолдану студенттердің оқу материалына қызығушылығын арттырады.,1.0,False,1,502,59,561,0.8903316280000126,0.8921107779999602,0.0,1,1,0,0,1,,,,,,,,,
Experiment_1_Kazakh_Paraphrase_Generation_FINAL,ce020f537fe6cc63264a1e9db38b653ed967112fdbc33a3faeda664196b67306,82,news,llama,NousResearch/Meta-Llama-3.1-8B-Instruct,baseline,1,True,False,Қазіргі кезде оқушыларға қосымша технологиялық курстар ұсыныла бастады.,0.8628062009811401,True,1,479,42,521,0.6417148950004048,0.6480779550001898,0.0,1,1,0,1,0,,,,,,,,,
Experiment_1_Kazakh_Paraphrase_Generation_FINAL,ce14ea29d5bc1d49ecf5b32ddb8f3a3b5cc267f99fbe995582f8271a2e3f440d,37,education,llama,NousResearch/Meta-Llama-3.1-8B-Instruct,baseline,1,True,False,Талаптарды орындау нәтижесінде жаңа сөйлем: Студенттің өз бетінше білім алу дағдысы жоғары оқу орнынан кейінгі кәсіби дамуға негіз болады.,0.8405014276504517,True,1,477,89,566,1.3337301410010696,1.3402915710012167,0.0,1,1,0,1,0,,,,,,,,,
Experiment_1_Kazakh_Paraphrase_Generation_FINAL,ce16a92b74f9f1776f1eff40aa57c36c75405f9b114a025cea99fa303779755e,29,education,kazllm,issai/LLama-3.1-KazLLM-1.0-8B,baseline,3,True,False,Зерттеуге негізделген оқыту студенттердің сыни ойлау және ақпаратты талдау дағдыларын дамытуға ықпал етеді.,0.9737162590026855,True,1,501,67,568,1.0099642629998016,1.015905372999896,0.0,1,1,0,1,0,,,,,,,,,
Experiment_1_Kazakh_Paraphrase_Generation_FINAL,ce50ce60eed9aaea98171a8dcfc6da4f57f8d409a84c9d5af7bcdb76423a0b7a,25,education,kazllm,issai/LLama-3.1-KazLLM-1.0-8B,kazdiv,3,True,False,онлайн платформалар оқу материалдарына кез келген уақытта студенттер үшін қол жеткізуге мүмкіндік береді,0.936849057674408,True,1,610,626,1236,9.314788517999887,9.323512528000037,0.0,12,6,6,6,0,1,5,0,3,2040321672215590181,0.95,1,,
Experiment_1_Kazakh_Paraphrase_Generation_FINAL,ce8a1198f4b1f0127e2b41a053ce3dabbc0a425491b5a677dddc5c04fc3894df,65,technology,kazllm,issai/LLama-3.1-KazLLM-1.0-8B,baseline,4,True,False,Тұрақты бағдарламалық қамтамасыз ету сынағы өнімде қателерді ерте анықтауға көмектеседі.,0.8891071677207947,True,1,505,64,569,0.9650299400000222,0.9708090599997377,0.0,1,1,0,1,0,,,,,,,,,
Experiment_1_Kazakh_Paraphrase_Generation_FINAL,cf1ef4f2b3fe1e2b0cae991fafb321d5a19c69ca6db0c14e013919f80c413957,99,news,llama,NousResearch/Meta-Llama-3.1-8B-Instruct,kazdiv,2,True,False,Білім беру мен медицина саласына арналған цифрлық шешімді таныстыруға технологиялық көрмеде отандық әзірлеушілер көмектесті.,0.9384261965751648,True,1,604,795,1399,11.848032466001314,11.85871407599916,0.0,12,11,1,11,0,3,8,2,7,6971262904267205294,0.95,1,,
Experiment_1_Kazakh_Paraphrase_Generation_FINAL,cf4d1ea751ccd866af5f43efd8c1dfdb15508acb5c008e1b85bae3fd5da5cf17,40,education,llama,NousResearch/Meta-Llama-3.1-8B-Instruct,baseline,3,True,False,Сөйлемді жаңа сөздермен қайта жазу: Білім беру ортасы әр студенттің оқу жолына тең қатысушылыққа жағдай жасайды.,0.7911316156387329,True,1,479,78,557,1.1716620509996574,1.1780349609998666,0.0,1,1,0,1,0,,,,,,,,,
Experiment_1_Kazakh_Paraphrase_Generation_FINAL,cf501934239552fff137b7bbeb614c953add58473162cc41e517fd82fab6525a,58,science,llama,NousResearch/Meta-Llama-3.1-8B-Instruct,baseline,1,True,False,"Корреляция екі айнымалы арасындағы байланысты көрсеткенімен, себеп-салдар қатынасын өздігінен дәлелдемейді. Корреляция екі айнымалы арасындағы байланысты көрсеткенімен, себеп-салдар қатынасын өздігінен дәлелдемейді.",0.9237302541732788,True,1,482,127,609,1.8938662740001746,1.90075464399888,0.0,1,1,0,1,0,,,,,,,,,
Experiment_1_Kazakh_Paraphrase_Generation_FINAL,cfabbb7ec099f8c29b4270a92dff285f67ffc4958a986ebb369ffa8a08fd6f52,70,technology,llama,NousResearch/Meta-Llama-3.1-8B-Instruct,baseline,3,True,False,Бағдарламаның өнімділігін оңтайландыру есептеу ресурстарын тиімді пайдалануға мүмкіндік береді. Табиғи тілде: Бағдарламаның өнімділігін арттыру оңтайландыруды есептеу ресурстарын тиімді пайдалануға мүмкіндік береді.,0.8943107724189758,False,1,476,131,607,1.9517084510007408,1.9583627810006874,0.0,1,1,0,0,1,,,,,,,,,
Experiment_1_Kazakh_Paraphrase_Generation_FINAL,cfdacabb4ff13d0588a71741660e2e5c1e21b54f10134bac807d219a90592aae,31,education,kazllm,issai/LLama-3.1-KazLLM-1.0-8B,kazdiv,1,True,False,Білім нәтижелерінің сенімділігін қамтамасыз ету үшін академиялық тұтастық ережелерін сақтау қажет.,0.8178670406341553,True,2,1248,1985,3233,29.600724443000672,29.61182399299969,0.0,12,4,8,4,0,2,2,1,1,15190848482497634775,0.95,2,,
Experiment_1_Kazakh_Paraphrase_Generation_FINAL,cff9cbe3d5dc003eb0c4b293dadc57af263a63d7a1f294382974de1fca57a01a,25,education,kazllm,issai/LLama-3.1-KazLLM-1.0-8B,kazdiv,2,True,False,Онлайн платформалар кез келген уақытта оқу материалдарына қол жеткізуге мүмкіндік береді.,0.9981491565704346,True,1,610,610,1220,9.077751268999918,9.085816878999822,0.0,12,3,9,2,1,1,1,0,1,1654791447743637005,0.95,1,,
Experiment_1_Kazakh_Paraphrase_Generation_FINAL,d03499ad4e3878adaf72f744fe6e97059d68ae0734bc254bd1baa7c03b2cca02,95,news,kazllm,issai/LLama-3.1-KazLLM-1.0-8B,baseline,3,True,False,Қалалық кітапханаларда жастарға арналған цифрлық дағдылар бойынша тегін курстар өткізіле бастаған.,0.9841421842575073,True,1,501,64,565,0.9665625520001413,0.9724681010002314,0.0,1,1,0,1,0,,,,,,,,,
Experiment_1_Kazakh_Paraphrase_Generation_FINAL,d0890305380baef6d82b2e0106c2034542bd17a4cf0b35f8bbf3de0f96297225,17,general,kazllm,issai/LLama-3.1-KazLLM-1.0-8B,kazdiv,4,True,False,Жұмыс пен демалыс арасындағы тепе-теңдікті сақтау үшін күн тәртібін сақтау қажет,0.8599559664726257,True,1,624,733,1357,10.912321885999972,10.920519045999981,0.0,12,2,10,2,0,2,0,0,0,10683501026181039700,0.95,1,,
Experiment_1_Kazakh_Paraphrase_Generation_FINAL,d0cbd0779605477313aeba6517ad9c3bee0e347443e39612d3b75f906c5d9cc3,9,general,llama,NousResearch/Meta-Llama-3.1-8B-Instruct,baseline,3,True,False,"Жаңа ортаға бейімделу үшін адамға уақыт, тәжірибе және ашық қарым-қатынас қажет. Қайта жазылған сөйлем: Адамға жаңа ортаға бейімделу үшін уақыт, тәжірибе және ашық қарым-қатынас қажет.",0.9127379655838013,False,1,479,137,616,2.0409897639983683,2.047577083998476,0.0,1,1,0,0,1,,,,,,,,,
Experiment_1_Kazakh_Paraphrase_Generation_FINAL,d0dccbca83064c170dc58ff2c4b41fcd763a422c8c4fcfa2ecee30cdd13a577c,35,education,kazllm,issai/LLama-3.1-KazLLM-1.0-8B,kazdiv,3,True,False,Бір мәселе төңірегінде әртүрлі салалардағы білімді біріктіру арқылы көп салалық тапсырмалар жүзеге асырылады.,0.8620736002922058,True,2,1258,1752,3010,26.101458432000072,26.116448651000155,0.0,12,4,8,4,0,1,3,0,0,8035461751751974028,0.95,2,,
Experiment_1_Kazakh_Paraphrase_Generation_FINAL,d100e564711074f123d7f94b41fd1df03ffcf3721e932ffdbb2f99a29e6d6638,4,general,llama,NousResearch/Meta-Llama-3.1-8B-Instruct,kazdiv,4,True,False,Әдеттер адамның ұзақ мерзімді мақсаттарына жақындауына көмектесетін шараларды атқаруы керек.,0.868590772151947,True,1,598,723,1321,10.76592512299976,10.77548340300018,0.0,12,12,0,12,0,3,9,1,4,12054959414615017323,0.95,1,,
Experiment_1_Kazakh_Paraphrase_Generation_FINAL,d102c74305d9635b377e0fdec609d58cd2555b529c8cecebab0d9db0a46f1b72,45,science,llama,NousResearch/Meta-Llama-3.1-8B-Instruct,kazdiv,2,True,False,Бастапқы сұраққа нақты жауап беру үшін ғылыми қорытындыларды зерттеу нәтижелеріне сүйіп керек.,0.9163972735404968,True,1,595,805,1400,11.981892653999239,11.993582314000378,0.0,13,12,1,12,0,2,10,1,9,2885061629166606717,0.95,1,,
Experiment_1_Kazakh_Paraphrase_Generation_FINAL,d1251a9d450339960c16b9dc3b960ff5dfac3a8006e1411bdaa6b632f94c030c,69,technology,llama,NousResearch/Meta-Llama-3.1-8B-Instruct,kazdiv,3,True,False,Нысандарды анықтау үшін компьютерлік көру алгоритмдері кескіндерден қолданылады.,0.9102604389190674,True,1,589,533,1122,7.922725973001434,7.932240092000939,0.0,12,10,2,10,0,4,6,1,8,9377715926564113580,0.95,1,,
Experiment_1_Kazakh_Paraphrase_Generation_FINAL,d128baf7afd932640dc01cbea2cdc8a2b940fc80383856d85d80a5c341f6f107,27,education,llama,NousResearch/Meta-Llama-3.1-8B-Instruct,kazdiv,5,True,False,"Сабақ материалдарын жақсырақ түсініп, алдын ала түсіндірілген талаптар бойынша тапсырма жүргізгенде студенттер оқу үдерісін жақсырақ түсініп отырады.",0.8757360577583313,True,1,593,1086,1679,16.191218945999935,16.203470365999237,0.0,13,13,0,13,0,3,10,1,1,5757151011060947730,0.95,1,,
Experiment_1_Kazakh_Paraphrase_Generation_FINAL,d14a14f5520b4768040109b16c678cba4daf0d31d2961de70f9e59643bbb1f1e,21,education,kazllm,issai/LLama-3.1-KazLLM-1.0-8B,kazdiv,1,True,False,Заманауи білім беру жүйесі студенттердің практикалық дағдыларын теориялық біліммен ұштастыруға бағытталған.,0.9860168695449829,True,1,623,775,1398,11.545709810000062,11.55433979899999,0.0,12,5,7,5,0,1,4,0,1,16913781371353434192,0.95,1,,
Experiment_1_Kazakh_Paraphrase_Generation_FINAL,d17b442ec94f5495f03af2b715b9fb5b59265dedf493fb7c718e52a885ae6081,81,news,kazllm,issai/LLama-3.1-KazLLM-1.0-8B,kazdiv,2,True,False,Қоғамдық көлік бағыттарын тұрғындардың ұсыныстары бойынша қайта қарастыру үшін қала әкімдігі әрекет етуде.,0.9451433420181274,True,1,635,932,1567,13.892435007999666,13.901586568000312,0.0,12,8,4,8,0,2,6,1,1,10705435522700816004,0.95,1,,
Experiment_1_Kazakh_Paraphrase_Generation_FINAL,d1913a574ad0d133725ca60aff2de9c4a530b120bb36f53c28a9f8054894bccc,71,technology,llama,NousResearch/Meta-Llama-3.1-8B-Instruct,kazdiv,3,True,False,Интернет арқылы құрылғылар арасында деректерді алмасу үшін қолайлы жағдайды туғызады.,0.7859724164009094,True,1,592,783,1375,11.66158165700108,11.671207637000407,0.0,13,13,0,11,2,7,4,6,11,4896242598154107393,0.95,1,,
Experiment_1_Kazakh_Paraphrase_Generation_FINAL,d1dfceae1b3d68cfc1e690307a105e3fab4618bc0744b3b254d447c34363a039,76,technology,llama,NousResearch/Meta-Llama-3.1-8B-Instruct,baseline,5,True,False,Құрылымы күрделі үлгілерді үйрену үшін өзара байланысқан көптеген есептеу қабаттарын пайдаланатын нейрондық желілер бар.,0.908309817314148,True,1,488,78,566,1.1735648400008358,1.1799911300004169,0.0,1,1,0,1,0,,,,,,,,,
Experiment_1_Kazakh_Paraphrase_Generation_FINAL,d2035963b48d34e5078bb558d4d5b02b8feeea0c77f3eb4b8e293039b6bf51d4,75,technology,kazllm,issai/LLama-3.1-KazLLM-1.0-8B,kazdiv,2,True,False,Дерекқорды дұрыс жобалау ақпаратты тиімді сақтау мен іздеуді арттырады,0.8568903207778931,True,1,607,571,1178,8.500041374999455,8.509140195000327,0.0,12,8,4,8,0,5,3,4,6,12073694922075455487,0.95,1,,
Experiment_1_Kazakh_Paraphrase_Generation_FINAL,d21160edc26b8cb6ebce9c37a3616aee73ef2f3fcb27f17395965f686398253f,92,news,kazllm,issai/LLama-3.1-KazLLM-1.0-8B,kazdiv,1,True,False,Қоғамдық кеңес мүшелері қаланың инфрақұрылымын дамытуға қатысты бірнеше ұсынысты қарастырды.,0.9903055429458618,True,1,626,812,1438,12.096419116999641,12.104050697000275,0.0,12,2,10,2,0,1,1,0,0,3593212323472797957,0.95,1,,
Experiment_1_Kazakh_Paraphrase_Generation_FINAL,d2443e2a959998431a75319c1806526b4b9f58eddf245e0c722b23dd51252cfa,4,general,kazllm,issai/LLama-3.1-KazLLM-1.0-8B,baseline,3,True,False,Тұрақты тәртіптер адамның ұзақ мерзімді мақсаттарына біртіндеп жақындауына мүмкіндік береді.,0.9571635723114014,True,1,505,64,569,0.9644715559998076,0.9701878650002982,0.0,1,1,0,1,0,,,,,,,,,
Experiment_1_Kazakh_Paraphrase_Generation_FINAL,d258e81ecdc3eb461af3e5425958ca7f681226b3d890a96f449f8f5a7909ab96,66,technology,kazllm,issai/LLama-3.1-KazLLM-1.0-8B,kazdiv,2,True,False,Сервисті меңгеру үшін мобильді қосымшаның ыңғайлы интерфейсі пайдаланылады.,0.8366904854774475,True,1,621,663,1284,9.874603977000334,9.88284973700047,0.0,12,3,9,2,1,2,0,1,1,15139106625189529397,0.95,1,,
Experiment_1_Kazakh_Paraphrase_Generation_FINAL,d26fbf74fef335e9732198b6244c545582f2a68f96dd9073fabacafe07a75f12,23,education,kazllm,issai/LLama-3.1-KazLLM-1.0-8B,kazdiv,5,True,False,Студентке өз қателерін түсіну және нәтижесін жақсарту үшін оқытушының уақтылы кері байланысы қажет.,0.9166724681854248,True,1,630,875,1505,13.03637877999995,13.044901741000103,0.0,13,5,8,5,0,3,2,1,1,2315533089781443298,0.95,1,,
Experiment_1_Kazakh_Paraphrase_Generation_FINAL,d27ea6720bd817f4c61e562c5295726d181bbedcb5f15c73a1a8cf5856e6a9a6,4,general,llama,NousResearch/Meta-Llama-3.1-8B-Instruct,baseline,5,True,False,Бастапқы сөйлем: Тұрақты әдеттер адамның ұзақ мерзімді мақсаттарына біртіндеп жақындауына мүмкіндік береді. Қайта жазылған сөйлем: Адамның тұрақты әдеттері ұзақ мерзімді мақсаттарына біртіндеп жақындауына мүмкіндік береді.,0.8682821393013,False,1,480,152,632,2.26219776400103,2.2686036539998895,0.0,1,1,0,0,1,,,,,,,,,
Experiment_1_Kazakh_Paraphrase_Generation_FINAL,d2a03cda380e4b69e3158c6a9f610d74e0f41519759d60f6e2117a93ab562043,6,general,kazllm,issai/LLama-3.1-KazLLM-1.0-8B,baseline,3,True,False,Қайта жазылған сөйлем: Адамның сөздік қорын кеңейтуге және ойлау қабілетін дамытуға кітап оқу көмектеседі.,0.9118341207504272,True,1,499,75,574,1.1259423880001123,1.132016388000011,0.0,1,1,0,1,0,,,,,,,,,
Experiment_1_Kazakh_Paraphrase_Generation_FINAL,d2ac493690bf31a2f17a8fbbe46dc057cb68ba5625e4e73329917edb5035f06c,92,news,llama,NousResearch/Meta-Llama-3.1-8B-Instruct,kazdiv,1,True,False,Қалалық инфрақұрылымды дамытуға байланысты қоғамдық кеңестің мүшелері бірнеше ұсынысты қарастырды.,0.9827666282653809,True,1,601,773,1374,11.510163929000555,11.521133448999535,0.0,12,11,1,11,0,1,10,0,0,3225817148210642188,0.95,1,,
Experiment_1_Kazakh_Paraphrase_Generation_FINAL,d2f53b1e94d46350fc0fa73560038aae2ea12a23c46f82ec39e0bee1ca55cbf2,6,general,llama,NousResearch/Meta-Llama-3.1-8B-Instruct,baseline,2,True,False,"Қайта жазылған сөйлем: Кітап оқу сөздік қорды кеңейтеді, ойлау қабілетін дамытады.",0.8879924416542053,True,1,474,58,532,0.8775410630005354,0.8836903119990893,0.0,1,1,0,1,0,,,,,,,,,
Experiment_1_Kazakh_Paraphrase_Generation_FINAL,d33327c025238e03410bb874009d47a51af080d5816d4460395d670697971591,7,general,llama,NousResearch/Meta-Llama-3.1-8B-Instruct,kazdiv,2,True,False,Тамақтану мен қозғалыс күнделікті өмірдің сәттілігін көтереді.,0.8450287580490112,True,1,589,643,1232,9.56778723700154,9.579386927000087,0.0,12,12,0,11,1,10,1,2,3,12962056511964638852,0.95,1,,
Experiment_1_Kazakh_Paraphrase_Generation_FINAL,d335a8027d586ed4d916de5515496e0a2188a3ff155220b0646eb772d9dcfbe6,46,science,llama,NousResearch/Meta-Llama-3.1-8B-Instruct,baseline,2,True,False,Мағынасы сақталған сөйлем: Белгілі бір саладағы әдебиеттерге жүйелі шолу негізгі бағыттар мен зерттеу олқылықтарын анықтауға көмектеседі.,0.816526472568512,True,1,488,93,581,1.39204159899964,1.3985127599989937,0.0,1,1,0,1,0,,,,,,,,,
Experiment_1_Kazakh_Paraphrase_Generation_FINAL,d344a3919eb8c81276e864c1b4e5994efe0722f27e459ced35bf57cde1248eab,67,technology,llama,NousResearch/Meta-Llama-3.1-8B-Instruct,kazdiv,3,True,False,Құпия ақпаратты үшінші тұлғалардың оқуынан қорғау үшін шифрлау жолы қолданылады,0.8056550025939941,True,1,615,777,1392,11.577192917000502,11.587087166999481,0.0,12,11,1,10,1,6,4,1,1,7535503293664742410,0.95,1,,
Experiment_1_Kazakh_Paraphrase_Generation_FINAL,d34e1bc6dc729c4130a37e34b0b5373b3e9fe7b38965b336ec094803df880711,21,education,llama,NousResearch/Meta-Llama-3.1-8B-Instruct,kazdiv,4,True,False,Заманауи білім беру жүйесі студенттердің теориялық білімін практикалық тәжірибелермен ұштастыруға арналған.,0.966488242149353,True,1,598,810,1408,12.058306961000198,12.0673795900002,0.0,12,10,2,10,0,3,7,0,8,10347394254188254522,0.95,1,,
Experiment_1_Kazakh_Paraphrase_Generation_FINAL,d360fdd0c8bc799bcc3e777703c5093fc9cb95b6b641186baeb5bfbf602c34ef,82,news,kazllm,issai/LLama-3.1-KazLLM-1.0-8B,kazdiv,5,True,False,Өңірде жаңа білім беру орталығы ашылды және оқушыларға қосымша технологиялық курстар ұсыныла бастады.,0.993712306022644,True,1,622,870,1492,12.961005898000622,12.974401707000652,0.0,12,7,5,7,0,1,6,0,0,14111341384006497127,0.95,1,,
Experiment_1_Kazakh_Paraphrase_Generation_FINAL,d3679a2b5028ed5dd4c7fcdc9c5763dd4bda33cb0473a9f938ca9ab55f344457,68,technology,kazllm,issai/LLama-3.1-KazLLM-1.0-8B,baseline,3,True,False,Роботтандырылған жүйелер өндірісте қайталанатын функцияларды автоматтандыруға мүмкіндік береді.,0.9854745268821716,True,1,502,56,558,0.8470407160002651,0.8529311359998246,0.0,1,1,0,1,0,,,,,,,,,
Experiment_1_Kazakh_Paraphrase_Generation_FINAL,d3a8b8ba02f3895c32fb082081eaaa9ea8a717cbb05c150a06a79761bfb30b0c,72,technology,llama,NousResearch/Meta-Llama-3.1-8B-Instruct,kazdiv,3,True,False,Жасанды интеллектті енгізу кезінде моделің шешімдерін түсіне білу мүмкіндігі маңызды талапқа айналады.,0.9413125514984131,True,1,606,877,1483,13.067309312998987,13.07883909299926,0.0,12,10,2,10,0,1,9,0,2,9414939277171350026,0.95,1,,
Experiment_1_Kazakh_Paraphrase_Generation_FINAL,d3c5f93cc3fe24f7377048393469f689dfd3312796131235eeaa8ca5e3d5df4a,8,general,kazllm,issai/LLama-3.1-KazLLM-1.0-8B,baseline,5,True,False,Қоғамдық орындарда ортақ ережелерді сақтау басқа адамдарға құрмет көрсетудің бір түрі болып саналады.,1.0,False,1,515,72,587,1.08923684399997,1.090931644000193,0.0,1,1,0,0,1,,,,,,,,,
Experiment_1_Kazakh_Paraphrase_Generation_FINAL,d3f0234a18cc1f8c7d243a29a5e4591b724413ae01b9fa1e608717ef2c42499d,36,education,llama,NousResearch/Meta-Llama-3.1-8B-Instruct,baseline,2,True,False,Оқу мақсаттарына қарама-қарсы белгіленген жағдайда оқулықтың мазмұны мен бағалау тәсілдерін үйлестіру тұрақсыз болады.,0.7508233785629272,True,1,491,81,572,1.2159272610006155,1.2223172310004884,0.0,1,1,0,1,0,,,,,,,,,
Experiment_1_Kazakh_Paraphrase_Generation_FINAL,d40040ab8f34b4857758082b663ebda0c332b792565736c1e3689a1fcf82da1c,96,news,kazllm,issai/LLama-3.1-KazLLM-1.0-8B,baseline,3,True,False,Жаңа автоматтандырылған желіні іске қосу арқылы кәсіпорын өндіріс тиімділігін арттыруды көздеп отыр.,0.9786149859428406,True,1,507,64,571,0.9653163709999717,0.9711837510003534,0.0,1,1,0,1,0,,,,,,,,,
Experiment_1_Kazakh_Paraphrase_Generation_FINAL,d42be6c885f01b1a682abb48983448e657bc656f7a4052b6626f95443e4dd650,73,technology,llama,NousResearch/Meta-Llama-3.1-8B-Instruct,kazdiv,5,True,False,"Үлкен тілдік модельдерді қолдану мәтінді оқу, құрастыру және өңдеу үшін кеңінен қолданылатын көптеген міндеттерді атқарады.",0.9422893524169922,True,1,603,1017,1620,15.160614183001599,15.174523052999575,0.0,12,12,0,12,0,7,5,4,4,5677840644126221956,0.95,1,,
Experiment_1_Kazakh_Paraphrase_Generation_FINAL,d430ff4d1dcbca6785399b57e4cb996100345f1976a7297ceee0d56640dc12f1,28,education,kazllm,issai/LLama-3.1-KazLLM-1.0-8B,baseline,4,True,False,Студенттің қабілеті мен білім алу қарқынын ескеретін жеке оқу жоспарын таңдауға болады.,0.8696075677871704,True,1,496,56,552,0.8472357050000028,0.8532077449999633,0.0,1,1,0,1,0,,,,,,,,,
Experiment_1_Kazakh_Paraphrase_Generation_FINAL,d446a3012dcf9bdcccf5fbe0b3369639cecb77c16cc4846dc8adcf6c811b25b7,18,general,llama,NousResearch/Meta-Llama-3.1-8B-Instruct,kazdiv,2,True,False,Адамның өзгелерді мұқият тыңдауы мен ойын анық жеткізуінің маңызын сапалы қарым-қатынаста танып білуге болады.,0.8845264315605164,True,1,605,888,1493,13.226202527999703,13.235551898000267,0.0,12,8,4,8,0,6,2,3,3,11689644763873359551,0.95,1,,
Experiment_1_Kazakh_Paraphrase_Generation_FINAL,d4504c558d506bbf57f8ff579582fc507e0897659650d1640f7e4df04bfec136,38,education,kazllm,issai/LLama-3.1-KazLLM-1.0-8B,kazdiv,5,True,False,Теориялық заңдылықтарды тәжірибе арқылы тексеру әрекеттері әрбір зертханалық жұмыс арқылы мүмкін болады.,0.8663359880447388,True,1,615,927,1542,13.812436076999802,13.82124409700009,0.0,12,5,7,4,1,4,0,3,3,13779649885935575634,0.95,1,,
Experiment_1_Kazakh_Paraphrase_Generation_FINAL,d452451d528d51650fbdd0d37095a040790f8e9ec68306b2a32e05a9a6eb62ff,38,education,llama,NousResearch/Meta-Llama-3.1-8B-Instruct,kazdiv,5,True,False,Теориялық заңдылықтарды зертханалық жұмыстар арқылы тәжірибе арқылы тексеру үшін пайдалануға болады.,0.922925591468811,True,1,590,952,1542,14.179147758000909,14.192320947000553,0.0,12,12,0,12,0,3,9,1,1,8056511733534750172,0.95,1,,
Experiment_1_Kazakh_Paraphrase_Generation_FINAL,d4810ef1dc63756e47203a152548864457e59b5461585ead10ee99e52c15e9cc,32,education,llama,NousResearch/Meta-Llama-3.1-8B-Instruct,kazdiv,4,True,False,Қорғау сөйленіміздің тақырыпқа түсіну дәрежесін анықтауға көмектеседі.,0.7605959177017212,True,1,608,843,1451,12.550443374999304,12.56026069499967,0.0,13,10,3,5,5,3,2,1,3,15884300322608315355,0.95,1,,
Experiment_1_Kazakh_Paraphrase_Generation_FINAL,d48c53ce707c056ec78c87737c4cf67e81fe04924317cf563c0805569ed30108,46,science,kazllm,issai/LLama-3.1-KazLLM-1.0-8B,kazdiv,5,True,False,Әдебиеттердің жүйелі жинағы белгілі бір саладағы негізгі бағыттар мен зерттеу олқылықтарын анықтауға көмектеседі,0.8698883056640625,True,1,631,1066,1697,15.896325761999833,15.90551109099988,0.0,12,7,5,7,0,3,4,0,0,3860332988688551963,0.95,1,,
Experiment_1_Kazakh_Paraphrase_Generation_FINAL,d4aa9d19534db9d93ec0d9c2d6418ad8d6743144b0def0b83a971ae20a04013d,19,general,llama,NousResearch/Meta-Llama-3.1-8B-Instruct,baseline,5,True,False,Қоғамның тарихи жадын жергілікті мәдени дәстүрлерді сақтау арқылы келесі ұрпаққа жеткізеді.,0.9492099285125732,True,1,481,68,549,1.0243900610003038,1.0305829609987995,0.0,1,1,0,1,0,,,,,,,,,
Experiment_1_Kazakh_Paraphrase_Generation_FINAL,d4b889227e5bfd850c7c7c9593ef1a4140be762e26df924b43d359522136b6d6,72,technology,kazllm,issai/LLama-3.1-KazLLM-1.0-8B,kazdiv,4,True,False,Жасанды интеллект жүйелерін енгізу кезінде модельдің шешімдерін түсіндіру мүмкіндігі маңызды талапқа айналуда.,0.9934805035591125,True,1,631,907,1538,13.508470927999952,13.521950438000204,0.0,13,6,7,5,1,1,4,0,2,5399377404143886,0.95,1,,
Experiment_1_Kazakh_Paraphrase_Generation_FINAL,d4f385dcc6bb21f4fc4021812fa08c9b8ea5164a591fdd89271c26ae3e549202,96,news,kazllm,issai/LLama-3.1-KazLLM-1.0-8B,baseline,2,True,False,Компания жаңа автоматтандырылған желіні іске қосу арқылы өндірістің тиімділігін арттыруды мақсат етуде.,0.9727482199668884,True,1,507,63,570,0.9503485519999231,0.956309551999766,0.0,1,1,0,1,0,,,,,,,,,
Experiment_1_Kazakh_Paraphrase_Generation_FINAL,d501b07cca13e7f77a92dfd69bb52821f0541661d16f10e16e3366d38a22b4ff,95,news,llama,NousResearch/Meta-Llama-3.1-8B-Instruct,kazdiv,3,True,False,Қала кітапханаларында жастар үшін тегін цифрлық дағдылар курстарын ұйымдастыру басталды.,0.9901502132415771,True,1,594,722,1316,10.745602936000068,10.755116585998621,0.0,13,12,1,12,0,1,11,0,0,18069035938618574417,0.95,1,,
Experiment_1_Kazakh_Paraphrase_Generation_FINAL,d503bdf6146daf7ac5b93a3db2ec2ac353835c583ef3f896ae052a5061a13a2d,24,education,kazllm,issai/LLama-3.1-KazLLM-1.0-8B,baseline,2,True,False,Оқушылардың әріптестік қарым-қатынас және ұжымдық шешім қабылдау қабілетін дамытуға топтық жұмыс қызмет етеді.,0.8625583052635193,True,1,499,79,578,1.1847237039999072,1.1908138139999664,0.0,1,1,0,1,0,,,,,,,,,
Experiment_1_Kazakh_Paraphrase_Generation_FINAL,d513183d60367b7a705a57ffbd9b49a20b11f2dbcf80dc47d81eed0cae43ae88,29,education,kazllm,issai/LLama-3.1-KazLLM-1.0-8B,kazdiv,5,True,False,Зерттеуге негізделген оқыту студенттердің сыни ойлау және ақпаратты талдау дағдыларын дамытады,0.9227776527404785,True,1,619,687,1306,10.229093840999667,10.237591291000172,0.0,12,4,8,4,0,2,2,0,3,13577838714686065404,0.95,1,,
Experiment_1_Kazakh_Paraphrase_Generation_FINAL,d5144d70321f0b3f1b1c5275dd0348458641a15577645e9866c524fd7ffb7a8a,52,science,kazllm,issai/LLama-3.1-KazLLM-1.0-8B,baseline,1,True,False,Зерттеу нәтижелерін визуализациялау күрделі байланыстарды түсінуді жеңілдетеді.,0.9941010475158691,True,1,492,48,540,0.7295870190000642,0.7362873489996673,0.0,1,1,0,1,0,,,,,,,,,
Experiment_1_Kazakh_Paraphrase_Generation_FINAL,d53c5b84aad6b97ef6875f1070efb8dfe88703e41100920726bfb5ba51ce73c6,56,science,kazllm,issai/LLama-3.1-KazLLM-1.0-8B,kazdiv,4,True,False,Машиналық оқыту модельдерін объективті бағалау үшін сапалы аннотацияланған деректер өте маңызды.,0.9479324817657471,True,1,608,678,1286,10.084126613999615,10.096691204000308,0.0,12,6,6,6,0,3,3,1,1,11372859618810861509,0.95,1,,
Experiment_1_Kazakh_Paraphrase_Generation_FINAL,d55e5f9d341e630cda51248366599fb28c2c925e36b0e9b42923e596d36be0ea,66,technology,llama,NousResearch/Meta-Llama-3.1-8B-Instruct,baseline,4,True,False,Мобильді қосымшаның жақсы түйінді интерфейсі пайдаланушының сервисті үйрену уақытын қысқартады.,0.9391807317733765,True,1,478,62,540,0.9364440509998531,0.9425842010004999,0.0,1,1,0,1,0,,,,,,,,,
Experiment_1_Kazakh_Paraphrase_Generation_FINAL,d61bdc542101d6bf97625852e749e573f07abe6d93b1d3ff75f1b3ba31fac2ec,41,science,kazllm,issai/LLama-3.1-KazLLM-1.0-8B,baseline,2,True,False,"Зерттеу жұмысы нақты тапсырманы анықтаудан басталады, содан кейін тексерілетін зерттеу сұрағын тұжырымдау керек.",0.8718354105949402,True,1,506,68,574,1.0235096350002095,1.0293206150004153,0.0,1,1,0,1,0,,,,,,,,,
Experiment_1_Kazakh_Paraphrase_Generation_FINAL,d620dc6d13b85742816411a337650a0c85970c11d73034ba18cabc7a2be708bc,91,news,kazllm,issai/LLama-3.1-KazLLM-1.0-8B,baseline,1,True,False,Өңірлік форумда білім беру және өндірісте жасанды интеллектті қолдану мәселелері талқыланды.,0.9838428497314453,True,1,497,56,553,0.8480661099993085,0.8542728900001748,0.0,1,1,0,1,0,,,,,,,,,
Experiment_1_Kazakh_Paraphrase_Generation_FINAL,d6a193b3e94f79d1f9a418c19194a0a10d5dd696e63d90643af88d870b3c2885,41,science,kazllm,issai/LLama-3.1-KazLLM-1.0-8B,kazdiv,3,True,False,Ғылыми зерттеу нақты мәселені анықтаудан және тексерілетін зерттеу сұрағын құрастырудан басталады.,0.9782321453094482,True,1,624,845,1469,12.587285950000023,12.595981540000139,0.0,13,5,8,5,0,1,4,0,0,15596834122744788681,0.95,1,,
Experiment_1_Kazakh_Paraphrase_Generation_FINAL,d6a2fe08012725442fde90f4572249601eef95a1ce3b4f9090850b9083757159,77,technology,llama,NousResearch/Meta-Llama-3.1-8B-Instruct,baseline,2,True,False,Сөйлеудің өндірістік ортаға енгізгеннен кейін сапасын тұрақты түрде бақылау қажет.,0.8260771036148071,True,1,478,59,537,0.8919350430005579,0.8981860330004565,0.0,1,1,0,1,0,,,,,,,,,
Experiment_1_Kazakh_Paraphrase_Generation_FINAL,d6c034edc2695f09d2c3720e1b447d9bcee34e03e56e93ee24baba5c7233465a,77,technology,kazllm,issai/LLama-3.1-KazLLM-1.0-8B,kazdiv,3,True,False,"Өндіріс ортасына енгізілгеннен кейін, модельдің сапасын тұрақты бақылау керек.",0.9488326907157898,True,1,621,542,1163,8.068453067000519,8.077271686999666,0.0,12,7,5,7,0,1,6,0,0,12176352801472633620,0.95,1,,
Experiment_1_Kazakh_Paraphrase_Generation_FINAL,d6c8427a88f5b3ff31073a4d26d1fddf99dfa4a625e0395713599c356f75f218,55,science,kazllm,issai/LLama-3.1-KazLLM-1.0-8B,baseline,4,True,False,Зерттеушілер әдісті таңдағанда оның артықшылықтарымен қатар шектеулерін де ескеруі қажет.,0.9965255260467529,True,1,498,55,553,0.8330410419994223,0.8390817710005649,0.0,1,1,0,1,0,,,,,,,,,
Experiment_1_Kazakh_Paraphrase_Generation_FINAL,d6dd8db3f4df711fea894eed5afd9ca6d28e58c169ecf7db67d4675034e0550c,66,technology,llama,NousResearch/Meta-Llama-3.1-8B-Instruct,kazdiv,1,True,False,Мобильді қосымшадың ыңғайлы интерфейсі пайдаланушылардың сервисті үйрену үшін ұзақ уақыт талап етпейді.,0.8882514238357544,True,1,596,922,1518,13.72162639599992,13.73575346600046,0.0,12,12,0,12,0,5,7,0,4,18241083422191260207,0.95,1,,
Experiment_1_Kazakh_Paraphrase_Generation_FINAL,d72394fe2d3abbc0a2452ae96ec60c6e7349a9b6a4b6ebdd228c8e647077014a,14,general,kazllm,issai/LLama-3.1-KazLLM-1.0-8B,baseline,1,True,False,Әртүрлі түсініктерді тыңдау мәселені толық түсінуге мүмкіндік береді.,0.938058614730835,True,1,498,50,548,0.7595146080000177,0.766443038000034,0.0,1,1,0,1,0,,,,,,,,,
Experiment_1_Kazakh_Paraphrase_Generation_FINAL,d72400b2b7ebf5ddc1825a03adb2626df06fc19348150eb1bc552411a90df128,87,news,llama,NousResearch/Meta-Llama-3.1-8B-Instruct,kazdiv,1,True,False,Аймақта шағын және орта шақырымдық бизнесті қолдауға бағытталған оқу бағдарламасы іске қосылды.,0.9579250812530518,True,1,597,866,1463,12.897442665000199,12.911253525000575,0.0,13,11,2,11,0,3,8,0,0,6026211364056601253,0.95,1,,
Experiment_1_Kazakh_Paraphrase_Generation_FINAL,d736d5edbd105ad34cb4ebc05d9c16a5e1264246ad55c1b537940686060a0362,44,science,llama,NousResearch/Meta-Llama-3.1-8B-Instruct,kazdiv,3,True,False,Статистикалық талдау гипотезалардың дәлелін анықтауға және олардың жақсылығын бағалауға мүмкіндік береді.,0.910081684589386,True,1,601,751,1352,11.17583957900024,11.186349968998911,0.0,13,10,3,7,3,6,1,2,2,13880025722209230947,0.95,1,,
Experiment_1_Kazakh_Paraphrase_Generation_FINAL,d757529044f0c9997fcafe16eb4133dace89d9261a2efdf5b21c6041717aa90e,42,science,llama,NousResearch/Meta-Llama-3.1-8B-Instruct,kazdiv,4,True,False,Эксперимент нәтижелерінің сенімділігі деректерді жинау тәсілдерінің дұрыстығына байланысты.,0.9729137420654297,True,1,592,866,1458,12.889858025999274,12.899071836000076,0.0,12,11,1,8,3,7,1,2,2,10135036949488916821,0.95,1,,
Experiment_1_Kazakh_Paraphrase_Generation_FINAL,d776ab5b6484983c94c1132ee47b3370e58b493e04d2b6fc6fbbfd4ecd0bba83,65,technology,llama,NousResearch/Meta-Llama-3.1-8B-Instruct,baseline,5,True,False,Бағдарламалық жасақтаманы сынау тәртібін құрастыру өнімдегі қателерді ерте анықтауға көмектеседі.,0.9247329831123352,True,1,480,70,550,1.053934310000841,1.0601229700005206,0.0,1,1,0,1,0,,,,,,,,,
Experiment_1_Kazakh_Paraphrase_Generation_FINAL,d7910cc21cedcc4b6e3b5a5cc989c30b669f7eaa166388f414efca2e63795bac,38,education,llama,NousResearch/Meta-Llama-3.1-8B-Instruct,kazdiv,1,True,False,"Теориялық заңдылықтарды тәжірибе арқылы сөйлегенде, зертханалық жұмыстарды жүргізу қажет.",0.8096065521240234,True,1,590,860,1450,12.80863067700011,12.819883756999843,0.0,13,9,4,9,0,7,2,2,2,2341485225921720677,0.95,1,,
Experiment_1_Kazakh_Paraphrase_Generation_FINAL,d79b475ad848e4df62912554cdf4eb02899d9548a93498a33bf1fffd496a368b,63,technology,llama,NousResearch/Meta-Llama-3.1-8B-Instruct,baseline,2,True,False,Құрылыстардың күрделі бағдарламаларын жергілікті инфрақұрылымсыз іске қосуға мүмкіндік беретін бұлттық есептеу ресурстары бар.,0.8994028568267822,True,1,492,82,574,1.2321305180012132,1.23840380799993,0.0,1,1,0,1,0,,,,,,,,,
Experiment_1_Kazakh_Paraphrase_Generation_FINAL,d79ca597e77db3bbad77d8acbc11cd3d3c59332a9b6000943165851be89239af,30,education,llama,NousResearch/Meta-Llama-3.1-8B-Instruct,baseline,4,True,False,Талаптарды орындау нәтижесінде жаңа сөйлем: Оқытудың әдістемелік құралдарын орынды пайдалану дәстүрлі оқыту әдістерінің көмекші құралы болуы мүмкін.,0.7434260845184326,False,1,482,106,588,1.583178932998635,1.589391102999798,0.0,1,1,0,0,1,,,,,,,,,
Experiment_1_Kazakh_Paraphrase_Generation_FINAL,d7bff892f183b9401be0bc9f66c0a1a3c6aa66439682d2c33cd99808080629eb,28,education,llama,NousResearch/Meta-Llama-3.1-8B-Instruct,baseline,1,True,False,Қабілеті мен білім алу қарқынындағы айырмашылықтарды ескергенде жеке оқу траекториясына қол жеткізе алады.,0.855337381362915,True,1,471,66,537,0.995453579000241,1.0019071789993177,0.0,1,1,0,1,0,,,,,,,,,
Experiment_1_Kazakh_Paraphrase_Generation_FINAL,d7f5a58dd095fc30fc15845231d8bc12c839adbe3ceb03e9e7719733f8f8ab50,26,education,kazllm,issai/LLama-3.1-KazLLM-1.0-8B,baseline,2,True,False,Студенттердің білімін практикалық жобалар арқылы нақты мәселелерді шешуге қолдануға мүмкіндік береді.,0.9240045547485352,True,1,501,62,563,0.9363589149998006,0.9426327050000509,0.0,1,1,0,1,0,,,,,,,,,
Experiment_1_Kazakh_Paraphrase_Generation_FINAL,d80f8134cb1d58aa9a761452fa49829904c3722c83da022aa5bd7688ac0aff2a,62,technology,llama,NousResearch/Meta-Llama-3.1-8B-Instruct,baseline,5,True,False,Қайта жазылған сөйлем: Оқыту деректерінің сапасы мен көлемі оқыту моделінің сапасына әсер етеді.,0.7910337448120117,True,1,475,62,537,0.9363840109999728,0.9426574509998318,0.0,1,1,0,1,0,,,,,,,,,
Experiment_1_Kazakh_Paraphrase_Generation_FINAL,d8186f9ace25dbbd4951abb1ec39ccc43fa5755c8c425e19be8ddcf85567fa46,15,general,llama,NousResearch/Meta-Llama-3.1-8B-Instruct,baseline,3,True,False,Қаладағы жаяу жүргінші адамдарға қолайлы орта тұрғындардың белсенді өмір салтын қолдау көрсейді.,0.7861435413360596,True,1,474,66,540,0.9950223409996397,1.0011281910010439,0.0,1,1,0,1,0,,,,,,,,,
Experiment_1_Kazakh_Paraphrase_Generation_FINAL,d8339e14484aaf7fa1d60a6e1b57f3a1ef6c801fc54c7952ad3297ada531f0b6,15,general,llama,NousResearch/Meta-Llama-3.1-8B-Instruct,baseline,2,True,False,Көпшілік көшелік жүргіншілерге қолайлы орта тұрғындардың белсенді өмір салтын қолдайды.,0.9501030445098877,True,1,474,58,532,0.8775501330001134,0.8837090619999799,0.0,1,1,0,1,0,,,,,,,,,
Experiment_1_Kazakh_Paraphrase_Generation_FINAL,d851b707449944bd8520b91577b54d8e1701e571d3aec51fe430ee2edc40f581,78,technology,llama,NousResearch/Meta-Llama-3.1-8B-Instruct,baseline,4,True,False,Сөйлемді жаңа ақпаратсыз қайта жазу: Жүйенің көшірмелері техникалық ауру кезінде маңызды деректерді қалпына келтіруге мүмкіндік береді.,0.8148863911628723,True,1,484,85,569,1.2746593489991938,1.2812085089990433,0.0,1,1,0,1,0,,,,,,,,,
Experiment_1_Kazakh_Paraphrase_Generation_FINAL,d8687ff5af5643614e2bb615f072fad484c7cb1818e285f7d6f95aceed4883b3,33,education,kazllm,issai/LLama-3.1-KazLLM-1.0-8B,baseline,3,True,False,Қысқа бақылау тапсырмалары оқу материалын жүйелі түрде қайталауға ынталандырады.,1.0,False,1,498,55,553,0.8326700450002136,0.8343720660000145,0.0,1,1,0,0,1,,,,,,,,,
Experiment_1_Kazakh_Paraphrase_Generation_FINAL,d86bd84e5ab760e43dd05775b8711c6a05f3e81f6b59c3aeaca3d85220df878d,68,technology,llama,NousResearch/Meta-Llama-3.1-8B-Instruct,baseline,4,True,False,Талаптарды қанағаттандыру арқылы жаңа сөйлем: Табиғи қазақ тілінде қайта жазылған сөйлем: Роботтандырылған құрылымдар өндірістік іс-әрекеттердің көп ретті әрекеттерін жүйелеп жүргізуге мүмкіндік береді.,0.7284861207008362,False,1,477,139,616,2.069710790001409,2.076342950000253,0.0,1,1,0,0,1,,,,,,,,,
Experiment_1_Kazakh_Paraphrase_Generation_FINAL,d8700dd0be0e6738c2e12daf9b1bcb4ea358bf3be3e1f48c099e8f39e53c7759,14,general,kazllm,issai/LLama-3.1-KazLLM-1.0-8B,baseline,3,True,False,Мәселені жан-жақты түсіну үшін әртүрлі көзқарастарды тыңдау қажет.,0.900464653968811,True,1,498,52,550,0.7884028150001541,0.7901059949999762,0.0,1,1,0,1,0,,,,,,,,,
Experiment_1_Kazakh_Paraphrase_Generation_FINAL,d8ce0ec80a24fcb9a7854f0335ed2665da6071dd5670d45adb395dc7237cd01c,31,education,kazllm,issai/LLama-3.1-KazLLM-1.0-8B,baseline,2,True,False,Білім нәтижелерінің сенімділігін қамтамасыз ету үшін академиялық адалдық қағидаларын сақтау маңызды.,0.9148125648498535,True,1,506,70,576,1.0530794940000305,1.0588863739999397,0.0,1,1,0,1,0,,,,,,,,,
Experiment_1_Kazakh_Paraphrase_Generation_FINAL,d90f81b3803312353d2ddec3286fc7a2a870a7f27fb7b84ec7ce36d9bbca96dd,100,news,kazllm,issai/LLama-3.1-KazLLM-1.0-8B,kazdiv,3,True,False,Өңірде бірнеше ауданға дейін қоғамдық кеңістіктерді жаңарту жұмыстары келесі кезеңде кеңейтіледі.,0.9905124306678772,True,1,631,874,1505,13.016695609000067,13.02509421000002,0.0,12,4,8,3,1,1,2,0,3,8497023876014101502,0.95,1,,
Experiment_1_Kazakh_Paraphrase_Generation_FINAL,d911d16298073264b6bf4a21ca74fcb352cdbe0b5ad50db4d8d314ef476b7798,58,science,kazllm,issai/LLama-3.1-KazLLM-1.0-8B,baseline,4,True,False,"Корреляция екі айнымалы арасындағы байланысты көрсеткенімен, себеп-салдар қатынасын өздігінен дәлелдемейді.",1.0,False,1,507,64,571,0.9647644399992714,0.9665919999997641,0.0,1,1,0,0,1,,,,,,,,,
Experiment_1_Kazakh_Paraphrase_Generation_FINAL,d9130450cd5d3662a6ea5fcf7db6f926cc1bc70872406ac3cc3908d0e60903fc,99,news,llama,NousResearch/Meta-Llama-3.1-8B-Instruct,kazdiv,5,True,False,Технологиялық көрмеде отандық әзірлеушілер білім беру мен медицинаға арналған цифрлық шешімдердің бірнешеін көрсетті.,0.9909496307373047,True,1,604,889,1493,13.249151605999941,13.259065635998923,0.0,12,12,0,12,0,1,11,0,2,11733938121977127705,0.95,1,,
Experiment_1_Kazakh_Paraphrase_Generation_FINAL,d91ac14159cba02c411938687803373f474c25a6c616e4cd8f4de7f81e664ad4,96,news,llama,NousResearch/Meta-Llama-3.1-8B-Instruct,kazdiv,2,True,False,Кәсіпорын өндірісін жоғары деңгейде ұстап тұру үшін жаңа автоматтандырылған желіге көңіл бөлінді.,0.8254648447036743,True,1,600,688,1288,10.246505020000768,10.256957208999665,0.0,12,12,0,11,1,8,3,6,9,9746415788080476053,0.95,1,,
Experiment_1_Kazakh_Paraphrase_Generation_FINAL,d91ce7ce847eac8639c2272b8254c650bce38e92a5de2d560c73e8650d916d56,22,education,kazllm,issai/LLama-3.1-KazLLM-1.0-8B,baseline,5,True,False,Сабақ барысындағы белсенді тапсырмалар студенттердің оқу материалына қызығушылығын арттырады.,0.9768503904342651,True,1,502,56,558,0.8463114580001729,0.8522178380001151,0.0,1,1,0,1,0,,,,,,,,,
Experiment_1_Kazakh_Paraphrase_Generation_FINAL,d92595e765235cc5d485206be06a60161069870a182473f5192cea52ae7cdecd,98,news,kazllm,issai/LLama-3.1-KazLLM-1.0-8B,baseline,5,True,False,Жоғары оқу орындары студенттердің өндірістік тәжірибесін күшейту үшін компаниялармен жаңа келісімдер жасайды.,0.9776673316955566,True,1,510,67,577,1.009638580999308,1.0157963309993647,0.0,1,1,0,1,0,,,,,,,,,
Experiment_1_Kazakh_Paraphrase_Generation_FINAL,d93e050a8010abdadbeb0c995719f2553ba57d0a87743c7ad2585bca94af404c,22,education,kazllm,issai/LLama-3.1-KazLLM-1.0-8B,kazdiv,2,True,False,Белсенді тапсырмаларды сабақ барысында қолдану студенттердің оқу материалына деген қызығушылығын арттырады.,0.9155354499816895,True,1,620,767,1387,11.416215997000108,11.424264236999988,0.0,12,2,10,2,0,2,0,1,1,7678682542736352003,0.95,1,,
Experiment_1_Kazakh_Paraphrase_Generation_FINAL,d954f93ccb192eb7f30cb0626365c9bb529516c093d5e0d26fcd1adf9dcb2934,48,science,kazllm,issai/LLama-3.1-KazLLM-1.0-8B,baseline,5,True,False,Зерттеу үлгісінің мөлшері алынған нәтижелердің статистикалық тұрақтылығына әсер етуі мүмкін.,0.991805374622345,True,1,509,67,576,1.0091036100002384,1.0152352299996892,0.0,1,1,0,1,0,,,,,,,,,
Experiment_1_Kazakh_Paraphrase_Generation_FINAL,d96de5c134e2db94c500e59e2795ae6d439c99539dfddcbda007f3fa1f9fb167,29,education,llama,NousResearch/Meta-Llama-3.1-8B-Instruct,baseline,5,True,False,Зерттеуге негізделген оқыту студенттерді сыни ойлау және ақпаратты талдауға үйретеді.,0.9607861638069153,True,1,476,49,525,0.7446900720005942,0.7507210120002128,0.0,1,1,0,1,0,,,,,,,,,
Experiment_1_Kazakh_Paraphrase_Generation_FINAL,d9831820bb69d1a192e4a4731e0ae031e254b533e12c865dd5635e61403f5ed6,90,news,kazllm,issai/LLama-3.1-KazLLM-1.0-8B,baseline,2,True,False,Жаңа ғылыми мекеме студенттер мен жас ғалымдарға тәжірибелік жобалар жүргізуге мүмкіндік береді.,0.9431709051132202,True,1,498,59,557,0.8921200200002204,0.8983412689995021,0.0,1,1,0,1,0,,,,,,,,,
Experiment_1_Kazakh_Paraphrase_Generation_FINAL,d9b2154b0df9dc5b80b654a42fb2a1e2f729602fa7fa24bbbdcd53f9e37b3ca0,38,education,llama,NousResearch/Meta-Llama-3.1-8B-Instruct,baseline,1,True,False,Талаптарды орындаған жаңа сөйлем: Теориялық заңдылықтарды зертханалық жұмыстар тәжірибе арқылы тексеруге мүмкіндік береді.,0.8190984129905701,True,1,472,79,551,1.1870821320007963,1.1937648309994984,0.0,1,1,0,1,0,,,,,,,,,
Experiment_1_Kazakh_Paraphrase_Generation_FINAL,d9b5db69b5c83aaf40231dc34c7f014693081753fe19e821becf71fc733a8550,68,technology,llama,NousResearch/Meta-Llama-3.1-8B-Instruct,kazdiv,3,True,False,Қайталанатын өндірістік операцияларды жүргізуге автоматтандырылған жүйелер қолайлы,0.7835258841514587,True,1,595,589,1184,8.757828854999389,8.768684785000005,0.0,12,8,4,5,3,5,0,4,5,17768074417036958790,0.95,1,,
Experiment_1_Kazakh_Paraphrase_Generation_FINAL,d9d14aa9767ceb5e64b5e654a3ecd79d1a4276def0c608d55569981127e6779d,11,general,kazllm,issai/LLama-3.1-KazLLM-1.0-8B,baseline,4,True,False,Бюджетті бұрыннан жоспарлау қажетсіз шығындарды азайтуға көмектеседі.,0.942297101020813,True,1,490,47,537,0.7144917260000057,0.7202271360000623,0.0,1,1,0,1,0,,,,,,,,,
Experiment_1_Kazakh_Paraphrase_Generation_FINAL,d9dc31232b337a32ad942703b0938c7d6429e829ee5860ff9cad97429e9b270a,3,general,kazllm,issai/LLama-3.1-KazLLM-1.0-8B,kazdiv,2,True,False,Қоғамдағы байланысты нығайту үшін адамдар арасындағы сенім маңызды.,0.911794900894165,True,1,617,493,1110,7.334197780000068,7.3424871000001986,0.0,12,6,6,6,0,4,2,3,3,12951387960808539942,0.95,1,,
Experiment_1_Kazakh_Paraphrase_Generation_FINAL,d9eda94d8bdf94ee2601b411be3b10760e5b7cd0d390b7588346367b8737ecc1,62,technology,kazllm,issai/LLama-3.1-KazLLM-1.0-8B,kazdiv,3,True,False,Оқыту деректерінің көлемі мен сапасы машиналық оқыту моделінің сапасына елеулі әсер етеді.,0.8702816963195801,True,1,618,705,1323,10.498053790000085,10.507258669999828,0.0,12,10,2,10,0,3,7,0,0,11211380655907005188,0.95,1,,
Experiment_1_Kazakh_Paraphrase_Generation_FINAL,da2fbc9498f6dd73bbd1c5708b6512f846bdc04c7e82ff9e6baccaca4a21e2a1,13,general,llama,NousResearch/Meta-Llama-3.1-8B-Instruct,kazdiv,5,True,False,Уақытында берілген кері байланыс жұмыстың сапасын жақсартады.,0.9298474788665771,True,1,587,832,1419,12.388466305999827,12.398335244999544,0.0,12,12,0,12,0,5,7,0,0,2218538747309551585,0.95,1,,
Experiment_1_Kazakh_Paraphrase_Generation_FINAL,da485bf83697baacb3f2755db1e1f242492a1f4d91768babd0ca292e0bfa0cd0,20,general,kazllm,issai/LLama-3.1-KazLLM-1.0-8B,kazdiv,3,True,False,Қиын мәселені бірнеше кішігірім қадамдарға бөлу оны шешу процесін жеңілдетеді.,0.993781566619873,True,1,613,571,1184,8.495095860999982,8.50202799900012,0.0,11,1,10,1,0,1,0,0,0,12910508408936701878,0.95,1,,
Experiment_1_Kazakh_Paraphrase_Generation_FINAL,da4b1061e3dcc63844257138a55bafe296f16c326ebead0c052d07278089763e,27,education,llama,NousResearch/Meta-Llama-3.1-8B-Instruct,baseline,2,True,False,Бағалау критерийлері алдын ала түсіндірілгенде студенттер тапсырма талаптарын жақсырақ түсінеді. Қайта жазылған сөйлем: Студенттер тапсырма талаптарын алдын ала түсіндірілген бағалау критерийлері кезінде жақсырақ түсінеді.,0.9137258529663086,False,1,475,132,607,1.9671053889996983,1.9737755989990546,0.0,1,1,0,0,1,,,,,,,,,
Experiment_1_Kazakh_Paraphrase_Generation_FINAL,da949ef9dcb9e2b6ff2717a75b5c18af497f8f618faa9104a8d52422ea034b25,90,news,kazllm,issai/LLama-3.1-KazLLM-1.0-8B,kazdiv,1,True,False,Студенттер мен жас ғалымдар жаңа зертхананың арқасында тәжірибелік жобалар жүргізе алады.,0.9421086311340332,True,1,616,682,1298,10.155837711000459,10.163206381000236,0.0,12,2,10,1,1,1,0,0,1,827115970237291608,0.95,1,,
Experiment_1_Kazakh_Paraphrase_Generation_FINAL,dada43af7a4b410146bb3f3b71ddede09db0ec0451f9c94e34054831749bc924,43,science,kazllm,issai/LLama-3.1-KazLLM-1.0-8B,baseline,1,True,False,"Зерттеуде қолданылған әдістер толық сипатталса, басқа ғалымдар нәтижелерді қайта тексере алады.",1.0,False,1,502,59,561,0.8911291660001552,0.8971609760001229,0.0,1,1,0,0,1,,,,,,,,,
Experiment_1_Kazakh_Paraphrase_Generation_FINAL,daeacd6943eb162694bea223d458026aca2937eedc94c396bc73ae131a7a16bc,82,news,llama,NousResearch/Meta-Llama-3.1-8B-Instruct,baseline,4,True,False,"Талаптарды қанағаттандырған жаңа сөйлем: Өңірде жаңа білім беру орталығы ашылғаннан кейін, оқушыларға технологиялық курстар ұсыныла бастады.",0.837180495262146,True,1,479,91,570,1.3636939190000703,1.370459079000284,0.0,1,1,0,1,0,,,,,,,,,
Experiment_1_Kazakh_Paraphrase_Generation_FINAL,daf0638c0503fb0d3e0dea6ff8a689200d5f3a472ed9565581ffbf04cd943e53,99,news,llama,NousResearch/Meta-Llama-3.1-8B-Instruct,baseline,1,True,False,Көрмеде отандық әзірлеушілер білім беру және медицинаға арналған цифрлық шешімдерін көрсетті.,0.9498484134674072,True,1,486,62,548,0.9375555129990971,0.9440465930001665,0.0,1,1,0,1,0,,,,,,,,,
Experiment_1_Kazakh_Paraphrase_Generation_FINAL,db0789630a4249b53bbe939813d7facba56e1b2d60ff427b3a1150576514a831,16,general,kazllm,issai/LLama-3.1-KazLLM-1.0-8B,kazdiv,2,True,False,"Еріктілік қызметі қоғамға пайда әкеліп қана қоймай, адамның әлеуметтік тәжірибесін кеңейтеді деп айтуға болады.",0.9534810185432434,True,1,625,1018,1643,15.166859304000127,15.1760003039999,0.0,13,8,5,8,0,4,4,1,3,3630966256924889057,0.95,1,,
Experiment_1_Kazakh_Paraphrase_Generation_FINAL,db295cff4a0469d9113715590d890272f557df63471566650c1790edc112cfdf,18,general,kazllm,issai/LLama-3.1-KazLLM-1.0-8B,kazdiv,4,True,False,Сапалы қарым-қатынас кезінде адамның ойын айқын жеткізуі және өзгелерді мұқият тыңдауы маңызды.,0.9968358874320984,True,1,630,870,1500,12.955938608000224,12.96345377800003,0.0,12,3,9,2,1,1,1,0,2,12018425595755105279,0.95,1,,
Experiment_1_Kazakh_Paraphrase_Generation_FINAL,db652d876fcd4da781c71f509f9d3eac81b218d1ee142eabe644a920c251606e,95,news,llama,NousResearch/Meta-Llama-3.1-8B-Instruct,baseline,2,True,False,Қала кітапханаларында жастарға арналған дағдылар курстары ұйымдастырыла бастады.,0.941841721534729,True,1,476,49,525,0.7450161640008446,0.751333453999905,0.0,1,1,0,1,0,,,,,,,,,
Experiment_1_Kazakh_Paraphrase_Generation_FINAL,db6ed716275c7748d83047facd8148c6bc298ec6e7d79bf3491166bbe34aabc3,16,general,llama,NousResearch/Meta-Llama-3.1-8B-Instruct,baseline,5,True,False,Қоғамға пайда әкелумен қатар адамның әлеуметтік тәжірибесін кеңейтеді.,0.8949402570724487,True,1,482,53,535,0.8035207930006436,0.8053251429992088,0.0,1,1,0,1,0,,,,,,,,,
Experiment_1_Kazakh_Paraphrase_Generation_FINAL,db73e360496cba4ffb6743fc3f3eb36ef37dad671b88e49cf0388ba2110398ec,83,news,kazllm,issai/LLama-3.1-KazLLM-1.0-8B,baseline,5,True,False,Мамандар алдағы маусымда су ресурстарын үнемді пайдалану міндетті екенін баса айтты.,0.9705042839050293,True,1,486,43,529,0.6554517419999684,0.661462042000494,0.0,1,1,0,1,0,,,,,,,,,
Experiment_1_Kazakh_Paraphrase_Generation_FINAL,db83f9276fd509102f52f0c5fe959177dd582123bb2887c87ef23411bf0c8cb1,42,science,kazllm,issai/LLama-3.1-KazLLM-1.0-8B,kazdiv,5,True,False,Эксперимент нәтижелерінің дәлдігі деректерді жинау әдісінің дұрыстығына тікелей байланысты.,0.977001428604126,True,1,617,710,1327,10.574454499999774,10.583190039999863,0.0,12,6,6,5,1,3,2,0,4,12246481494292556313,0.95,1,,
Experiment_1_Kazakh_Paraphrase_Generation_FINAL,db886732a9e67a9f4d2667a46bd46eddab9b42a34d976f327ba47132cba5c472,25,education,kazllm,issai/LLama-3.1-KazLLM-1.0-8B,baseline,5,True,False,Онлайн платформалар оқу материалдарына кез келген уақытта қол жеткізуге мүмкіндік береді.,1.0,False,1,492,49,541,0.7443191359998309,0.7459983260000627,0.0,1,1,0,0,1,,,,,,,,,
Experiment_1_Kazakh_Paraphrase_Generation_FINAL,dba8c084ad84fb0b13e82dcca8372005ccf72704cc4896eb7f9b732c6938e3c4,12,general,kazllm,issai/LLama-3.1-KazLLM-1.0-8B,kazdiv,1,True,False,"Табиғат аясында демалу адамның көңіл-күйін жақсартып, күнделікті күйзелісті төмендетуі мүмкін.",0.9982422590255737,True,1,627,909,1536,13.54738347600005,13.55571282599999,0.0,13,2,11,2,0,1,1,0,0,3847005935338331895,0.95,1,,
Experiment_1_Kazakh_Paraphrase_Generation_FINAL,dc080b9d00b6077e1e64b25116422ebaa6d65e7a6a967fe98c18e54cd73f4ecb,35,education,llama,NousResearch/Meta-Llama-3.1-8B-Instruct,kazdiv,4,True,False,"Білімді біріктіруге әртүрлі салалардағы білімді біріктіріп, мәселені шешуге мүмкіндік береді",0.8233980536460876,True,1,604,493,1097,7.329455516999587,7.338176176999696,0.0,12,11,1,1,10,1,0,0,2,5111182330777160283,0.95,1,,
Experiment_1_Kazakh_Paraphrase_Generation_FINAL,dc1d548e2e17042da19b7721a92add86e18d69a2a4edaf1682ce71eaf686e7b7,19,general,kazllm,issai/LLama-3.1-KazLLM-1.0-8B,kazdiv,1,True,False,Жергілікті мәдени дәстүрлерді сақтау арқылы қоғамның тарихи жады келесі ұрпаққа жеткізіледі деп сеніміміз бар.,0.9100781679153442,True,1,624,999,1623,14.881856814000002,14.891051663000098,0.0,13,9,4,8,1,4,4,2,5,1189444074602854259,0.95,1,,
Experiment_1_Kazakh_Paraphrase_Generation_FINAL,dc227ca647c757b9f383eddc536fb188d9f1fb865f9502d81910138b17515553,54,science,llama,NousResearch/Meta-Llama-3.1-8B-Instruct,baseline,2,True,False,Ғылыми нәтижелерді тексеру мен қайта пайдаланыуға ашық деректер мүмкіндік береді.,0.9660078287124634,True,1,473,48,521,0.7295236339996336,0.735731595001198,0.0,1,1,0,1,0,,,,,,,,,
Experiment_1_Kazakh_Paraphrase_Generation_FINAL,dc2971877747a6e19d8a232e224095c2b2b81ee17c1653607f5d485e759f9af9,2,general,llama,NousResearch/Meta-Llama-3.1-8B-Instruct,baseline,1,True,False,Адамдар маңызды шешім қабылдағанда қолда бар мәліметтерді қарап шығуы керек.,0.9260240793228149,True,1,467,48,515,0.7294304639999609,0.7359173129989358,0.0,1,1,0,1,0,,,,,,,,,
Experiment_1_Kazakh_Paraphrase_Generation_FINAL,dc34fda2d0ced43e89cd83d95c9425ec7ff6f9aa53da7dfb68f845fe954f3075,61,technology,llama,NousResearch/Meta-Llama-3.1-8B-Instruct,baseline,2,True,False,Қайта жазылған сөйлем: Жасанды интеллект күрделі заңдылықтарды көптеген деректерден автоматты түрде анықтауға қабілетті.,0.8813354969024658,True,1,486,75,561,1.1288487389992952,1.1350039790013398,0.0,1,1,0,1,0,,,,,,,,,
Experiment_1_Kazakh_Paraphrase_Generation_FINAL,dc6ee0cd53ff3f5b0ed2021859bf41ca8d3a9ee4820d554faa9495869a287840,82,news,kazllm,issai/LLama-3.1-KazLLM-1.0-8B,baseline,5,True,False,"Өңірде жаңа оқу орталығы ашылды, ол студенттерге қосымша технологиялық курстар ұсына бастады.",0.9617100954055786,True,1,504,55,559,0.832218651000403,0.8379990499997803,0.0,1,1,0,1,0,,,,,,,,,
Experiment_1_Kazakh_Paraphrase_Generation_FINAL,dc848c20b5b9952eca9e4eda71799e26aced7e343f1c6964d3e4a7cb5bd29e76,62,technology,llama,NousResearch/Meta-Llama-3.1-8B-Instruct,kazdiv,4,True,False,Мақсатты оқыту моделінің сапасы оқыту деректерінің көлеміне тәуелді.,0.893926203250885,True,1,593,558,1151,8.302165219000017,8.311795259000064,0.0,12,11,1,11,0,2,9,0,8,12840730681007960758,0.95,1,,
Experiment_1_Kazakh_Paraphrase_Generation_FINAL,dc932798929099424532fc59b67717b5e2304ba854ac201cd3a3a4832fe82748,25,education,kazllm,issai/LLama-3.1-KazLLM-1.0-8B,kazdiv,1,True,False,Онлайн платформалар студенттерге оқу материалдарына қол жеткізуге мүмкіндік береді.,0.8752973079681396,True,1,610,608,1218,9.047632467999847,9.056803067999908,0.0,12,11,1,11,0,2,9,1,10,15974253379260041428,0.95,1,,
Experiment_1_Kazakh_Paraphrase_Generation_FINAL,dd024b157a5f352bfbe5f23f32763edabf63511178b6c066eee2ec6b5cc0ef3e,22,education,llama,NousResearch/Meta-Llama-3.1-8B-Instruct,kazdiv,3,True,False,Сабақ оқытылуында белсенді тапсырмалар студенттердің оқу процесінде қызығушылықтарын арттырады.,0.9283183813095093,True,1,595,841,1436,12.52101535499969,12.530566715000532,0.0,13,12,1,12,0,10,2,2,2,17967678984864740172,0.95,1,,
Experiment_1_Kazakh_Paraphrase_Generation_FINAL,dd1fa39aa2c1310cdbcc9cedc7bf4c033ce7b9a28b57b731f32525abe189c6ff,22,education,kazllm,issai/LLama-3.1-KazLLM-1.0-8B,kazdiv,5,True,False,Сабақ барысында белсенді тапсырмаларды пайдалану студенттердің оқу материалына қызығушылығын арттыруға көмектеседі.,0.9796324372291565,True,1,620,803,1423,11.958210775999987,11.966910105999887,0.0,12,6,6,6,0,1,5,0,5,10537958250044158947,0.95,1,,
Experiment_1_Kazakh_Paraphrase_Generation_FINAL,dd439d7869082bc1ebb6788f8894a15e60716cbcb79f4236c76302093440a3b3,48,science,llama,NousResearch/Meta-Llama-3.1-8B-Instruct,baseline,3,True,False,"Зерттеу үлгісінің көлемі алынған нәтижелердің статистикалық тұрақтылығына әсер етуі мүмкін. Осы сөйлемді түсіну үшін, көлем – оның жоғарғы шекті мөлшерінің көрсеткіші, ал статистикалық тұрақтылық – бірқалалық нәтижелердің тұрақтылық қабілетін көрсететін көрсеткіш.",0.8113386631011963,False,1,484,192,676,2.8517521069989016,2.8582726969998475,0.0,1,1,0,0,1,,,,,,,,,
Experiment_1_Kazakh_Paraphrase_Generation_FINAL,dd5aeb022512808bd40ad1456a0b3007d8139032f0f81dd20d623f6eb6dd1ea7,58,science,kazllm,issai/LLama-3.1-KazLLM-1.0-8B,baseline,3,True,False,"Байланыс екі айнымалының арасындағы байланысты көрсеткенімен, себеп-салдар қатынасын өздігінен дәлелдемейді.",0.9272747039794922,True,1,507,66,573,0.9936290789992199,0.9997745589998885,0.0,1,1,0,1,0,,,,,,,,,
Experiment_1_Kazakh_Paraphrase_Generation_FINAL,dd5ea330c96e4a49e928bfc03247c55b422fcd0f68b4f1b8089a7d9191529030,8,general,llama,NousResearch/Meta-Llama-3.1-8B-Instruct,kazdiv,4,True,False,Адамдарға құрмет көрсету үшін қоғамдық орындарда ортақ ережелерді сақтау қажет.,0.8951539993286133,True,1,608,850,1458,12.658619837000515,12.671203036999941,0.0,12,10,2,10,0,4,6,1,1,17284355941022129829,0.95,1,,
Experiment_1_Kazakh_Paraphrase_Generation_FINAL,dd8110ce24767d082f8c5ef307aa77ac0b7c77187f83a2f4a70f0f5985b40e73,75,technology,kazllm,issai/LLama-3.1-KazLLM-1.0-8B,kazdiv,3,True,False,Дерекқорды дұрыс жобалау ақпаратты сақтау мен іздеу тиімділігін арттырады.,0.9276804327964783,True,1,607,564,1171,8.39205163600036,8.400413026000024,0.0,12,5,7,5,0,2,3,0,4,13330847534711376540,0.95,1,,
Experiment_1_Kazakh_Paraphrase_Generation_FINAL,ddcc27b8993d4d0333660bbce590cfaa68a8f7dae67807ca43b433d86dcb34d5,33,education,kazllm,issai/LLama-3.1-KazLLM-1.0-8B,kazdiv,2,True,False,Қысқа бақылау тапсырмалары оқу материалын үнемі қайталауға ынталандырады.,0.9655000567436218,True,1,616,654,1270,9.732578639000167,9.74111979899999,0.0,12,6,6,6,0,3,3,0,0,3089572861630859695,0.95,1,,
Experiment_1_Kazakh_Paraphrase_Generation_FINAL,ddcf3b2c33153565aaf9cff9126238c4f202adbb5ea00e4ab00bdc458fc36759,3,general,kazllm,issai/LLama-3.1-KazLLM-1.0-8B,kazdiv,5,True,False,Сенім адамдар арасындағы байланысқа қоғамда ықпал етеді.,0.8717341423034668,True,1,617,542,1159,8.065014495000014,8.073287835000428,0.0,12,4,8,4,0,3,1,2,3,1251116576586749929,0.95,1,,
Experiment_1_Kazakh_Paraphrase_Generation_FINAL,dde40d232b11517c45046a6b9ebe4481a603b1cc07dfefc535a66b9088944de4,14,general,kazllm,issai/LLama-3.1-KazLLM-1.0-8B,baseline,4,True,False,Әртүрлі көзқарастарды тыңдау мәселені жан-жақты түсінуге мүмкіндік береді.,1.0,False,1,498,55,553,0.8324758249998467,0.8342543150001802,0.0,1,1,0,0,1,,,,,,,,,
Experiment_1_Kazakh_Paraphrase_Generation_FINAL,ddea48180486f8f8e3e0551860464467aa43de17de29e37f12f2a450cdebb6fb,93,news,llama,NousResearch/Meta-Llama-3.1-8B-Instruct,kazdiv,2,True,False,Ауаның қалыптасқан сапасын тексеру үшін қосымша төсінді құруда.,0.7855628132820129,True,1,599,616,1215,9.166699377999976,9.176725307999732,0.0,12,12,0,12,0,10,2,4,4,13215042716435814732,0.95,1,,
Experiment_1_Kazakh_Paraphrase_Generation_FINAL,ddf2904f4dc885380b01eeb368234e64c25ab799625058481c34a2614a6fc3b6,72,technology,llama,NousResearch/Meta-Llama-3.1-8B-Instruct,kazdiv,1,True,False,Моделдең шешімдерін түсіндіру мүмкіндігі жасанды интеллект жүйелерін енгізу кезінде маңызды талапқа айналады.,0.9396370053291321,True,1,606,855,1461,12.737458386000071,12.751364546000332,0.0,12,12,0,12,0,3,9,0,0,2189831870074082470,0.95,1,,
Experiment_1_Kazakh_Paraphrase_Generation_FINAL,ddffc5d45673dfb31670f6fd1eb2cb9388bde7a49539f779b84b23c8b99cca28,100,news,llama,NousResearch/Meta-Llama-3.1-8B-Instruct,kazdiv,4,True,False,Келесі кезеңде өңірде қоғамдық кеңістіктерді жаңарту жұмыстары бірнеше ауданға дейін кеңейтіледі.,0.9748793840408325,True,1,606,740,1346,11.02054743699955,11.032358857000872,0.0,13,11,2,11,0,5,6,0,0,16842781484333188455,0.95,1,,
Experiment_1_Kazakh_Paraphrase_Generation_FINAL,de1ec0f9c7538bd58f03b8eb2d0d87a30bca6a91eea4f7f2e4b9a2eb0146dc95,78,technology,llama,NousResearch/Meta-Llama-3.1-8B-Instruct,kazdiv,3,True,False,Техникалық ақаулар алғанда жүйенің резервтік көшірмелері басқа деректерді қалпына келтіруге көмектеседі.,0.9092121124267578,True,1,602,874,1476,13.017898293999679,13.02761736499997,0.0,13,11,2,11,0,3,8,0,0,18031847541910659393,0.95,1,,
Experiment_1_Kazakh_Paraphrase_Generation_FINAL,de5e27296c4562b7c2a656ad8147b531db87ab6b23dd12dc56f513069d3cb46c,22,education,llama,NousResearch/Meta-Llama-3.1-8B-Instruct,kazdiv,5,True,False,Белсенді тапсырмаларды қолдану сабақ барысында студенттердің оқу материалына тілегенін көрсетеді.,0.830258846282959,True,1,595,793,1388,11.809368252999775,11.818867702999341,0.0,12,11,1,11,0,6,5,1,1,8503714533489514351,0.95,1,,
Experiment_1_Kazakh_Paraphrase_Generation_FINAL,de637699d51459c0563144d184dd0e0a6acdef68ec8b1eced28a3fcb4be6947e,99,news,kazllm,issai/LLama-3.1-KazLLM-1.0-8B,baseline,5,True,False,Технологиялық көрмеде отандық әзірлеушілер білім беру мен медицина саласына арналған бірнеше цифрлық шешімдерді таныстырды.,0.9881303310394287,True,1,511,70,581,1.053793771000528,1.0605287309999767,0.0,1,1,0,1,0,,,,,,,,,
Experiment_1_Kazakh_Paraphrase_Generation_FINAL,de7882bb1ab20abb28a0ba58acc777050c8ff09a7d3ebc3236a1f6e6be8c183c,83,news,llama,NousResearch/Meta-Llama-3.1-8B-Instruct,kazdiv,4,True,False,Мамандар алдағы маусымда су ресурстарын үнемдеу қажеттілігіне құрылып отыр,0.929718017578125,True,1,579,575,1154,8.547582089999196,8.557090430000244,0.0,12,12,0,11,1,5,6,0,1,15472941293755682033,0.95,1,,
Experiment_1_Kazakh_Paraphrase_Generation_FINAL,de7c45b54700c648b387e46a6977488e00632558fe6bcc40e2f4e854bd4d358f,66,technology,kazllm,issai/LLama-3.1-KazLLM-1.0-8B,baseline,2,True,False,Бастапқы сөйлем: Мобильді қосымшаның ыңғайлы интерфейсі пайдаланушының сервисті меңгеру уақытын қысқартады. Қайта жазылған сөйлем: Мобильді қосымшаның қарапайым интерфейсі пайдаланушының сервисті меңгеру уақытын қысқартады.,0.8514722585678101,False,1,503,145,648,2.1601879070003633,2.166274557000179,0.0,1,1,0,0,1,,,,,,,,,
Experiment_1_Kazakh_Paraphrase_Generation_FINAL,de9f351ef3ce12884888a819b937b87e23692cd4363882b141331ebbaff282d1,90,news,kazllm,issai/LLama-3.1-KazLLM-1.0-8B,baseline,3,True,False,Жаңа зертхана студенттер мен жас ғалымдарға тәжірибелік жобалар жүргізуге мүмкіндік береді.,1.0,False,1,498,55,553,0.8334460800006127,0.8351842399997622,0.0,1,1,0,0,1,,,,,,,,,
Experiment_1_Kazakh_Paraphrase_Generation_FINAL,debafebab1736fe5a79ab6cfcb45ba09d80e33370c22d221708ed6d9f447b2a1,81,news,kazllm,issai/LLama-3.1-KazLLM-1.0-8B,baseline,2,True,False,Қала әкімдігі тұрғындардың ұсыныстары бойынша қоғамдық көлік бағыттарын қайта қарау жоспарларында.,0.9814753532409668,True,1,517,73,590,1.1042650250001316,1.1104011239995089,0.0,1,1,0,1,0,,,,,,,,,
Experiment_1_Kazakh_Paraphrase_Generation_FINAL,df10d986eba27b5cc4ae31a797c4305ce17079c7752813359c93f24e0db06be3,98,news,kazllm,issai/LLama-3.1-KazLLM-1.0-8B,baseline,2,True,False,Жоғары оқу орындары студенттердің өндірістік тәжірибесін күшейту үшін компаниялармен жаңа келісімдер жасасты.,1.0,False,1,510,67,577,1.0100429009999061,1.0117749910004932,0.0,1,1,0,0,1,,,,,,,,,
Experiment_1_Kazakh_Paraphrase_Generation_FINAL,df11ba55adf61f7ce1c57ffec4e3e363c01f76b8770f4f6e50fcc5b37258a826,52,science,llama,NousResearch/Meta-Llama-3.1-8B-Instruct,baseline,1,True,False,Жауап: Тәжірибе нәтижелерін суреттеп көрсету құрылымдық байланыстарды түсіндіруге жағдай жасайды.,0.7354253530502319,False,1,467,67,534,1.0088348620010947,1.0151163219998125,0.0,1,1,0,0,1,,,,,,,,,
Experiment_1_Kazakh_Paraphrase_Generation_FINAL,df4b5222e69130a7a84f5cf17bcce657dcbc8651f47b2a31cb3b36dfdb79e78e,18,general,llama,NousResearch/Meta-Llama-3.1-8B-Instruct,kazdiv,5,True,False,Адамның ойын анық жеткізуі және өзгелерді мұқият тыңдауы сапалы қарым-қатынасты қалыптастыруға мүмкіндік береді.,0.8860775828361511,True,1,605,965,1570,14.378009607999047,14.387419799000781,0.0,12,8,4,7,1,7,0,5,6,2978197882551137331,0.95,1,,
Experiment_1_Kazakh_Paraphrase_Generation_FINAL,df54418ec69b8e744c760e227c416662fc2069f1db19093b841b853bce9acdd7,40,education,kazllm,issai/LLama-3.1-KazLLM-1.0-8B,baseline,2,True,False,Инклюзивті білім беру ортасы әрбір студентке өз оқу үдерісіне тең дәрежеде қатысуға мүмкіндік береді.,0.9848180413246155,True,1,504,66,570,0.9942147159999877,1.0001399560001119,0.0,1,1,0,1,0,,,,,,,,,
Experiment_1_Kazakh_Paraphrase_Generation_FINAL,df75e7b20254632f92e6736a0efa2540cd88f39393ae19d248d0d0d0f2fb1035,72,technology,kazllm,issai/LLama-3.1-KazLLM-1.0-8B,baseline,1,True,False,Модельдің шешімдерін түсіндіру мүмкіндігі жасанды интеллект жүйелерін енгізу кезінде маңызды талапқа айналып келеді.,0.9524239301681519,True,1,513,72,585,1.0882798740003636,1.0946335139997245,0.0,1,1,0,1,0,,,,,,,,,
Experiment_1_Kazakh_Paraphrase_Generation_FINAL,df8a37a73bda3879fa4ede616fb4a56e00fc80682b5b1b200164561ecd1ff7aa,60,science,kazllm,issai/LLama-3.1-KazLLM-1.0-8B,kazdiv,5,True,False,Зерттеу нәтижелерінің практикалық маңызын бағалау статистикалық мәнділікті түсіндірумен шектелмеуі тиіс.,0.9943231344223022,True,1,628,790,1418,11.769763876999605,11.772439237000071,0.0,12,2,10,2,0,1,1,0,1,15975134035330521444,0.95,1,,
Experiment_1_Kazakh_Paraphrase_Generation_FINAL,dfa98e0363f83a27e3cf05d36dac987b373a1d0498322dd050e4a6de719637e6,70,technology,llama,NousResearch/Meta-Llama-3.1-8B-Instruct,kazdiv,5,True,False,Бағдарламалардың оңтайландырылуы құжаттың ресурстарын үнемдеуге көмектеседі.,0.8444738388061523,True,1,594,624,1218,9.28743347999989,9.296940489999542,0.0,12,12,0,12,0,5,7,3,8,985369205801901865,0.95,1,,
Experiment_1_Kazakh_Paraphrase_Generation_FINAL,dfb2c81a3022630db28593ca64254cac2ff5dc042c060f971d85cfe80cbbe4e8,34,education,llama,NousResearch/Meta-Llama-3.1-8B-Instruct,baseline,5,True,False,Күрделі тақырыптарды мысалдар арқылы түсіндіру – студенттердің жаңа ұғымдарды меңгеруін жеңілдетеді.,0.9882972836494446,True,1,484,67,551,1.0091238130007696,1.0152328829990438,0.0,1,1,0,1,0,,,,,,,,,
Experiment_1_Kazakh_Paraphrase_Generation_FINAL,dfc126073337835ec94abee9f6c71666be89013a6ca0d6f62fb1ad379bba8d6f,46,science,kazllm,issai/LLama-3.1-KazLLM-1.0-8B,kazdiv,1,True,False,Белгілі бір саладағы негізгі бағыттар мен зерттеу олқылықтарын анықтауға көмектесетін әдебиеттерге жүйелі шолу,0.8350001573562622,True,2,1262,2090,3352,31.160545456999444,31.171537257000182,0.0,12,3,9,2,1,2,0,0,0,3132969232150565425,0.95,2,,
Experiment_1_Kazakh_Paraphrase_Generation_FINAL,dfc545d5c92540280471a6fa78a71617e1f47bb2fc30d2d374081d7f63762a49,70,technology,kazllm,issai/LLama-3.1-KazLLM-1.0-8B,kazdiv,4,True,False,Бағдарламаның өнімділігін арттыру есептеу ресурстарын үнемді пайдалануға мүмкіндік береді.,0.9160858988761902,True,1,619,690,1309,10.27626577599949,10.285204886000429,0.0,12,3,9,3,0,2,1,0,2,12754868096500698080,0.95,1,,
Experiment_1_Kazakh_Paraphrase_Generation_FINAL,dfcada23c5dfb9391ddfe48bae7e010abd7b8ef91d4f88eb264ce3208a25e9ab,24,education,llama,NousResearch/Meta-Llama-3.1-8B-Instruct,baseline,1,True,False,Шетелдік студенттермен бірге жұмысқа айналысқанда олардың пікірлерімен бірлесіп шешім қабылдауы қажет.,0.6931184530258179,False,1,474,62,536,0.9360223299991048,0.9422556400004396,0.0,1,1,0,0,1,,,,,,,,,
Experiment_1_Kazakh_Paraphrase_Generation_FINAL,dfdb2d2b70ddbe60b20c941a5c7cf49d32ad1b942588ff4295832e56f7cba9fb,56,science,kazllm,issai/LLama-3.1-KazLLM-1.0-8B,kazdiv,5,True,False,Машиналық оқыту үлгілерін объективті түрде бағалау үшін сапалы түсініктеме берілген деректер маңызды.,0.8400228023529053,True,1,608,880,1488,13.09396185300011,13.102374502999737,0.0,13,2,11,2,0,2,0,0,0,2203658519679805389,0.95,1,,
Experiment_1_Kazakh_Paraphrase_Generation_FINAL,e0148c8424961eb185a21c99e5949d3d82003e0284ea2ff4a61db49238376fe3,76,technology,llama,NousResearch/Meta-Llama-3.1-8B-Instruct,kazdiv,2,True,False,Нейрондық желілер өзара байланысатын көп қабаттарды пайдалану арқылы күрделі үлгілерді үйренеді.,0.9111763834953308,True,1,606,821,1427,12.224320671000896,12.238067611000588,0.0,12,12,0,12,0,7,5,1,1,5191803991804752284,0.95,1,,
Experiment_1_Kazakh_Paraphrase_Generation_FINAL,e015c91fd8dfdc2168624e35a3f730cd498336ba0e840ccea65bc9fb91f772e0,72,technology,kazllm,issai/LLama-3.1-KazLLM-1.0-8B,baseline,5,True,False,Модельдің шешімдерін түсіндіру мүмкіндігі жасанды интеллект жүйелерін енгізу кезінде маңызды талапқа айналып келеді.,0.9524239301681519,True,1,513,72,585,1.0888064439996015,1.0905932939995182,0.0,1,1,0,1,0,,,,,,,,,
Experiment_1_Kazakh_Paraphrase_Generation_FINAL,e0376accaec6d815079bbef875476691c107148a9b4c6e2658c176ed033ee1da,94,news,kazllm,issai/LLama-3.1-KazLLM-1.0-8B,kazdiv,4,True,False,Ғылыми конференция барысында зерттеушілер деректер қауіпсіздігі мен жасанды интеллект этикасына қатысты мәселелерді талқылады.,0.9765191078186035,True,1,614,718,1332,10.694356013999823,10.702752214000611,0.0,12,4,8,4,0,1,3,0,0,15538456079710937897,0.95,1,,
Experiment_1_Kazakh_Paraphrase_Generation_FINAL,e03dd9a9c14287c02cc9b243140adec5e8ca0f50d9ea5aa43db46b03510b1ba3,65,technology,llama,NousResearch/Meta-Llama-3.1-8B-Instruct,baseline,3,True,False,Бағдарламалық жасақтаманы жүйелі тестілеу өнімдегі қателерді ерте анықтауға көмектеседі. Қайта жазылған сөйлем: Тестілеу жүйелі бағдарламалық жасақтаманың өнімдегі қателерін ерте анықтауға көмектеседі.,0.9109227657318115,False,1,480,141,621,2.100648638999701,2.107819199000005,0.0,1,1,0,0,1,,,,,,,,,
Experiment_1_Kazakh_Paraphrase_Generation_FINAL,e068e0e353f0b5a22b2970cf598a559ab2dac7985ce13dbc96eff04476a1525d,32,education,llama,NousResearch/Meta-Llama-3.1-8B-Instruct,baseline,5,True,False,Қорғау өзінен-өзі тапсырыстың анықтауына көмектеседі.,0.6869807243347168,False,1,490,42,532,0.6408010030008882,0.6469730230001005,0.0,1,1,0,0,1,,,,,,,,,
Experiment_1_Kazakh_Paraphrase_Generation_FINAL,e0afda6e3b92e839d11a14725952fd10bbbc1d8e6a93b704b0019c77e110eabf,79,technology,kazllm,issai/LLama-3.1-KazLLM-1.0-8B,kazdiv,5,True,False,Пайдаланушының әртүрлі құрылғылардан қызмет алуына мүмкіндік беретін цифрлық сервистердің қолжетімділігі бар.,0.9389463663101196,True,1,634,881,1515,13.13190786999985,13.145827350000218,0.0,13,7,6,7,0,2,5,0,0,3318677437870168290,0.95,1,,
Experiment_1_Kazakh_Paraphrase_Generation_FINAL,e0e7ffb15544a47e4a8ceb544273441341dad1e226889a06d359194c9f98fc4d,2,general,kazllm,issai/LLama-3.1-KazLLM-1.0-8B,kazdiv,5,True,False,Адамдар маңызды шешім қабылдағанда бар мәліметтерді мұқият салыстыруы тиіс.,0.9643593430519104,True,2,1220,1784,3004,26.578195966000067,26.58908045499993,0.0,12,5,7,5,0,2,3,1,2,18117035253847348253,0.95,2,,
Experiment_1_Kazakh_Paraphrase_Generation_FINAL,e13d0e83897e9c6f2e88f1dfcf46db27edfea05301acb5584d9a1cc91d381893,67,technology,kazllm,issai/LLama-3.1-KazLLM-1.0-8B,baseline,1,True,False,Деректерді шифрлау құпия ақпаратты үшінші тұлғалардың оқуынан қорғаудың негізгі тәсілдерінің бірі болып табылады.,1.0,False,1,522,79,601,1.1920810869996785,1.1983357469998737,0.0,1,1,0,0,1,,,,,,,,,
Experiment_1_Kazakh_Paraphrase_Generation_FINAL,e143c33ff2be0aa4e4edfb76cd835a8ff178c43058910a87ac1fda4587957177,81,news,llama,NousResearch/Meta-Llama-3.1-8B-Instruct,baseline,1,True,False,Қала әкімдігі қоғамдық көлік бағыттарын тұрғындардың ұсыныстарына қарай жаңа жоспарлап отыр.,0.9571506977081299,True,1,492,71,563,1.0696295510006166,1.0763411120005912,0.0,1,1,0,1,0,,,,,,,,,
Experiment_1_Kazakh_Paraphrase_Generation_FINAL,e1865920da53ce3349045aff5a34d2ce581e6e6b6aa4637faee494a5a74324d3,80,technology,kazllm,issai/LLama-3.1-KazLLM-1.0-8B,baseline,2,True,False,Модельдің оқыту мүмкіндігін нақты деректер шектеулі болған кезде жасанды деректер кеңейте алады.,0.9223264455795288,True,1,499,56,555,0.8466954650002663,0.852860165000493,0.0,1,1,0,1,0,,,,,,,,,
Experiment_1_Kazakh_Paraphrase_Generation_FINAL,e1c2fba8d78dcc8cbaeee0821e52095a898aa8dcdb3838498f5ef30373240046,6,general,llama,NousResearch/Meta-Llama-3.1-8B-Instruct,kazdiv,1,True,False,"Оқу кітаптарынан басқа да кітаптарды оқу да көп қызықты, кітап оқу адамның сөздік қорын кеңейтеді.",0.8365800976753235,True,1,592,907,1499,13.505458979998366,13.518829929998901,0.0,12,12,0,11,1,8,3,3,5,13762414020842277512,0.95,1,,
Experiment_1_Kazakh_Paraphrase_Generation_FINAL,e20503ba7b9228e25bbd2cb4a329e731f5179cb14fba3277836dbf31328ee85b,8,general,llama,NousResearch/Meta-Llama-3.1-8B-Instruct,kazdiv,5,True,False,Басқа адамдарға құрмет көрсету ережелерін сақтау Қоғамдық орындарда қажетті тәртіпті сақтауға жатады.,0.863117516040802,True,1,608,1041,1649,15.517443395001465,15.532010943999921,0.0,12,12,0,11,1,9,2,0,0,3088049768216092150,0.95,1,,
Experiment_1_Kazakh_Paraphrase_Generation_FINAL,e2058498aa7ada47ba0a758a27de8b52365e8dc1aa6563f20b8db997e1f83172,45,science,kazllm,issai/LLama-3.1-KazLLM-1.0-8B,baseline,4,True,False,"Зерттеу нәтижелеріне сүйеніп, ғылыми қорытынды бастапқы сұраққа нақты жауап беруі керек.",0.9836027026176453,True,1,502,59,561,0.8913621550000244,0.8931026649997875,0.0,1,1,0,1,0,,,,,,,,,
Experiment_1_Kazakh_Paraphrase_Generation_FINAL,e247109beb3753329aec932c698794ced19d3626cdb83857e90e2fcd20bc197e,34,education,llama,NousResearch/Meta-Llama-3.1-8B-Instruct,kazdiv,5,True,False,"Күрделі тақырыптарды тану мысалдар арқылы қызыққа айналады, сондықтан оларды түсіндіру студенттерге жағымылы.",0.8859880566596985,True,1,602,1131,1733,16.851840708000964,16.864315778000673,0.0,12,12,0,10,2,10,0,0,0,9134172162385680011,0.95,1,,
Experiment_1_Kazakh_Paraphrase_Generation_FINAL,e27dffeec6f65b60f38117813c977850a3848e2fbd5a1ff9caec2143f5692ab6,23,education,llama,NousResearch/Meta-Llama-3.1-8B-Instruct,baseline,4,True,False,"Оқытушының уақтылы байланысы студентке өз қателерін түсініп, нәтижесін жақсартуға көмектеседі.",0.9768822193145752,True,1,487,67,554,1.0088262190001842,1.0149518889993487,0.0,1,1,0,1,0,,,,,,,,,
Experiment_1_Kazakh_Paraphrase_Generation_FINAL,e29410df12ed4d0a45289af1733d9b5d44804544b9368986009c2489ac210ba4,12,general,llama,NousResearch/Meta-Llama-3.1-8B-Instruct,kazdiv,5,True,False,Табиғат аясында демалып адам көңіл күйін жақсартады.,0.849890947341919,True,1,602,684,1286,10.183098653998968,10.194766213999173,0.0,12,12,0,12,0,7,5,5,5,15421659739313016525,0.95,1,,
Experiment_1_Kazakh_Paraphrase_Generation_FINAL,e2d05009721968561ae24769038c9a13dd5b8a11fb0d26eefe45e72502031d99,81,news,llama,NousResearch/Meta-Llama-3.1-8B-Instruct,baseline,3,True,False,"Талаптарды орындау нәтижесінде, тапсырмаға жауап: Қала әкімдігі қоғамдық көлік жолдарының бағыттарын тұрғындардың айырым ұсыныстары бойынша қайта қарауды жоспарлап отыр.",0.9015275239944458,True,1,492,119,611,1.777263915999356,1.7838250949989742,0.0,1,1,0,1,0,,,,,,,,,
Experiment_1_Kazakh_Paraphrase_Generation_FINAL,e2f251eff915bd3db6d471a32e3e2099d1f3df2d073f687729a33c202a2e5dc4,33,education,kazllm,issai/LLama-3.1-KazLLM-1.0-8B,baseline,4,True,False,Қысқа бақылау тапсырмалары оқу материалын жүйелі түрде қайта қарауға ынталандырады.,0.974373459815979,True,1,498,58,556,0.8767148750002889,0.8825639049996425,0.0,1,1,0,1,0,,,,,,,,,
Experiment_1_Kazakh_Paraphrase_Generation_FINAL,e34a4b5d8d0ec7d75b434e58f92679fee7df4d8d50ac15f176de3741025ffff4,4,general,kazllm,issai/LLama-3.1-KazLLM-1.0-8B,kazdiv,2,True,False,Әдеттің болуы адамның ұзақ мерзімді мақсаттарына біртіндеп жақындауына мүмкіндік береді.,0.9442213773727417,True,2,1246,1780,3026,26.536332310000034,26.54740678899998,0.0,12,6,6,6,0,1,5,0,0,13236321495460909549,0.95,2,,
Experiment_1_Kazakh_Paraphrase_Generation_FINAL,e34e2264c56ee4b32a1a06720061c47ffcf5666f7a18ec07a304b9cf0833404c,80,technology,kazllm,issai/LLama-3.1-KazLLM-1.0-8B,kazdiv,3,True,False,Модельді оқыту мүмкіндігін жасанды деректер көбірек болған жағдайда кеңейте алады.,0.820406436920166,True,1,617,724,1341,10.787241413000629,10.796204993000174,0.0,12,6,6,6,0,4,2,0,0,2861502165060349572,0.95,1,,
Experiment_1_Kazakh_Paraphrase_Generation_FINAL,e358c654e600d2d8a66f1da4c29b3ec48b837f5513810b913f204dc81ff2d630,63,technology,llama,NousResearch/Meta-Llama-3.1-8B-Instruct,kazdiv,5,True,False,Бұлттық есептеу ресурстары күрделі бағдарламаларды іске қосуға жергілікті инфрақұрылымын талап етпейтін әдістерді ұсынады.,0.9337287545204163,True,1,610,1167,1777,17.40898931099946,17.42049585100176,0.0,14,14,0,11,3,7,4,5,6,8116007804345415749,0.95,1,,
Experiment_1_Kazakh_Paraphrase_Generation_FINAL,e381ad944b81a3e93f5aa3ea5a72eb8a3965f8891460d51ca852c658cd3bddb9,5,general,kazllm,issai/LLama-3.1-KazLLM-1.0-8B,baseline,4,True,False,"Бастапқы сөйлемнің мағынасын сақтай отырып, табиғи қазақ тілінде қайта жазылған сөйлем:",0.4222775101661682,False,1,486,63,549,0.9500020990003577,0.9557774989998506,0.0,1,1,0,0,1,,,,,,,,,
Experiment_1_Kazakh_Paraphrase_Generation_FINAL,e39491bbeed8ee7dd2374b9cb52b9219aa88934ab8341c3096d68205d85ac51f,82,news,llama,NousResearch/Meta-Llama-3.1-8B-Instruct,baseline,3,True,False,Қазір оқушыларға қосымша технологиялық курстар ұсыныла бастады.,0.8682725429534912,True,1,479,37,516,0.5681870349999372,0.5744946449995041,0.0,1,1,0,1,0,,,,,,,,,
Experiment_1_Kazakh_Paraphrase_Generation_FINAL,e3f123dd46d7f74529a342ceddc7ff7b9346cc8e82ffb3d89952752c123a0b52,29,education,llama,NousResearch/Meta-Llama-3.1-8B-Instruct,baseline,1,True,False,Талаптарды орындағаннан кейін жаңа сөйлем: Оқыту студенттердің сыни ойлау және ақпаратты талдау дағдыларын қалыптастыратында зерттеуге негізделген.,0.8125060796737671,True,1,476,88,564,1.3185732460005966,1.3250024749995646,0.0,1,1,0,1,0,,,,,,,,,
Experiment_1_Kazakh_Paraphrase_Generation_FINAL,e437bc349504fbbfc6f2810e55eb5a78cff6b58ef6d59cf29d7d7d707a050b66,75,technology,kazllm,issai/LLama-3.1-KazLLM-1.0-8B,kazdiv,1,True,False,Деректер базасын дұрыс жобалау ақпаратты тиімді сақтау мен іздеуді жақсартады,0.8920495510101318,True,1,607,668,1275,9.947069446999194,9.956819836999784,0.0,13,13,0,12,1,4,8,3,8,16163809987671700839,0.95,1,,
Experiment_1_Kazakh_Paraphrase_Generation_FINAL,e4459dfd6c187d6d98ba2e94e9b56af4038b2936e8ae017ade1da6a23a306fd8,14,general,llama,NousResearch/Meta-Llama-3.1-8B-Instruct,baseline,5,True,False,Талаптарды орындағаннан кейін жаңа сөйлем: Мән-құны бұлай мәселені толық түсінуге мүмкіндік береді.,0.6613072752952576,False,1,473,72,545,1.0835442210009205,1.0899835109994456,0.0,1,1,0,0,1,,,,,,,,,
Experiment_1_Kazakh_Paraphrase_Generation_FINAL,e44629f4c28c511111c5c01adc2a1d4a7791a137718bf6b81657bbe54e33da77,84,news,kazllm,issai/LLama-3.1-KazLLM-1.0-8B,baseline,4,True,False,Жергілікті бизнесшілер үшін жаңа қолдау бағдарламасының шарттары ресми кездесуде таныстырылды.,0.9798396229743958,True,1,503,53,556,0.8039841509998951,0.8105810010001733,0.0,1,1,0,1,0,,,,,,,,,
Experiment_1_Kazakh_Paraphrase_Generation_FINAL,e459adb8c58c7e455bc9fb337a303d9bdcb23b9f9a7f2d1f05d5421f363fde8e,55,science,llama,NousResearch/Meta-Llama-3.1-8B-Instruct,baseline,5,True,False,Талаптарды орындағаннан кейін қайта жазылған сөйлем: Зерттеушілер әдіс таңдау кезінде оның артықшылықтарымен бірге шектеулерін де қарастырады.,0.7638902068138123,True,1,473,88,561,1.3190818900002341,1.3253601889991842,0.0,1,1,0,1,0,,,,,,,,,
Experiment_1_Kazakh_Paraphrase_Generation_FINAL,e48344f86db56a3f9481338f54e4f0d64408595b9b421384e93b30ef6db41835,74,technology,llama,NousResearch/Meta-Llama-3.1-8B-Instruct,kazdiv,5,True,False,Бағдарламалық интерфейстердің көмегімен ақпараттық жүйелер арасында автоматты дерек алмасуды уәжділік мәнге ие етті.,0.7565325498580933,True,1,608,786,1394,11.701981924999927,11.711616765000144,0.0,12,12,0,12,0,8,4,4,7,6114540627395572988,0.95,1,,
Experiment_1_Kazakh_Paraphrase_Generation_FINAL,e4aca599b8ca53cb10ba6abce5d10f13483ee7ab57673fc8cfcc3ea153115799,53,science,llama,NousResearch/Meta-Llama-3.1-8B-Instruct,kazdiv,3,True,False,Ғылыми жаңалықтың сәйкестігін көрсету үшін бұрынғы зерттеулермен салыстыруға даңғырлықтың болуы тиіс.,0.8780025243759155,True,1,587,723,1310,10.760752992999187,10.77121192300001,0.0,12,12,0,12,0,6,6,3,4,18380067457286725490,0.95,1,,
Experiment_1_Kazakh_Paraphrase_Generation_FINAL,e4bf46c408608772f392928d8b3606595fb739773798ea47fef64fd7ed90dcdb,88,news,kazllm,issai/LLama-3.1-KazLLM-1.0-8B,baseline,2,True,False,Мектептерде цифрлық сауаттылықты арттыруға арналған қосымша сабақтар біртіндеп енгізілуде.,0.9716235995292664,True,1,507,58,565,0.8759062299996003,0.8817893100003857,0.0,1,1,0,1,0,,,,,,,,,
Experiment_1_Kazakh_Paraphrase_Generation_FINAL,e4caaebcba73d9fdfc9c5635ecb8398b69804d2ffe3701a3d25df2b3ba19bc20,70,technology,llama,NousResearch/Meta-Llama-3.1-8B-Instruct,kazdiv,2,True,False,Оңтайландырылған өнімділік бағдарламалардың есептеу ресурстарын тиімді пайдалануға мүмкіндік береді.,0.8866955041885376,True,1,594,610,1204,9.073602532000223,9.082995942000707,0.0,12,12,0,12,0,9,3,0,0,12159314548441864805,0.95,1,,
Experiment_1_Kazakh_Paraphrase_Generation_FINAL,e4cf3d491983699730d1865f1e8b7f51454870eec80dd86e73e4c633cac58696,96,news,llama,NousResearch/Meta-Llama-3.1-8B-Instruct,baseline,4,True,False,Кәсіпорын жаңа автоматтандырылған желіні іске қосу арқылы өндіріс тиімділігін арттыруды көздеп отыр. Кәсіпорын өндірісті үздіксіздікпен жүргізуді көздеп отыр.,0.949475884437561,True,1,482,104,586,1.5542592269994202,1.5609235169995372,0.0,1,1,0,1,0,,,,,,,,,
Experiment_1_Kazakh_Paraphrase_Generation_FINAL,e4e6279b0903836f5e421bebbf112e0f9af394d204fa10ef6393290e8d7940d6,56,science,kazllm,issai/LLama-3.1-KazLLM-1.0-8B,kazdiv,3,True,False,Машиналық оқыту модельдерін объективті бағалау үшін сапалы аннотацияланған деректер маңызды.,0.9482049942016602,True,1,608,658,1266,9.785412317999544,9.793517708000763,0.0,12,2,10,2,0,1,1,0,0,6550504657938756821,0.95,1,,
Experiment_1_Kazakh_Paraphrase_Generation_FINAL,e521aa13f11524bec34f39b824f81afae3eb9d94d075a91a51df3e2c8161d1f4,67,technology,llama,NousResearch/Meta-Llama-3.1-8B-Instruct,kazdiv,5,True,False,Құпия ақпаратты үшінші тұлғалардың оқуынан қорғауға құпия деректерді шифрлау деген өте маңызды шара болып табылады.,0.8770735859870911,True,1,615,931,1546,13.877821154999765,13.88834686500013,0.0,12,9,3,9,0,6,3,5,8,18259223910636831787,0.95,1,,
Experiment_1_Kazakh_Paraphrase_Generation_FINAL,e535a8cf39fa840703a937ac2dc6bdf109fb8fe3b790d3f78738998b7d4e4dd1,47,science,kazllm,issai/LLama-3.1-KazLLM-1.0-8B,kazdiv,1,True,False,Үлкен деректер жиынында талдауға болатын күрделі құбылыстардың бірнеше аспектілері бар.,0.8542256355285645,True,1,628,834,1462,12.43090174300005,12.439467003000118,0.0,12,3,9,3,0,2,1,0,0,6068291801771570614,0.95,1,,
Experiment_1_Kazakh_Paraphrase_Generation_FINAL,e53d797f01bf0fd8b25d25e8ccdf89bf546c03dbd70fb69e1b8183814ca81bc0,42,science,kazllm,issai/LLama-3.1-KazLLM-1.0-8B,kazdiv,3,True,False,Деректерді жинау әдісінің дұрыстығы эксперимент нәтижелерінің сенімділігіне тікелей әсер етеді.,0.8958817720413208,True,1,617,827,1444,12.321886852000262,12.3305114220002,0.0,14,3,11,2,1,2,0,0,1,6602327156147806328,0.95,1,,
Experiment_1_Kazakh_Paraphrase_Generation_FINAL,e56a39232192db4f72ce2e38c8479d727598bac02f8cd4a52b3114da19fec65d,76,technology,llama,NousResearch/Meta-Llama-3.1-8B-Instruct,baseline,3,True,False,"Өзара байланысқан көптеген есептеу қабаттарын пайдаланғанда, нейрондық желілер күрделі үлгілерді үйренеді.",0.9007792472839355,True,1,488,68,556,1.0243141619994276,1.0306178920000093,0.0,1,1,0,1,0,,,,,,,,,
Experiment_1_Kazakh_Paraphrase_Generation_FINAL,e582a1a07ff3dda3c00a255068c368d330381ec78a55e051e99bec6ca3499cf8,12,general,llama,NousResearch/Meta-Llama-3.1-8B-Instruct,baseline,4,True,False,"Табиғат аясында демалу адамның көңіл күйін жақсартып, күнделікті күйзелісті төмендетуі мүмкін. Табиғат аясында демалғанда адамның көңіл күйі жақсарып, күнделікті күйзелісті төмендейді.",0.9455198049545288,True,1,484,130,614,1.9378994929993496,1.944584192999173,0.0,1,1,0,1,0,,,,,,,,,
Experiment_1_Kazakh_Paraphrase_Generation_FINAL,e5894a3a1b35bb569f4fe1230994f0ffeed5e8a1be4e6b10b864eb4a6265d727,61,technology,llama,NousResearch/Meta-Llama-3.1-8B-Instruct,baseline,3,True,False,Қайта жазылған сөйлем: Жасанды интеллект күрделі заңдылықтарды көлемді деректерден анықтауға қабілетті.,0.8538421988487244,True,1,486,65,551,0.980678629999602,0.986835779998728,0.0,1,1,0,1,0,,,,,,,,,
Experiment_1_Kazakh_Paraphrase_Generation_FINAL,e5aa31f6a885379a27b60834ec76e07f828cf5a4e625aaec8b13b8a4126ff9a1,25,education,llama,NousResearch/Meta-Llama-3.1-8B-Instruct,baseline,3,True,False,Онлайн платформаларда оқу материалдарына 24/7 кез келген уақытта қол жеткізуге мүмкіндік береді.,0.8687857389450073,True,1,467,54,521,0.8175661019995459,0.8237974309995479,0.0,1,1,0,1,0,,,,,,,,,
Experiment_1_Kazakh_Paraphrase_Generation_FINAL,e5b239ab1e73499d3e236254a33273e47faacb3d118a469f2898fc78efcdb090,21,education,kazllm,issai/LLama-3.1-KazLLM-1.0-8B,baseline,5,True,False,Қазіргі білім беру жүйесі түлектердің теориялық білімін практикалық дағдылармен үйлестіруге негізделген.,0.8855583667755127,True,1,505,62,567,0.9348064979999435,0.940586888000098,0.0,1,1,0,1,0,,,,,,,,,
Experiment_1_Kazakh_Paraphrase_Generation_FINAL,e5bd4a3bbe7988050231b5eecc259e63d37e139478f6a4a6cce8288a80fed2f0,56,science,llama,NousResearch/Meta-Llama-3.1-8B-Instruct,kazdiv,4,True,False,Сапалы деректермен аннотацияланған машиналық оқыту моделдерінің бағалау үшін объективтілігін көрсетеді.,0.9227932095527649,True,1,583,671,1254,9.980377048999799,9.991675228999156,0.0,13,12,1,12,0,8,4,3,4,8827041897870847528,0.95,1,,
Experiment_1_Kazakh_Paraphrase_Generation_FINAL,e5c3f72c3512b13823a2630f39fecf49ded9f5056dd126f46d3d6a1db573af8f,46,science,kazllm,issai/LLama-3.1-KazLLM-1.0-8B,baseline,3,True,False,Әдебиеттерді зерттеу белгілі бір сала бойынша негізгі бағыттар мен зерттеу олқылықтарын анықтауға көмектеседі.,0.9144243001937866,True,1,513,67,580,1.0154978660002598,1.0212326159999066,0.0,1,1,0,1,0,,,,,,,,,
Experiment_1_Kazakh_Paraphrase_Generation_FINAL,e5d71251100c8f2ff612c0c035cf385719e3c3f6869b5158285fa89f16aff5a8,21,education,llama,NousResearch/Meta-Llama-3.1-8B-Instruct,kazdiv,2,True,False,Білім беру жүйесі теориялық білімді практикалық іс-әрекеттермен бірге жетілдіруді ұйымдастырады.,0.7600374221801758,True,1,598,843,1441,12.554730372999984,12.564500921998842,0.0,13,13,0,9,4,7,2,5,10,11299598272707532044,0.95,1,,
Experiment_1_Kazakh_Paraphrase_Generation_FINAL,e5fe00ac243fdcc570b7f37c2dbeb06920ad99d463273af9138f283532cd0caa,38,education,kazllm,issai/LLama-3.1-KazLLM-1.0-8B,baseline,2,True,False,Тәжірибе арқылы теориялық заңдылықтарды тексеруге мүмкіндік беретін зертханалық жұмыстар.,0.9309698343276978,True,1,497,54,551,0.8180572269998265,0.8237125169998762,0.0,1,1,0,1,0,,,,,,,,,
Experiment_1_Kazakh_Paraphrase_Generation_FINAL,e6443f419bb6a3b9d58c67a08055d9a52e626e6672ae3e1c3f7cb3855ffb43c9,11,general,kazllm,issai/LLama-3.1-KazLLM-1.0-8B,kazdiv,4,True,False,Алдын ала қаржыны жоспарлау қажетсіз шығындарды азайтуға көмектеседі,0.9251992702484131,True,1,608,648,1256,9.641390827999999,9.649162117999936,0.0,13,2,11,1,1,1,0,0,1,4737674091627014371,0.95,1,,
Experiment_1_Kazakh_Paraphrase_Generation_FINAL,e65caed59e494e89ac9e7ab9f2022180447ecd8083d936ef7425cdc3cae81521,57,science,llama,NousResearch/Meta-Llama-3.1-8B-Instruct,baseline,3,True,False,Ғылыми мақаладағы дереккөздер зерттеу тұжырымдарын жеткілікті деңгейде тілеу үшін негіздеу керек.,0.9612728953361511,True,1,478,61,539,0.9216995620008674,0.9282181920007133,0.0,1,1,0,1,0,,,,,,,,,
Experiment_1_Kazakh_Paraphrase_Generation_FINAL,e65fa13ec9a62df2b69133203d39fe0ddbd52efd989dca0e2695302ff9b69a22,72,technology,llama,NousResearch/Meta-Llama-3.1-8B-Instruct,baseline,1,True,False,Модельдің шешімдерін түсіндіру мүмкіндігі жасанды интеллект жүйелерін енгізу кезінде маңызды талапқа айналып келеді.,0.9524239301681519,True,1,488,72,560,1.084002130000954,1.0865168500004074,0.0,1,1,0,1,0,,,,,,,,,
Experiment_1_Kazakh_Paraphrase_Generation_FINAL,e661c163bdcae16da8876c92f32b6a9cfa50c0fe4f553c3b51a9c081208aa8a4,72,technology,kazllm,issai/LLama-3.1-KazLLM-1.0-8B,baseline,2,True,False,Модельдің шешімдерін түсіндіру мүмкіндігі жасанды интеллект жүйелерін енгізу кезінде маңызды талапқа айналып келеді.,0.9524239301681519,True,1,513,72,585,1.0886949140003708,1.090498433999528,0.0,1,1,0,1,0,,,,,,,,,
Experiment_1_Kazakh_Paraphrase_Generation_FINAL,e6682cf824c9be13445f57fdb9e9773426f6c02c0dfbf60f3200b757d092940c,9,general,llama,NousResearch/Meta-Llama-3.1-8B-Instruct,kazdiv,4,True,False,"Жаңа ортаға бейімделу үшін адамға қажет уақыт, тәжірибе және ашық қарым-қатынас.",0.9970801472663879,True,1,597,746,1343,11.108131672001036,11.117621191999206,0.0,12,12,0,11,1,5,6,0,4,12199044216900230490,0.95,1,,
Experiment_1_Kazakh_Paraphrase_Generation_FINAL,e67e3fb385eaf49dc4fc92c032ff198af61b332491b2100c782b1a2b691e76b1,71,technology,llama,NousResearch/Meta-Llama-3.1-8B-Instruct,baseline,2,True,False,"Қайта жазылған сөйлем: Интернет құрылғылар арасында деректерді автоматты түрде жинап, алмасуға жағдай жасайды.",0.8667129278182983,True,1,474,69,543,1.0396535899999435,1.0460539790001349,0.0,1,1,0,1,0,,,,,,,,,
Experiment_1_Kazakh_Paraphrase_Generation_FINAL,e688a5ef4f6b566472bc0c4d4d39c23e3fe5981fc12a386a79bd3a91e548dc3f,4,general,kazllm,issai/LLama-3.1-KazLLM-1.0-8B,kazdiv,4,True,False,Тұрақты тәжірибелер адамның ұзақ мерзімді мақсаттарына біртіндеп жақындауына мүмкіндік береді.,0.9409021139144897,True,1,623,832,1455,12.386951370999668,12.394021591000183,0.0,13,2,11,1,1,1,0,0,0,4063889065169241261,0.95,1,,
Experiment_1_Kazakh_Paraphrase_Generation_FINAL,e6904a3a94bc191c605d4906e01bbca6053b4c941b515fa328cc422ce76eba70,51,science,kazllm,issai/LLama-3.1-KazLLM-1.0-8B,kazdiv,2,True,False,Деректерді алдын ала өңдеу кезінде қателер мен жетіспейтін мәндерді дұрыс анықтау өте маңызды.,0.9955520629882812,True,1,620,778,1398,11.585117112999797,11.592280762999962,0.0,12,1,11,1,0,1,0,0,0,11146594789200422675,0.95,1,,
Experiment_1_Kazakh_Paraphrase_Generation_FINAL,e6d64d016411f08fd6173cdf13c91f5cc6ad11905625b76b0bf606016c94c9fe,12,general,kazllm,issai/LLama-3.1-KazLLM-1.0-8B,baseline,4,True,False,"Табиғат аясында демалу адамның көңіл-күйін жақсартып, күнделікті күйзелісті азайтады.",0.9709408283233643,True,1,509,59,568,0.8911984279999388,0.8970081780000783,0.0,1,1,0,1,0,,,,,,,,,
Experiment_1_Kazakh_Paraphrase_Generation_FINAL,e718fb998bc6116801f019049fa8d65094ab34622056ddbc3bded1f449b329a4,65,technology,llama,NousResearch/Meta-Llama-3.1-8B-Instruct,kazdiv,5,True,False,Бағдарламаны жүйелі түрде тексеру қателерді анықтауға көмектеседі.,0.8655016422271729,True,1,598,637,1235,9.481548447000023,9.490649036999457,0.0,12,10,2,10,0,5,5,2,3,4100896231226884752,0.95,1,,
Experiment_1_Kazakh_Paraphrase_Generation_FINAL,e723f0a8b31403f20b79dcc915aa919b37365bb2d1a05fcbc96013989faddbd3,40,education,kazllm,issai/LLama-3.1-KazLLM-1.0-8B,baseline,5,True,False,Барлық оқушылардың білім беру ортасында тең мүмкіндіктері бар.,0.7778394222259521,True,1,504,40,544,0.611733507000281,0.61761685700003,0.0,1,1,0,1,0,,,,,,,,,
Experiment_1_Kazakh_Paraphrase_Generation_FINAL,e723f751e8a81e0430a037b210cff686e13f4a32ef0c69e602f1a76bc79abc6e,21,education,kazllm,issai/LLama-3.1-KazLLM-1.0-8B,baseline,3,True,False,Соңғы білім беру жүйесі студенттердің теориялық білімін практикалық дағдылармен ұштастыруға бағытталады.,0.8768782019615173,True,1,505,64,569,0.9641204609999932,0.9697857899998326,0.0,1,1,0,1,0,,,,,,,,,
Experiment_1_Kazakh_Paraphrase_Generation_FINAL,e7b32a0e73abf04923b233a9aeec1c52e34f32348a5086ff90551d35c0456bdc,67,technology,kazllm,issai/LLama-3.1-KazLLM-1.0-8B,baseline,3,True,False,Деректерді шифрлау құпия ақпаратты үшінші тұлғалардың оқуынан қорғау тәсілдерінің негізгі әдістерінің бірі болып табылады.,0.9924762845039368,True,1,522,85,607,1.280260096999882,1.2863896570006546,0.0,1,1,0,1,0,,,,,,,,,
Experiment_1_Kazakh_Paraphrase_Generation_FINAL,e7c0f3673bc13b0fc0787b96028ddad1a194aa272f1209983d8913076aa33cb1,61,technology,llama,NousResearch/Meta-Llama-3.1-8B-Instruct,kazdiv,4,True,False,Қазіргі заманда қолданылатын құралдардың бірі ретінде жасанды интеллект күрделі заңдылықтарды анықтауға мүмкіндік береді.,0.7793864607810974,True,1,604,882,1486,13.144818021999527,13.154544302000431,0.0,13,13,0,7,6,6,1,1,2,1776621832072366122,0.95,1,,
Experiment_1_Kazakh_Paraphrase_Generation_FINAL,e7d69eb16b2570d1e58c6579a1f70508ea0e8f88227e9834f7a68a7c23df911b,69,technology,llama,NousResearch/Meta-Llama-3.1-8B-Instruct,kazdiv,5,True,False,Нысандарды анықтау үшін кескіндерден көру алгоритмдері қолданылатын өндірістік құралдар.,0.8129784464836121,True,1,589,690,1279,10.268242910000481,10.279367630000706,0.0,13,13,0,13,0,12,1,11,12,13840169972023990147,0.95,1,,
Experiment_1_Kazakh_Paraphrase_Generation_FINAL,e7fda8a070c87ede4dfa322d7b9f0fbcb3044118f2c2169f7ec8b0d13b9c7f71,21,education,kazllm,issai/LLama-3.1-KazLLM-1.0-8B,kazdiv,3,True,False,Заманауи білім беру жүйесі студенттердің практикалық дағдыларын теориялық білімімен ұштастыруға бағытталған.,0.9852124452590942,True,1,623,781,1404,11.629390113,11.637970069999938,0.0,12,5,7,5,0,1,4,0,1,12158275533692239199,0.95,1,,
Experiment_1_Kazakh_Paraphrase_Generation_FINAL,e800cafbbde3c270786421c74d99a86c372ca2e15e3368a6e647a3d2aa288520,13,general,llama,NousResearch/Meta-Llama-3.1-8B-Instruct,baseline,3,True,False,Уақытында берілген кері байланыс жұмыстың сапасын жақсартуға ықпал етеді. Сөйлемді жаңа сөздермен қайта жазу: Міндетті кері байланыс жұмыстың сапасын жақсартуға ықпал етеді.,0.838212788105011,False,1,469,119,588,1.7764716050005518,1.7831426650009234,0.0,1,1,0,0,1,,,,,,,,,
Experiment_1_Kazakh_Paraphrase_Generation_FINAL,e8303449df1e95023fffc16c2a3fc5991b3b7c230b913ae28f95cb6aa8344abc,68,technology,kazllm,issai/LLama-3.1-KazLLM-1.0-8B,baseline,1,True,False,Роботтандырылған жүйелер өндірістегі қайталанатын тапсырмаларды автоматтандыруға мүмкіндік береді.,0.9816256761550903,True,1,502,62,564,0.935427520000303,0.9416228899999624,0.0,1,1,0,1,0,,,,,,,,,
Experiment_1_Kazakh_Paraphrase_Generation_FINAL,e86cd4f3017e72a620f35f31f8b4854e8cd032d7f9eaea608bfb72d452c4a2e2,8,general,llama,NousResearch/Meta-Llama-3.1-8B-Instruct,kazdiv,1,True,False,Ортақ ережелерді сақтау басқа адамдарға құрмет көрсетуге жол ашады.,0.888188362121582,True,1,608,807,1415,12.018840982000256,12.03267691200017,0.0,12,12,0,12,0,10,2,1,1,11785605527187300638,0.95,1,,
Experiment_1_Kazakh_Paraphrase_Generation_FINAL,e871df9ad07e36655ab34e6f54326e413ba0d181293fa75a20374ca4bbfc8882,29,education,llama,NousResearch/Meta-Llama-3.1-8B-Instruct,kazdiv,2,False,False,,,False,2,1188,2060,3248,30.704380170998775,30.718996270999924,0.0,0,0,0,0,11,,,,,,0.95,,parsing,Could not parse KAZ-Div response.
Experiment_1_Kazakh_Paraphrase_Generation_FINAL,e873aed858a8b9b8138347afc3d2e438c578a398b851c40d8c01557883afc1f4,22,education,llama,NousResearch/Meta-Llama-3.1-8B-Instruct,baseline,4,True,False,"Сабақта белсенді тапсырмалар пайдаланып, талапкерлік әдісте оқу мазмұнына студенттердің қызығушылығын арттырады.",0.8661984205245972,True,1,477,70,547,1.0537542280017078,1.0599407679983415,0.0,1,1,0,1,0,,,,,,,,,
Experiment_1_Kazakh_Paraphrase_Generation_FINAL,e8814053fdc52bd0316653ce6d2d3b76da51760286944cc86d0bba3ca99ca1eb,45,science,kazllm,issai/LLama-3.1-KazLLM-1.0-8B,kazdiv,5,True,False,"Ғылыми қорытынды зерттеулердің нәтижелеріне сүйеніп, бастапқы сұраққа нақты жауап беруі тиіс.",0.9919724464416504,True,1,620,774,1394,11.532240095999896,11.544155305999993,0.0,12,4,8,4,0,1,3,0,0,7824617557108774801,0.95,1,,
Experiment_1_Kazakh_Paraphrase_Generation_FINAL,e89ec8a98927c91c9d8f1f1e2def4293ee4cc85d35e4fa9bbe1d61e0a0d3bd67,6,general,llama,NousResearch/Meta-Llama-3.1-8B-Instruct,baseline,3,True,False,"Кітап оқу сөздік қорымызды кеңейтіп, ойлау қабілетімізді дамытуға көмектеседі.",0.925956130027771,True,1,474,56,530,0.8479880830000184,0.8541339429993968,0.0,1,1,0,1,0,,,,,,,,,
Experiment_1_Kazakh_Paraphrase_Generation_FINAL,e8b690b965683b95850e71011b406bc517cbd30b7b67f0c80079b157a1a0c05a,57,science,kazllm,issai/LLama-3.1-KazLLM-1.0-8B,baseline,4,True,False,Ғылыми мақалада қолданылған дереккөздер зерттеу қорытындыларын жеткілікті деңгейде дәлелдеуі тиіс.,0.9658889770507812,True,1,503,62,565,0.9357188600006339,0.9419907510000485,0.0,1,1,0,1,0,,,,,,,,,
Experiment_1_Kazakh_Paraphrase_Generation_FINAL,e8ccfbcd9b758a7aa6ee7cd1eeb723026c2ee950ca8532f02a3932f55cfc094d,29,education,kazllm,issai/LLama-3.1-KazLLM-1.0-8B,kazdiv,4,True,False,"Зерттеуді зерттеу оқыту студенттердің сыни ойлау және ақпаратты талдау дағдыларын дамытады, олардың оқуын жақсартады.",0.8425853848457336,True,1,619,1066,1685,15.895954982000148,15.910341931999938,0.0,13,7,6,7,0,4,3,2,2,2240282224602074744,0.95,1,,
Experiment_1_Kazakh_Paraphrase_Generation_FINAL,e9164c238b2632e1432fcb14875734c8b1311b6d90523539add9422a7ea92d94,56,science,kazllm,issai/LLama-3.1-KazLLM-1.0-8B,kazdiv,1,True,False,Машиналық оқыту модельдерінің объективті бағалауы үшін аннотацияланған деректердің сапасы маңызды.,0.943800687789917,True,1,608,743,1351,11.056170593999923,11.065306064000652,0.0,12,9,3,9,0,1,8,0,1,7875542938580251055,0.95,1,,
Experiment_1_Kazakh_Paraphrase_Generation_FINAL,e932e1d3dc73ce521606eaf34b27071e589615d6847fbfeca9abc272fa7bdcda,33,education,llama,NousResearch/Meta-Llama-3.1-8B-Instruct,baseline,5,True,False,Қысқа бақылау тапсырмалары оқу материалын жүйелі түрде қайталауға көмектеседі.,0.960950493812561,True,1,473,55,528,0.8321474809999927,0.8340427210005146,0.0,1,1,0,1,0,,,,,,,,,
Experiment_1_Kazakh_Paraphrase_Generation_FINAL,e982ac0d594de79fb4a999771c9f20e9cc81771e0781fb4790c8f2c658096fa0,86,news,llama,NousResearch/Meta-Llama-3.1-8B-Instruct,kazdiv,4,True,False,"Бірнеше жаяу жүргінші өткелі жаңартылды, олар қалада жол қауіпсіздігін арттыруға үлес қосып отыр.",0.9446821808815002,True,1,592,781,1373,11.621948735999467,11.631616755999858,0.0,12,12,0,12,0,2,10,1,6,7925658426792743195,0.95,1,,
Experiment_1_Kazakh_Paraphrase_Generation_FINAL,e9e84fa0569ceb2dc2a7abd54d9a3ed6ab134419f86b87e93d0c6775940c4f7e,67,technology,kazllm,issai/LLama-3.1-KazLLM-1.0-8B,baseline,2,True,False,Деректерді шифрлау құпия ақпаратты басқалардың оқуынан қорғаудың негізгі әдісі болып табылады.,0.9584568738937378,True,1,522,66,588,1.0011793200001193,1.0070244890002868,0.0,1,1,0,1,0,,,,,,,,,
Experiment_1_Kazakh_Paraphrase_Generation_FINAL,e9f3041c0eb2488abda9876745d9abfbff8cf993639e9490bfd6051521958df7,9,general,kazllm,issai/LLama-3.1-KazLLM-1.0-8B,baseline,3,True,False,"Адамға жаңа ортаға бейімделу үшін уақыт, тәжірибе және ашық қарым-қатынас қажет.",0.9924297332763672,True,1,504,61,565,0.9212586399999054,0.9273569490005684,0.0,1,1,0,1,0,,,,,,,,,
Experiment_1_Kazakh_Paraphrase_Generation_FINAL,ea2df14bddb5843b8942d54d6ba355eeb815a701bc4e629eb5ebb5791d61a43e,61,technology,llama,NousResearch/Meta-Llama-3.1-8B-Instruct,baseline,5,True,False,Қайта жазылған сөйлем: Құрылғы интеллект көп мөлшердегі деректерден тұратын қарапайым заңдылықтарды жасауға құқық береді.,0.7290245294570923,False,1,486,88,574,1.3204667779991723,1.326754488000006,0.0,1,1,0,0,1,,,,,,,,,
Experiment_1_Kazakh_Paraphrase_Generation_FINAL,ea5ed0518546fbd030ec6ad662b48a56373b32b00fc1d4f65f75a015ab609d0a,90,news,kazllm,issai/LLama-3.1-KazLLM-1.0-8B,baseline,5,True,False,Жаңа зертханада студенттер мен жас ғалымдар тәжірибелік жобаларды жүзеге асыра алады.,0.9664615392684937,True,1,498,49,547,0.7449308710001787,0.7509272810002585,0.0,1,1,0,1,0,,,,,,,,,
Experiment_1_Kazakh_Paraphrase_Generation_FINAL,ea899b31898feb2728d4986e0ce4c4378252e94d63156265826888ef8d191fa5,75,technology,llama,NousResearch/Meta-Llama-3.1-8B-Instruct,kazdiv,4,True,False,Деректер базасын жобалау сақтау мен іздеудің жақсы шарттарымен жүргізеді.,0.8775184154510498,True,1,582,580,1162,8.627460589999828,8.637124810000387,0.0,12,12,0,12,0,8,4,6,6,5763479152697212914,0.95,1,,
Experiment_1_Kazakh_Paraphrase_Generation_FINAL,eaa9496700184a5d5d5615f2bc378bc205601a116313436855ba55515c703d3a,7,general,llama,NousResearch/Meta-Llama-3.1-8B-Instruct,baseline,2,True,False,Талаптарға сәйкес сөйлемді жаңа сөздермен қайта жазсақ: Дұрыс азық-түлікке қаламаша және белсенді іс-әрекет күнделікті тіршілік сапасына оң әсер етеді.,0.7776470184326172,True,1,471,104,575,1.5551927349988546,1.561815375000151,0.0,1,1,0,1,0,,,,,,,,,
Experiment_1_Kazakh_Paraphrase_Generation_FINAL,eab2a9147e1e7b20370262b434edc95583bd86c5e85cf80d8021c9c7648744f2,36,education,kazllm,issai/LLama-3.1-KazLLM-1.0-8B,baseline,3,True,False,Сабақтың мазмұны мен бағалау әдістерін нақты оқу мақсаттарымен үйлестіру оңайырақ болады.,0.9326963424682617,True,1,516,61,577,0.9261741949999305,0.9320124849996319,0.0,1,1,0,1,0,,,,,,,,,
Experiment_1_Kazakh_Paraphrase_Generation_FINAL,eab421247114a3f3ee9975eaa62396cd4485e0cb78ee677289cbe58ea3624433,78,technology,llama,NousResearch/Meta-Llama-3.1-8B-Instruct,baseline,5,True,False,Құжаттың көшірмелері әлеуметтік құбылыстар кезінде маңызды құжаттарды қалпына келтіруге мүмкіндік береді.,0.7887321710586548,True,1,484,74,558,1.1126617210011318,1.1189464710005268,0.0,1,1,0,1,0,,,,,,,,,
Experiment_1_Kazakh_Paraphrase_Generation_FINAL,eac5431bb3ea9d42a75f6c1627870a863a8f150d7bfc7ad6b37f437858329ce7,34,education,kazllm,issai/LLama-3.1-KazLLM-1.0-8B,baseline,2,True,False,Мысалдармен күрделі тақырыптарды түсіндіру студенттерге жаңа ұғымдарды сіңіруді жеңілдетеді.,0.9670294523239136,True,1,509,60,569,0.9053119260001949,0.911055825999938,0.0,1,1,0,1,0,,,,,,,,,
Experiment_1_Kazakh_Paraphrase_Generation_FINAL,eb5d7ed96c2a3b7431ce2cfdee2178d95ae40da970e994b1ce4ebd9f9210727e,57,science,kazllm,issai/LLama-3.1-KazLLM-1.0-8B,kazdiv,2,True,False,Ғылыми жұмыста пайдаланылған дереккөздер зерттеу тұжырымдарын жеткілікті деңгейде дәлелдеуі керек.,0.9310132265090942,True,1,621,719,1340,10.70381132700004,10.712417847000324,0.0,12,6,6,6,0,2,4,0,0,3418944258274948628,0.95,1,,
Experiment_1_Kazakh_Paraphrase_Generation_FINAL,eb649d8100b4bbdf10ccf35b8e1b3ea804446a83e50c70b8feb2c0a3841be239,69,technology,kazllm,issai/LLama-3.1-KazLLM-1.0-8B,kazdiv,5,True,False,Кескіндердегі нысандарды анықтау үшін компьютерлік көру алгоритмдері қолданылады.,0.8523373603820801,True,1,614,644,1258,9.584880690000318,9.597324568999284,0.0,12,4,8,4,0,3,1,1,1,11641907925424022188,0.95,1,,
Experiment_1_Kazakh_Paraphrase_Generation_FINAL,eb6e620024e2ac03cafa159cd784fc330d4c4788ffac0355ca1c4f5429f9da55,92,news,kazllm,issai/LLama-3.1-KazLLM-1.0-8B,kazdiv,3,True,False,Қалалық инфрақұрылымды дамытуға қатысты қоғамдық кеңес мүшелері бірнеше ұсынысты қарастырды.,0.9854844808578491,True,1,626,804,1430,11.985272857999917,11.993136388000494,0.0,12,2,10,2,0,1,1,0,0,332714347213647589,0.95,1,,
Experiment_1_Kazakh_Paraphrase_Generation_FINAL,eb713e578dc352fbf6192726d99092adfa68c2e9e9e6b93272d5a76894fa4dd2,47,science,kazllm,issai/LLama-3.1-KazLLM-1.0-8B,kazdiv,5,True,False,Үлкен деректер жиынтығы бірнеше көрсеткіш бойынша күрделі құбылыстарды талдауға мүмкіндік береді.,0.9953290820121765,True,1,628,906,1534,13.503396562000034,13.506301482000254,0.0,13,3,10,3,0,3,0,0,0,10520875774993192420,0.95,1,,
Experiment_1_Kazakh_Paraphrase_Generation_FINAL,eb83b12bf575644dcf13ab06de51eb3730890d3dea05686c87cfd5853bab706f,82,news,llama,NousResearch/Meta-Llama-3.1-8B-Instruct,baseline,2,True,False,"Мектептерде жаңа білім беру орталығы ашылып, оқушыларға қосымша технологиялық курстар ұсыныла бастады.",0.9580174684524536,True,1,479,60,539,0.9071500530008052,0.9136960830001044,0.0,1,1,0,1,0,,,,,,,,,
Experiment_1_Kazakh_Paraphrase_Generation_FINAL,eb89906ddfe6b7c1f2b6dd3efc94145527fec285fac671b940de164f2a7d0c08,4,general,llama,NousResearch/Meta-Llama-3.1-8B-Instruct,kazdiv,5,True,False,"Тұрақты іс-әрекеттер адамның күндізге күн қалдырғандағы мақсаттарына жақындауына ықпал етеді, білім алу, еңбек ету және іс-әрекеттерді тұрақтандыру арқылы.",0.8022044897079468,True,1,598,1104,1702,16.459614721001344,16.47149055099908,0.0,12,12,0,3,9,3,0,2,10,13446981231570192260,0.95,1,,
Experiment_1_Kazakh_Paraphrase_Generation_FINAL,ebea89046f1f29e046f97122ed7cb5710c9a85aab575b1fe9962b3c889f9e013,93,news,kazllm,issai/LLama-3.1-KazLLM-1.0-8B,kazdiv,1,True,False,Жергілікті билік ауаның сапасын бақылау үшін қосымша өлшеу бекеттерін орнатуды жоспарлап отыр,0.9345319271087646,True,1,624,714,1338,10.639420475000406,10.647783375000472,0.0,12,6,6,6,0,1,5,0,5,15552387236964203311,0.95,1,,
Experiment_1_Kazakh_Paraphrase_Generation_FINAL,ec179746b7e8c7ee8ed01d330e3c85b90892d67a7abcd6a379fb476d1a7bad09,40,education,llama,NousResearch/Meta-Llama-3.1-8B-Instruct,baseline,2,True,False,Қайта жазылған сөйлем: Инклюзивті білім беру ортасы әр студенттің оқу үдерісінде тең қатысуына қолайлылық тудырады.,0.8947386741638184,True,1,479,73,552,1.0977619820005202,1.1041275719999248,0.0,1,1,0,1,0,,,,,,,,,
Experiment_1_Kazakh_Paraphrase_Generation_FINAL,ec630cbf674fb2b5126a309ebbbcd4c54b409488b0ae36ddf4356a5cc858fca4,60,science,llama,NousResearch/Meta-Llama-3.1-8B-Instruct,baseline,3,True,False,Зерттеу нәтижелерінің практикалық маңыздылығын түсіндіру статистикалық мәнділікті түсіндірумен шектелмеуі тиіс.,0.9706350564956665,True,1,485,71,556,1.0692367110004852,1.0755461009994178,0.0,1,1,0,1,0,,,,,,,,,
Experiment_1_Kazakh_Paraphrase_Generation_FINAL,ecb6ddb733a62b7c2ead9cfd1191ce462c8200b76e5898086b53e0c82fa7723e,30,education,kazllm,issai/LLama-3.1-KazLLM-1.0-8B,kazdiv,5,True,False,"Дәстүрлі оқыту әдістерінің шектеулері бар, ал цифрлық құралдарды дұрыс пайдалану оларды толықтыра алады.",0.8549262881278992,True,1,625,785,1410,11.697404817999995,11.706027188000007,0.0,12,4,8,2,2,2,0,1,2,4825429980288087355,0.95,1,,
Experiment_1_Kazakh_Paraphrase_Generation_FINAL,ecdff02968ca866ddbf9075c40e0348085dc920b133dd7812e54c67b65b87660,70,technology,kazllm,issai/LLama-3.1-KazLLM-1.0-8B,kazdiv,2,True,False,"Бағдарламаның өнімділігін оңтайландыру есептеу ресурстарын тиімді пайдалануға мүмкіндік береді, бұл оның тиімділігін арттыруға әкеледі.",0.9579054117202759,True,2,1238,1795,3033,26.73769321799955,26.74998516799951,0.0,12,9,3,9,0,2,7,1,5,9618839659308961713,0.95,2,,
Experiment_1_Kazakh_Paraphrase_Generation_FINAL,ed3c80a9c032f292641d63e3b4872e3cd0f5ce4cae2441e8f9a074d957eeb4b8,23,education,kazllm,issai/LLama-3.1-KazLLM-1.0-8B,kazdiv,2,True,False,Оқытушының жауап беруі студенттің қателері туралы хабардар болуына және нәтижесін жақсартуға көмектеседі.,0.9056401252746582,True,1,630,968,1598,14.42859427899998,14.437360499000079,0.0,13,3,10,3,0,2,1,0,0,5170807330726508667,0.95,1,,
Experiment_1_Kazakh_Paraphrase_Generation_FINAL,ed3d7b01f10bd7c5e38e5eb0187f1e61191d3e709e6e34d900ebaa06ec13bfc0,25,education,kazllm,issai/LLama-3.1-KazLLM-1.0-8B,baseline,3,True,False,Онлайн платформалар кез келген уақытта оқу материалдарына қол жеткізуге мүмкіндік береді.,0.9981492757797241,True,1,492,49,541,0.7446939969997857,0.7464892469999995,0.0,1,1,0,1,0,,,,,,,,,
Experiment_1_Kazakh_Paraphrase_Generation_FINAL,ed3f45078b4958912cb95d93935eb8f2f6d20bc966e0d0c7dd4d7a254e0bf9b8,84,news,llama,NousResearch/Meta-Llama-3.1-8B-Instruct,kazdiv,2,True,False,Жергілікті кәсіпкерлерге арналған жаңа қолдау бағдарламасының шарттары кездесуде ресми түрде таныстырылды.,0.9905851483345032,True,1,596,877,1473,13.056330843999604,13.069245254000634,0.0,13,13,0,13,0,4,9,3,8,4456159144431898168,0.95,1,,
Experiment_1_Kazakh_Paraphrase_Generation_FINAL,ed7e0d7bcf125dc390b91b39a744abe050d6086bcd63d0b0fed6e49571bff2ad,62,technology,kazllm,issai/LLama-3.1-KazLLM-1.0-8B,kazdiv,4,True,False,Оқыту деректерінің сапасы мен көлемі машиналық оқыту моделінің сапасына тікелей әсер етеді.,0.8608102798461914,True,1,618,723,1341,10.770560496999678,10.779560986999968,0.0,12,7,5,7,0,5,2,4,6,4247974722813599715,0.95,1,,
Experiment_1_Kazakh_Paraphrase_Generation_FINAL,ed82d1346a291c0e6b553b953910523472c7ed875330eb9b59e2aa4879aa5fca,65,technology,kazllm,issai/LLama-3.1-KazLLM-1.0-8B,baseline,3,True,False,Бағдарламалық қамтамасыз етуді мұқият сынау өнімдегі қателерді ерте анықтауға мүмкіндік береді.,0.902808666229248,True,1,505,69,574,1.038763599000049,1.0445976490000248,0.0,1,1,0,1,0,,,,,,,,,
Experiment_1_Kazakh_Paraphrase_Generation_FINAL,edb4a2aeabe257d4b315e107d9de57877c036853fa81e1decee8f0708212b0ee,82,news,llama,NousResearch/Meta-Llama-3.1-8B-Instruct,baseline,5,True,False,"Жаңа білім беру орталығы өңірде ашылып, оқушыларға қосымша технологиялық курс ұсынады.",0.943808913230896,True,1,479,56,535,0.8483525829997234,0.85497608300102,0.0,1,1,0,1,0,,,,,,,,,
Experiment_1_Kazakh_Paraphrase_Generation_FINAL,eddd4c83156cf49147847d20a4939099aef93f1b5ef1f84a2b1f56fbb6e2f282,96,news,kazllm,issai/LLama-3.1-KazLLM-1.0-8B,baseline,4,True,False,Кәсіпорын жаңа автоматтандырылған желіні іске қосу арқылы өндіріс тиімділігін арттыруды көздеп отыр.,1.0,False,1,507,64,571,0.9648539110003185,0.9665782210004181,0.0,1,1,0,0,1,,,,,,,,,
Experiment_1_Kazakh_Paraphrase_Generation_FINAL,ee00621c60812b2f4a8c329a22110a2625c269673f401b1e66b2b0178937ea05,77,technology,kazllm,issai/LLama-3.1-KazLLM-1.0-8B,kazdiv,4,True,False,Өндірістік ортаға енгізілгеннен кейін оның сапасын тұрақты түрде қадағалап отыру қажет,0.877872109413147,True,1,621,692,1313,10.30693295600031,10.315593426000305,0.0,13,5,8,5,0,1,4,0,0,18236571620014394045,0.95,1,,
Experiment_1_Kazakh_Paraphrase_Generation_FINAL,ee048e1b92d4631940233e3502f7fd42c8df17bd9f97d17b78fe616468c915e6,26,education,llama,NousResearch/Meta-Llama-3.1-8B-Instruct,kazdiv,2,True,False,Практикалық жобалар студенттерге білімін практикалық жағдайларда қолдануға мүмкіндік береді.,0.9442408084869385,True,1,594,1011,1605,15.052526438999848,15.065998738000417,0.0,12,12,0,12,0,7,5,0,0,14994778882226204869,0.95,1,,
Experiment_1_Kazakh_Paraphrase_Generation_FINAL,ee0ecc96d2b3d2fc25f966935ec79e53a311f4eebd2879665eb913165f9809a5,9,general,kazllm,issai/LLama-3.1-KazLLM-1.0-8B,kazdiv,1,True,False,"Адамның жаңа ортаға бейімделуі үшін уақыт, тәжірибе және ашық қарым-қатынас қажет.",0.9913674592971802,True,1,622,764,1386,11.380364345999624,11.388833816000442,0.0,12,4,8,3,1,1,2,0,0,1576055007159193869,0.95,1,,
Experiment_1_Kazakh_Paraphrase_Generation_FINAL,ee1963d338debe76dbf81468114b696585bcde04cbd6ecf032e948101534f327,50,science,kazllm,issai/LLama-3.1-KazLLM-1.0-8B,kazdiv,2,True,False,Тәжірибені бірнеше рет қайталау кездейсоқ ауытқулардың қорытындыға әсерін азайтады,0.9424232840538025,True,1,619,698,1317,10.396990633999849,10.403943293999873,0.0,12,1,11,1,0,1,0,0,0,3387893706743741184,0.95,1,,
Experiment_1_Kazakh_Paraphrase_Generation_FINAL,ee478691a1ec17a409d207cf831b6327a17ef5ed83f4ae274641bf7394739dfe,90,news,kazllm,issai/LLama-3.1-KazLLM-1.0-8B,baseline,4,True,False,Жаңа зертхана студенттер мен жас ғалымдарға тәжірибелік жобалар жүргізуге мүмкіндік береді.,1.0,False,1,498,55,553,0.83352283000022,0.835288560000663,0.0,1,1,0,0,1,,,,,,,,,
Experiment_1_Kazakh_Paraphrase_Generation_FINAL,ee533a4ed338084ac52dd91472193065d856bfc9a04c5e639c1b398876bb58e1,13,general,kazllm,issai/LLama-3.1-KazLLM-1.0-8B,kazdiv,5,True,False,Тапсырылған кері байланыс жұмыстың сапасын жақсартуға ықпал етеді.,0.9227145910263062,True,1,612,604,1216,8.988760548999835,9.0003430390002,0.0,12,3,9,3,0,3,0,0,0,8330355938255933999,0.95,1,,
Experiment_1_Kazakh_Paraphrase_Generation_FINAL,ee6c7e90e200a4ee3cf20b936d75b0c03086484655778f91b70e234538d76d7a,31,education,llama,NousResearch/Meta-Llama-3.1-8B-Instruct,baseline,5,True,False,Академиялық адалдық қағидаларын сақтау – білім нәтижелерінің сенімділігін қамтамасыз етеді.,0.9870054721832275,True,1,481,64,545,0.9649582599995483,0.9711360099990998,0.0,1,1,0,1,0,,,,,,,,,
Experiment_1_Kazakh_Paraphrase_Generation_FINAL,eea018c750e32fafc6c981c46bd45234b664954bb5220f3d3b17fa46c4af2e8a,58,science,kazllm,issai/LLama-3.1-KazLLM-1.0-8B,baseline,5,True,False,"Екі айнымалы арасындағы байланысты көрсетеді дегеннен гөрі, себеп-салдар қатынасын өздігінен дәлелдемейді.",0.9262259006500244,True,1,507,66,573,0.9938709990001371,0.9997692189999725,0.0,1,1,0,1,0,,,,,,,,,
Experiment_1_Kazakh_Paraphrase_Generation_FINAL,ef2263e6d4e47c70a8bcb7163ad4a36a44d29a421fbef1786b28e5749c63ce05,4,general,llama,NousResearch/Meta-Llama-3.1-8B-Instruct,kazdiv,3,True,False,Адамның ұзақ мерзімді мақсаттарына жақындауында тұрақты әдеттерді ұстану көп мәнге ие.,0.8845447301864624,True,1,598,802,1400,11.94187463399976,11.953844233999916,0.0,12,11,1,10,1,6,4,5,5,17349851210893992130,0.95,1,,
Experiment_1_Kazakh_Paraphrase_Generation_FINAL,ef2ed87c95e4a199266d140832c3488b385a5e09346db31c2b973302e0015d24,92,news,kazllm,issai/LLama-3.1-KazLLM-1.0-8B,kazdiv,2,True,False,Қоғамдық кеңес мүшелері қалалық инфрақұрылымды дамытуға қатысты бірнеше ұсынысты талқылады.,0.9940433502197266,True,1,626,977,1603,14.56494883799951,14.573894598000152,0.0,14,5,9,5,0,1,4,0,4,1847604307242322983,0.95,1,,
Experiment_1_Kazakh_Paraphrase_Generation_FINAL,ef2edf07d441c39d9393b80e5873e88b04c57149f0e7b7947b2b0670b58b545c,9,general,kazllm,issai/LLama-3.1-KazLLM-1.0-8B,baseline,4,True,False,"Адам жаңа ортаға бейімделу үшін уақыт, тәжірибе және ашық қарым-қатынас қажет.",0.9896202087402344,True,1,504,58,562,0.8769672499993248,0.8788682690001224,0.0,1,1,0,1,0,,,,,,,,,
Experiment_1_Kazakh_Paraphrase_Generation_FINAL,ef3d3fe6c27095dcf012411c5099a29efc92cd79bcefca826b9977a601959dee,91,news,llama,NousResearch/Meta-Llama-3.1-8B-Instruct,kazdiv,4,True,False,Білім беру мен өндірісте жасанды интеллектті қолдану мәселелеріне өңірлік форумда келісті.,0.9082486033439636,True,1,590,705,1295,10.487796098001127,10.499250557000778,0.0,12,12,0,12,0,2,10,1,3,3898530498213669769,0.95,1,,
Experiment_1_Kazakh_Paraphrase_Generation_FINAL,ef42d2c3669416603fc92666a8080cfe866f8eb6177a38e9c558165c409faf48,15,general,llama,NousResearch/Meta-Llama-3.1-8B-Instruct,baseline,1,True,False,Қаладағы жаяу жүргіншілерге қолайлы орта тұрғындардың белсенді өмір салтын қолдайды.,1.0,False,1,474,56,530,0.8479871519994049,0.8499023019994638,0.0,1,1,0,0,1,,,,,,,,,
Experiment_1_Kazakh_Paraphrase_Generation_FINAL,ef49c8245b02ab90b19c155692f7a658e6ca222ad2f9ae207ae64266c80a721c,36,education,kazllm,issai/LLama-3.1-KazLLM-1.0-8B,kazdiv,2,True,False,Оқу мақсаттары нақты белгіленген жағдайда оқу бағдарламасы мен бағалау әдістерін үйлестіру оңайырақ болады.,0.965427577495575,True,1,634,878,1512,13.076585370999965,13.084884221000266,0.0,12,3,9,3,0,1,2,0,0,14110195743815302866,0.95,1,,
Experiment_1_Kazakh_Paraphrase_Generation_FINAL,ef509f416891b22d082171cc38f980ae7b8bb878221911ab21f4ede3fc9d02f0,33,education,llama,NousResearch/Meta-Llama-3.1-8B-Instruct,kazdiv,2,True,False,Қысқа бақылау тапсырмалары оқу материалын жүйелі түрде қайталауға қосымша қызмет көрсетеді.,0.9335275888442993,True,1,591,878,1469,13.071281070000623,13.082579439000256,0.0,13,13,0,11,2,9,2,5,8,14590818583946968988,0.95,1,,
Experiment_1_Kazakh_Paraphrase_Generation_FINAL,ef59b608ebd9892e0e69ee93bca5471da2b981c2499b9656e2cc561fa14fb938,13,general,llama,NousResearch/Meta-Llama-3.1-8B-Instruct,baseline,5,True,False,Қайта жазылған сөйлем: Кері байланыс берілген уақытында жұмыстың сапасын жақсартады.,0.8754256963729858,True,1,469,55,524,0.8329689630008943,0.839199643000029,0.0,1,1,0,1,0,,,,,,,,,
Experiment_1_Kazakh_Paraphrase_Generation_FINAL,ef719c8d79c48d1e816eb6caa1cb069bfc294202eea85b426c4fdd46fdd4f663,12,general,llama,NousResearch/Meta-Llama-3.1-8B-Instruct,baseline,5,True,False,"Сөйлемді жаңа сөздермен қайта жазғанда: Адам көңіл күйін жақсартып, күнделікті күйзелісті төмендетуі мүмкін. Табиғат аясында демалу адамның көңіл күйін жақсартып, күнделікті күйзелісті төмендетуі мүмкін. Адамның көңіл күйін жақсартып, күнделікті күйзелісті төмендетуі мүмкін. Табиғат аясында демалу көңіл күйін жақсартып, күнделікті күйзелісті төмендетуі мүмкін. Адамның көңіл күйін жақсартып, демалу күнделікті күйзелісті төмендетуі мүмкін. Қоңыр күнде демалу адамның көңіл күйін жақсартып, күнделікті күйзелісті төмендетуі мүмкін. Адам күнделікті күйзелісті төмендетуі мүмкін. Табиғат аясында адамның көңіл күйін жақсартып, күнделікті күйзелісті төмендетуі мүмкін.",0.8959580659866333,False,1,484,469,953,6.954623891000665,6.962995251000393,0.0,1,1,0,0,1,,,,,,,,,
Experiment_1_Kazakh_Paraphrase_Generation_FINAL,ef72b0fa43935e351bb5d4a2f4c4496b45b2176c1245f6bcd3401fa0295e4355,61,technology,llama,NousResearch/Meta-Llama-3.1-8B-Instruct,baseline,4,True,False,Қайта жазылған сөйлем: Күрделі заңдылықтарды анықтауға жасанды интеллект үлкен көлемдегі деректерден күшті жаңалық береді.,0.8044742345809937,True,1,486,81,567,1.217487328000061,1.2237010879998707,0.0,1,1,0,1,0,,,,,,,,,
Experiment_1_Kazakh_Paraphrase_Generation_FINAL,efb42d72a9b6785d2ab4a74e51ba05ad5b64dc47b18faa01502129c78ac75e2e,28,education,llama,NousResearch/Meta-Llama-3.1-8B-Instruct,kazdiv,5,True,False,Санатты оқу жолы студенттің мүмкіндіктерін көрсетуге мүмкіндік береді.,0.7596914768218994,True,1,589,694,1283,10.324867548999464,10.335836129001109,0.0,13,13,0,10,3,7,3,0,0,5198726729366328955,0.95,1,,
Experiment_1_Kazakh_Paraphrase_Generation_FINAL,efdf916149f7f2b1f566bef2ff149e05efc3f573bfc48f595680eb74a771ae1a,11,general,llama,NousResearch/Meta-Llama-3.1-8B-Instruct,kazdiv,2,True,False,Қаржыны алдын ала жоспарлау қаражаттың жетіспеушілігінен қорқуға құмайтындығын анықтайды.,0.7991472482681274,True,1,583,992,1575,14.777587385000515,14.787688455000534,0.0,13,13,0,6,7,4,2,3,8,17278969532263449276,0.95,1,,
Experiment_1_Kazakh_Paraphrase_Generation_FINAL,efff95ad9b23b36d2373cf189a3f2b5548de4f62b855210d0f183b8da56dfd7a,2,general,kazllm,issai/LLama-3.1-KazLLM-1.0-8B,baseline,2,True,False,Адамдар маңызды шешім қабылдаған кезде өздерінің көздерінен алынған ақпаратты мұқият салыстыруы керек.,0.9403477907180786,True,1,492,67,559,1.0086529790000895,1.0143546490000972,0.0,1,1,0,1,0,,,,,,,,,
Experiment_1_Kazakh_Paraphrase_Generation_FINAL,f0059ccabd05b5658730427b784b1445e6f14793ee762ff1baac686f80fb5bdf,23,education,kazllm,issai/LLama-3.1-KazLLM-1.0-8B,baseline,1,True,False,Студенттің қателерін анықтауға және оларды жақсартуға көмектесетін оқытушының уақтылы кері байланысы.,0.893332839012146,True,1,512,72,584,1.0818480269999782,1.0888693770000373,0.0,1,1,0,1,0,,,,,,,,,
Experiment_1_Kazakh_Paraphrase_Generation_FINAL,f016cbbd177843b8e8b5c3edda7d5ef0215559a5917d3a2fa64a87dea4606d3b,77,technology,kazllm,issai/LLama-3.1-KazLLM-1.0-8B,baseline,2,True,False,Өндірістік ортаға моделді енгізгеннен кейін оның сапасын тұрақты түрде бақылау керек.,0.9759706854820251,True,1,503,54,557,0.8181439959998897,0.8239504059993124,0.0,1,1,0,1,0,,,,,,,,,
Experiment_1_Kazakh_Paraphrase_Generation_FINAL,f024176240eaf52bed1446e4511e2618f6bc8dbf85aa8c51b0d10c028fa8e850,41,science,kazllm,issai/LLama-3.1-KazLLM-1.0-8B,baseline,1,True,False,Зерттеу үдерістері нақты мәселені анықтаудан және тексерілетін зерттеу сұрағын тұжырымдаудан басталады.,0.9016354084014893,True,1,506,65,571,0.9795658860002732,0.9866450659997099,0.0,1,1,0,1,0,,,,,,,,,
Experiment_1_Kazakh_Paraphrase_Generation_FINAL,f04e576143afaa194c1d4ed07aa3f8deb1e616606d5d6a33c93253582fcfbb9a,92,news,kazllm,issai/LLama-3.1-KazLLM-1.0-8B,baseline,5,True,False,Қалалық инфрақұрылымды дамытуға қатысты өз ұсыныстарын қоғамдық кеңес мүшелері қарастырды.,0.9580109119415283,True,1,508,67,575,1.0085606979992008,1.0147924279999643,0.0,1,1,0,1,0,,,,,,,,,
Experiment_1_Kazakh_Paraphrase_Generation_FINAL,f0527954f17c56553b651c5bafc5973f7785c4adea0bc1bea6a6d9d7e295bb59,68,technology,kazllm,issai/LLama-3.1-KazLLM-1.0-8B,kazdiv,5,True,False,Өндіріс процесінде қайталанатын тапсырмаларды автоматтандыруға мүмкіндік беретін роботтық жүйелер бар.,0.8774554133415222,True,1,620,730,1350,10.871703462000369,10.88045871200029,0.0,12,4,8,4,0,1,3,0,0,900316348303085903,0.95,1,,
Experiment_1_Kazakh_Paraphrase_Generation_FINAL,f059889a36162d57657ddbc1f03fcdcb5afd915360c8817b605eb6f1bc6c1c81,11,general,llama,NousResearch/Meta-Llama-3.1-8B-Instruct,baseline,1,True,False,Қаржыны алдын ала жоспарлау қаржыны сақтауға көмектеседі.,0.8881663084030151,True,1,465,41,506,0.6270849539996561,0.6335424640001293,0.0,1,1,0,1,0,,,,,,,,,
Experiment_1_Kazakh_Paraphrase_Generation_FINAL,f121b305739955529ec6041a20bc5e909f44bb2c2600e83f3a2de150bd161de2,77,technology,kazllm,issai/LLama-3.1-KazLLM-1.0-8B,kazdiv,1,True,False,Модельді өндірістік ортаға енгізгеннен кейін оның сапасын үнемі қадағалап отыру керек.,0.9728479385375977,True,1,621,568,1189,8.453787675000058,8.462879414999406,0.0,12,7,5,7,0,1,6,0,0,13997193506243865759,0.95,1,,
Experiment_1_Kazakh_Paraphrase_Generation_FINAL,f138106d66f020d526a299ca371a48299e0254888035970b70f8f24b11ee1cbb,7,general,llama,NousResearch/Meta-Llama-3.1-8B-Instruct,kazdiv,1,True,False,Қозғалыс пен дұрыс тамақтану күнделікті өмірдің сапасына оң әсер етеді.,0.9657958149909973,True,1,589,617,1206,9.177151481000692,9.189273051000782,0.0,12,12,0,12,0,9,3,2,2,18096674379473746073,0.95,1,,
Experiment_1_Kazakh_Paraphrase_Generation_FINAL,f17c1d6a4fd5a441effaf030453f5cb4a9461ad9cae1a39b5594e9690d3b8351,92,news,kazllm,issai/LLama-3.1-KazLLM-1.0-8B,baseline,3,True,False,Қалалық инфрақұрылымды дамытуға қатысты қоғамдық кеңес мүшелері бірнеше ұсынысты қарастырды.,0.9854846000671387,True,1,508,65,573,0.9792989489997126,0.9850869879992388,0.0,1,1,0,1,0,,,,,,,,,
Experiment_1_Kazakh_Paraphrase_Generation_FINAL,f1aceb3fef4695559a394b86a7bc264204d2ffeb2c40897c0d5baf7bceb6f52c,35,education,llama,NousResearch/Meta-Llama-3.1-8B-Instruct,kazdiv,5,True,False,Біріккен білімді тапсырмаларды қазақ тілінде әр саладағы білімді біріктіруге мүмкіндік береді.,0.8046643733978271,True,1,604,1170,1774,17.446077664000768,17.460442964000322,0.0,13,12,1,12,0,5,7,1,1,1912687120462723632,0.95,1,,
Experiment_1_Kazakh_Paraphrase_Generation_FINAL,f233dd58ca78d916d66fe3122030a6d2d8ff856a21a91496c501f4b946afa9f5,96,news,kazllm,issai/LLama-3.1-KazLLM-1.0-8B,kazdiv,4,True,False,Компания жаңа автоматтандырылған желіні іске қосу арқылы өндіріс тиімділігін арттыруды көздеп отыр.,0.9794334173202515,True,1,625,742,1367,11.054959645000054,11.064330195000366,0.0,12,9,3,9,0,1,8,0,1,230871834679623872,0.95,1,,
Experiment_1_Kazakh_Paraphrase_Generation_FINAL,f2708fe21057e1299f4805239717b94d825e0243072f6e5fafe69a32eb6da8d5,78,technology,kazllm,issai/LLama-3.1-KazLLM-1.0-8B,baseline,3,True,False,Жүйенің резервтік көшірмелері техникалық ақау кезінде маңызды деректерді қалпына келтіруге мүмкіндік береді.,1.0,False,1,509,66,575,0.9946924850000869,0.9964311849998921,0.0,1,1,0,0,1,,,,,,,,,
Experiment_1_Kazakh_Paraphrase_Generation_FINAL,f278e5d0a3f7028d5fd704d09abc7cf5dc529936bc77c998ac500f1f07c585d9,36,education,llama,NousResearch/Meta-Llama-3.1-8B-Instruct,kazdiv,3,True,False,Оқу мақсаты белгілі болғанда оқыту оңайға айналады.,0.808599054813385,True,1,609,735,1344,10.941430081000362,10.95181544099978,0.0,13,13,0,13,0,11,2,10,12,7321777125556399358,0.95,1,,
Experiment_1_Kazakh_Paraphrase_Generation_FINAL,f2ddda6f45644266ba5304cf6f4ddcb1fea25de9e944d2271b72091330351140,98,news,llama,NousResearch/Meta-Llama-3.1-8B-Instruct,kazdiv,3,True,False,"Компаниялармен жаңа келісімдер жасасты, олар студенттердің өндірістік тәжірибесін күшейту үшін жоғары оқу орындарымен бірлесіп жұмыс істейді.",0.946241021156311,True,1,603,1001,1604,14.9273066629994,14.941599513000256,0.0,13,13,0,13,0,3,10,1,2,814875488910942629,0.95,1,,
Experiment_1_Kazakh_Paraphrase_Generation_FINAL,f2f3b0da9170597e1329d43c6b19120d3fdde15ed6199ea0b14a9f99b0e8b783,86,news,llama,NousResearch/Meta-Llama-3.1-8B-Instruct,baseline,1,True,False,"Жол қауіпсіздігін арттыру мақсатында әкімі кеңесіне жол қауіпсіздігін арттыру мақсатында бірнеше жаяу жүргінші өткелі жаңартылды. Сөйлемнің талаптарға сәйкес жаңа ақпаратсыз, жаңа сөздермен қоспай, бастапқы сөйлемнің негізгі мағынасын сақтай отырып, қайта жазылған сөйлем: Бірнеше жаяу жүргінші өткелі әкімі кеңесінің жол қауіпсіздігін арттыру мақсатында жаңартылды.",0.8051072359085083,False,1,474,255,729,3.7792515189994447,3.7866401490009594,0.0,1,1,0,0,1,,,,,,,,,
Experiment_1_Kazakh_Paraphrase_Generation_FINAL,f2f7a1698c9df355b6482faefbf3ec4c40b6b1d787dd1b465db71712848a7837,53,science,llama,NousResearch/Meta-Llama-3.1-8B-Instruct,baseline,3,True,False,Ғылыми жаңалық бұрынғы зерттеулермен салыстыру арқылы негізделіп көрсетілуі тиіс.,1.0,False,1,469,51,520,0.7739506640009495,0.7757462740009942,0.0,1,1,0,0,1,,,,,,,,,
Experiment_1_Kazakh_Paraphrase_Generation_FINAL,f2fb97a87158abea931196918c7ba9c802ac5a376ce55d82e9bae11736104360,57,science,llama,NousResearch/Meta-Llama-3.1-8B-Instruct,kazdiv,2,True,False,Ғылыми мақалаларда қолданылатын дереккөздердің дәлелі зерттеу тұжырымдарының дәлеліне жеткілікті деңгейде жеткізуі керек.,0.9425456523895264,True,1,596,977,1573,14.551087142001052,14.561120902000766,0.0,13,7,6,7,0,4,3,0,1,16233206909954815408,0.95,1,,
Experiment_1_Kazakh_Paraphrase_Generation_FINAL,f3101b0952c434ba4720714683fb25836ce6e82fa140311481893f16adc609ce,71,technology,kazllm,issai/LLama-3.1-KazLLM-1.0-8B,baseline,4,True,False,"Интернет заттары құрылғылар арасында деректерді автоматты түрде жинап, алмасуға мүмкіндік береді.",0.9894251227378845,True,1,499,56,555,0.8460737350005729,0.8478620050000245,0.0,1,1,0,1,0,,,,,,,,,
Experiment_1_Kazakh_Paraphrase_Generation_FINAL,f329c7154e4d9b79eaf759de91ed5d31d4930d45821ffd4d09c5a1c49fdbf1fc,40,education,kazllm,issai/LLama-3.1-KazLLM-1.0-8B,kazdiv,2,True,False,Әр студентке қатысу мүмкіндігі бірдей болатын білім беру ортасы құрылған.,0.7640277743339539,True,1,622,594,1216,8.845462717999908,8.856365508999716,0.0,12,9,3,7,2,5,2,1,1,12365557368012453943,0.95,1,,
Experiment_1_Kazakh_Paraphrase_Generation_FINAL,f32c1ef00e0715c7e1189cccb3b79a98fdbf307ab5c74f297065f3dc4c5ffee2,80,technology,llama,NousResearch/Meta-Llama-3.1-8B-Instruct,kazdiv,4,True,False,Модельді оқытуға жасанды деректердің нақты деректер шектеулілігінде ғана мүмкіндігін кеңейтеді.,0.8515368700027466,True,1,592,763,1355,11.364838068000608,11.376536187000966,0.0,13,5,8,5,0,5,0,1,1,17010173903306030945,0.95,1,,
Experiment_1_Kazakh_Paraphrase_Generation_FINAL,f3b9e2a1ac87ffb1a5701c59b4be2cb54e2ca5c25badc1309c56a3e1fe2541e4,78,technology,kazllm,issai/LLama-3.1-KazLLM-1.0-8B,baseline,1,True,False,Жүйенің резервтік көшірмелері техникалық ақау кезінде маңызды деректерді қалпына келтіруге мүмкіндік береді.,1.0,False,1,509,66,575,0.9943940749999456,1.0005713649998143,0.0,1,1,0,0,1,,,,,,,,,
Experiment_1_Kazakh_Paraphrase_Generation_FINAL,f3cc9b4aa5a42f5d00224f0545428f6f57a98c2215c4f35903fb6bbdff2cfa26,87,news,kazllm,issai/LLama-3.1-KazLLM-1.0-8B,kazdiv,5,True,False,Аймақта шағын және орта бизнесті қолдау үшін оқыту бағдарламасы іске қосылды.,0.9890819787979126,True,1,622,753,1375,11.208550187000583,11.217790077000245,0.0,12,9,3,9,0,1,8,0,8,591266085612962032,0.95,1,,
Experiment_1_Kazakh_Paraphrase_Generation_FINAL,f41590dc334e10eb0dcfc32485ee0ee8ec899b327d23b884d6a1c870c5aedf8a,75,technology,kazllm,issai/LLama-3.1-KazLLM-1.0-8B,baseline,1,True,False,Деректер базасын дұрыс жобалау ақпаратты сақтау мен іздеудің тиімділігін арттырады.,0.9976869225502014,True,1,489,49,538,0.7450434660004248,0.7519869059997291,0.0,1,1,0,1,0,,,,,,,,,
Experiment_1_Kazakh_Paraphrase_Generation_FINAL,f42818cb1c8d363513bc2894fa6d05bc1a12fa0971eb5aed3c5d09f963539225,70,technology,kazllm,issai/LLama-3.1-KazLLM-1.0-8B,baseline,2,True,False,Бағдарламаның өнімділігін оңтайландыру есептеу ресурстарын тиімді пайдалануға мүмкіндік береді.,1.0,False,1,501,58,559,0.8768763950001812,0.8785769249998339,0.0,1,1,0,0,1,,,,,,,,,
Experiment_1_Kazakh_Paraphrase_Generation_FINAL,f434eb761c22ddc5d8b1ce56bdf23cca4eb799311bea5db2102ba1466a77c80b,98,news,kazllm,issai/LLama-3.1-KazLLM-1.0-8B,kazdiv,3,True,False,Жоғары оқу орындары студенттердің өндірістік тәжірибесін арттыру үшін компаниялармен жаңа келісімдер жасады.,0.9956279993057251,True,1,628,827,1455,12.323876763999579,12.332939613000235,0.0,12,4,8,4,0,1,3,0,0,336691916254817907,0.95,1,,
Experiment_1_Kazakh_Paraphrase_Generation_FINAL,f48aa12c87e790786bc01ff50afc66d09ded5b97893eb23e5d00a9167e0b42a6,41,science,kazllm,issai/LLama-3.1-KazLLM-1.0-8B,baseline,5,True,False,"Ғылыми зерттеу нақты мәселені айқындап, тексерілетін зерттеу сұрағын қалыптастырудан басталады.",0.9666237831115723,True,1,506,58,564,0.8759904759999699,0.8817196760001025,0.0,1,1,0,1,0,,,,,,,,,
Experiment_1_Kazakh_Paraphrase_Generation_FINAL,f492a0f5bc78edd94c62af3f6730c0072a8ae231c047421c744350eb47149670,59,science,kazllm,issai/LLama-3.1-KazLLM-1.0-8B,kazdiv,5,True,False,Эксперименттік әсерді басқа факторлардан бөлу үшін пайдаланылатын бақылау тобы.,0.8429253697395325,True,1,612,564,1176,8.388180922000174,8.396790282000438,0.0,12,6,6,6,0,4,2,3,3,4768313053521792221,0.95,1,,
Experiment_1_Kazakh_Paraphrase_Generation_FINAL,f4c3d17789fd0acf4ca88df027a2a7047bb3154e3f8b786de1dd19753b7d12a1,40,education,llama,NousResearch/Meta-Llama-3.1-8B-Instruct,baseline,5,True,False,"Берілген қазақ тіліндегі сөйлемді мағынасын толық сақтай отырып, табиғи қазақ тілінде басқа сөздермен қайта жазыңыз. Талаптар: 1. Бастапқы сөйлемнің негізгі мағынасын толық сақтаңыз. 2. Жаңа ақпарат қоспаңыз. 3. Бастапқы ақпаратты алып тастамаңыз. 4. Сөйлемді жай ғана сөздердің орнын ауыстыру арқылы өзгертпеңіз. 5. Лексикалық немесе синтаксистік тұрғыдан табиғи қайта тұжырымдауды қолданыңыз. 6. Қазақ тілінің грамматикалық және орфографиялық нормаларын сақтаңыз. 7. Тек бір қайта жазылған сөйлемді қайтарыңыз. 8. Түсіндірме, нөмірлеу, ескерту немесе қосымша мәтін қоспаңыз. Бастапқы сөйлем: Инклюзивті білім беру ортасы әр студенттің оқу үдерісіне тең дәрежеде қатысуына жағдай жасайды. Сөйлемді қайта жазу: Білім беру ортасы әр студенттің оқу ісінде тең үлесін алуына жағдай жасайды.",0.5761129260063171,False,1,479,526,1005,7.799448843999926,7.8070470040001965,0.0,1,1,0,0,1,,,,,,,,,
Experiment_1_Kazakh_Paraphrase_Generation_FINAL,f4db48d5735b61424452438a51b51b8294269df20c6cbe7ab1602d3c20a90498,10,general,kazllm,issai/LLama-3.1-KazLLM-1.0-8B,baseline,3,True,False,Отбасындағы ынтымақтастық қиын жағдайларды бірге жеңуге көмектеседі.,0.9426498413085938,True,1,496,51,547,0.7730694460000223,0.7787460859999555,0.0,1,1,0,1,0,,,,,,,,,
Experiment_1_Kazakh_Paraphrase_Generation_FINAL,f4e2a46b117492c417ba6cb535de3cb8896d12291331d668e621de375b521887,8,general,llama,NousResearch/Meta-Llama-3.1-8B-Instruct,baseline,3,True,False,Қоғамдық орындарда ережелерді сақтау - басқа адамдарға құрмет көрсетудің бір түрі болып саналады.,0.9747860431671143,True,1,490,69,559,1.0389515620008751,1.0456118620004418,0.0,1,1,0,1,0,,,,,,,,,
Experiment_1_Kazakh_Paraphrase_Generation_FINAL,f4f024ae41d1d8a7df82a082a4736b7281233a984da2d14e9bb7e44f0ad90eb8,25,education,llama,NousResearch/Meta-Llama-3.1-8B-Instruct,baseline,1,True,False,Қайта жазылу: Онлайн платформалар оқуға қол жеткізуге мүмкіндік береді.,0.7761896848678589,True,1,467,45,512,0.6855856219990528,0.6919148819997645,0.0,1,1,0,1,0,,,,,,,,,
Experiment_1_Kazakh_Paraphrase_Generation_FINAL,f4f883bff9499a97c60b4252e0c64532646826e4d83bc0bff0e7b68f50786c41,74,technology,llama,NousResearch/Meta-Llama-3.1-8B-Instruct,kazdiv,1,True,False,Ақпараттық жүйелер арасында әртүрлі ақпарат алмасуды бағдарламалық интерфейстер іске қосады.,0.8284767866134644,True,1,608,770,1378,11.463153008000518,11.472786337999423,0.0,12,12,0,12,0,12,0,9,9,54373874043729824,0.95,1,,
Experiment_1_Kazakh_Paraphrase_Generation_FINAL,f4fe5ffec56146bbe05350455578e6dc69865c8e0b814ddfa14451ece60921d8,39,education,llama,NousResearch/Meta-Llama-3.1-8B-Instruct,kazdiv,5,True,False,Оқу барысында қойылатын ашық сұрақтар студенттердің оқыған мәліметтерді сынап шығуға қабілетін дамытады.,0.9325392246246338,True,1,599,936,1535,13.943120309000733,13.953798438999002,0.0,13,11,2,11,0,5,6,0,4,3835760830156935967,0.95,1,,
Experiment_1_Kazakh_Paraphrase_Generation_FINAL,f50b77a68909236490ee009c7b2015a18eec6709e4cd14fb566ce574dc8b77cb,74,technology,kazllm,issai/LLama-3.1-KazLLM-1.0-8B,baseline,4,True,False,Бағдарламалық интерфейстер әртүрлі ақпараттық жүйелер арасында автоматты дерек алмасуды ұйымдастыруға көмектеседі.,1.0,False,1,515,72,587,1.0893833740001355,1.091085994000423,0.0,1,1,0,0,1,,,,,,,,,
Experiment_1_Kazakh_Paraphrase_Generation_FINAL,f5216739bf95f2b79ef622f08b4b9a43a7f48ffb2988bd4ebc7ec09820cdbbdf,39,education,llama,NousResearch/Meta-Llama-3.1-8B-Instruct,kazdiv,2,True,False,Оқу барысында қойылатын ашық сұрақтардың көптігі студенттердің өзін-өзі ойлауға және дәлелді жауап құрастыруға шығынады.,0.8074750900268555,True,1,599,1139,1738,16.9849568869995,16.99629990700123,0.0,13,13,0,13,0,6,7,2,2,9763990348709674345,0.95,1,,
Experiment_1_Kazakh_Paraphrase_Generation_FINAL,f52bbced9f3651bf939726d7a5922753ae849590dd94b9bfe3f32ac1d05f03b5,92,news,kazllm,issai/LLama-3.1-KazLLM-1.0-8B,kazdiv,5,True,False,Қоғамдық кеңес мүшелері қаланың инфрақұрылымын дамытуға қатысты бірнеше ұсынысты қарастырды.,0.9903053045272827,True,1,626,808,1434,12.038105357999484,12.045938238000417,0.0,12,4,8,3,1,1,2,0,1,29768716940288701,0.95,1,,
Experiment_1_Kazakh_Paraphrase_Generation_FINAL,f5337b53c57eac5c75db1c486b05c162a765ef4ed2271e1d9cf79c032a70cd1c,46,science,llama,NousResearch/Meta-Llama-3.1-8B-Instruct,baseline,1,True,False,Әдебиеттерге жүйелі шолу белгілі бір саладағы негізгі бағыттар мен зерттеу олқылықтарын анықтауға көмектеседі. Түсінік: Ақпараттың өзара байланысындағы олқылықтарын анықтау.,0.8976956605911255,True,1,488,118,606,1.7600306670010468,1.7667061170013767,0.0,1,1,0,1,0,,,,,,,,,
Experiment_1_Kazakh_Paraphrase_Generation_FINAL,f54a1fa066087b7ff942464971838140f581d94c985fc8e7473c9e556b56af5b,26,education,llama,NousResearch/Meta-Llama-3.1-8B-Instruct,baseline,2,True,False,Сөйлемді жаңа сөздермен қайта жазу: Практикалық жобалар студенттерге алған білімін нақты өзекті мәселелерді шешуде пайдалануға жағдай жасайды.,0.8539618849754333,True,1,476,88,564,1.318231614999604,1.3244427449990326,0.0,1,1,0,1,0,,,,,,,,,
Experiment_1_Kazakh_Paraphrase_Generation_FINAL,f54f6e550423e76a53ec8db49dd9a3dc2a073e4cd4ae30f1b94b12c24b0b1660,15,general,kazllm,issai/LLama-3.1-KazLLM-1.0-8B,kazdiv,5,True,False,Қаладағы тұрғындар қаладағы жаяу жүргіншілерге қолайлы орта белсенді өмір салтын қолдайды,0.9337777495384216,True,1,617,811,1428,12.07531248500004,12.082919044999926,0.0,13,2,11,2,0,1,1,0,1,9305195299309646941,0.95,1,,
Experiment_1_Kazakh_Paraphrase_Generation_FINAL,f54fcf5a0cae638198e51e321f5ae23f378bc072d52d09c64c57fff9655a8322,1,general,llama,NousResearch/Meta-Llama-3.1-8B-Instruct,baseline,5,True,False,Талаптарды сақтай отырып жаңа сөйлем: Күнделікті өмірде дұрыс жоспарлау кезінде уақытты қиындықсыз пайдалануға көмектеседі.,0.7624568343162537,True,1,468,87,555,1.3039169490002678,1.31012058899978,0.0,1,1,0,1,0,,,,,,,,,
Experiment_1_Kazakh_Paraphrase_Generation_FINAL,f559733f3997107e2550d7e930d0f40e5655578d5a4f64989a5b2ad460be6ab9,43,science,llama,NousResearch/Meta-Llama-3.1-8B-Instruct,baseline,3,True,False,"Қолданылған әдістердің сипаты толық сипатталғанда, басқа ғалымдар нәтижелерді қайта көрінісінде тексере алады.",0.9596811532974243,True,1,477,71,548,1.0685442020003393,1.0749521119996643,0.0,1,1,0,1,0,,,,,,,,,
Experiment_1_Kazakh_Paraphrase_Generation_FINAL,f56f18c5c03c2c538a5e5fbf595b9c05eaf016cf95afe0a54e46b0adbb8d0dbb,97,news,llama,NousResearch/Meta-Llama-3.1-8B-Instruct,baseline,4,True,False,Жаңа қалдықтарды сұрыптау мәдениетін дамытуға мамандар ықпал етеді деп есептейді.,0.9111543297767639,True,1,482,56,538,0.8483487339999556,0.8546679840001161,0.0,1,1,0,1,0,,,,,,,,,
Experiment_1_Kazakh_Paraphrase_Generation_FINAL,f596df2ca597a4095a66fabac7bbcc044cac60e5ea33c2d70fc94c4b609f1efe,87,news,kazllm,issai/LLama-3.1-KazLLM-1.0-8B,kazdiv,4,True,False,Аймақта шағын және орта бизнесті қолдауға арналған оқыту бағдарламасы іске қосылды.,0.9952698945999146,True,2,1244,1946,3190,28.995300847999715,29.005469427999742,0.0,12,3,9,2,1,1,1,0,2,3043056808654933797,0.95,2,,
Experiment_1_Kazakh_Paraphrase_Generation_FINAL,f5f634cc87e2209875bb48f018096ea0c1ca6c631804c5ab5807ea1974b95a13,95,news,llama,NousResearch/Meta-Llama-3.1-8B-Instruct,kazdiv,5,True,False,Қалада жас түрмұрттарға арналған цифрлық дағдылар курстарында қалалық кітапханаларда төлгі ашылған.,0.8785338401794434,True,1,594,870,1464,12.965741898999113,12.97742359699987,0.0,12,12,0,12,0,4,8,3,4,14395806978209889301,0.95,1,,
Experiment_1_Kazakh_Paraphrase_Generation_FINAL,f613bdf17f934156db3cb498a131ee480fbfaa4d9d6566fd732b4c8b7763658a,50,science,kazllm,issai/LLama-3.1-KazLLM-1.0-8B,baseline,4,True,False,Бірнеше рет жаттығу жасау кездейсоқ ауытқулардың қорытындыға әсерін азайтады.,0.9112461805343628,True,1,501,54,555,0.8185385100000531,0.824463829999786,0.0,1,1,0,1,0,,,,,,,,,
Experiment_1_Kazakh_Paraphrase_Generation_FINAL,f65a864bde894b56ecd4d5b58b3ed45b29672296b78ceb5ce7ee0a8e0635761a,11,general,kazllm,issai/LLama-3.1-KazLLM-1.0-8B,kazdiv,5,True,False,Қаржыны алдын ала жоспарлау қажетсіз шығындарды азайтуға ықпал етеді,0.9153468012809753,True,1,608,488,1096,7.254840990999924,7.262768140000048,0.0,12,3,9,2,1,1,1,0,1,846615625935412172,0.95,1,,
Experiment_1_Kazakh_Paraphrase_Generation_FINAL,f662b399a897fa3e71dc2c748c2ae1e50c12b39f31bd1d362f853f441472c742,75,technology,llama,NousResearch/Meta-Llama-3.1-8B-Instruct,kazdiv,1,True,False,Деректер базасын жобалау ақпаратты сақтау мен іздеу жөніндегі қызметті жоғары деңгейге көтеруде дұрыс жобалау үлкен рөл атқарады.,0.882099986076355,True,1,582,837,1419,12.45616985900051,12.469755619000352,0.0,12,12,0,12,0,3,9,2,11,10481702514006219158,0.95,1,,
Experiment_1_Kazakh_Paraphrase_Generation_FINAL,f662ea1004c790eff6cd6218b0d0df964ff89e1a3bcbfe04ac1a214cb6748f26,21,education,llama,NousResearch/Meta-Llama-3.1-8B-Instruct,baseline,1,True,False,"Бастапқы сөйлем: Заманауи білім беру жүйесі студенттердің теориялық білімін практикалық дағдылармен ұштастыруға бағытталады. Жаңа ақпарат қоспаған, өзгеріссіз сақтаған сөйлем: Білім беру жүйесі теориялық білімді практикалық дағдылармен ұштастыруға бағытталады.",0.8237369060516357,False,1,480,166,646,2.468527148999783,2.4751042290008627,0.0,1,1,0,0,1,,,,,,,,,
Experiment_1_Kazakh_Paraphrase_Generation_FINAL,f6b38f92be56386eb29416f0442d118d5da2ca998412f67b4516ad45f7dbdcd9,66,technology,llama,NousResearch/Meta-Llama-3.1-8B-Instruct,baseline,5,True,False,"Талаптарды орындағаннан кейін, жаңа сөйлем: Пайдаланушының сервисті өйткені оның интерфейсі ыңғайлы.",0.6682121157646179,False,1,478,67,545,1.0102718799989816,1.0165176699993026,0.0,1,1,0,0,1,,,,,,,,,
Experiment_1_Kazakh_Paraphrase_Generation_FINAL,f6f18d65ffff7c9beba6662871d92248b4e7a212c238e56a25958f15b21cbe64,40,education,llama,NousResearch/Meta-Llama-3.1-8B-Instruct,kazdiv,5,True,False,Білім беру ортасы әр студенттің оқу үдерісінде тең қатысуына қолайлы жағдай жасайды.,0.9110550880432129,True,1,597,771,1368,11.475183726999603,11.48655806700117,0.0,13,11,2,11,0,1,10,0,8,9148480235830465952,0.95,1,,
Experiment_1_Kazakh_Paraphrase_Generation_FINAL,f74acca6eceba69d1274bb45abf6a9f072db2d18bace93685e944388155f8538,75,technology,kazllm,issai/LLama-3.1-KazLLM-1.0-8B,baseline,3,True,False,Деректер базасын дұрыс жобалау ақпаратты сақтау мен іздеудің тиімділігін арттырады.,0.9976869225502014,True,1,489,49,538,0.7448159860005035,0.74645230599981,0.0,1,1,0,1,0,,,,,,,,,
Experiment_1_Kazakh_Paraphrase_Generation_FINAL,f79050b2ce823f0c91b3c8e2f3672871177ebbb58641f50433289ce74b69ced1,71,technology,llama,NousResearch/Meta-Llama-3.1-8B-Instruct,baseline,3,True,False,"Бірінші тапсырма: Интернет құралдары құрылғылар арасында деректерді түсіп, алмасуға мүмкіндік береді.",0.7646629214286804,True,1,474,65,539,0.9807542809994629,0.9870971710006415,0.0,1,1,0,1,0,,,,,,,,,
Experiment_1_Kazakh_Paraphrase_Generation_FINAL,f7f0cd247818884fd1b6e710e4b11e262de60f10aa0b5cd0da480b4dabb8ef4a,73,technology,kazllm,issai/LLama-3.1-KazLLM-1.0-8B,baseline,5,True,False,"Үлкен тілдік модельдер мәтінді талдауды, құрастыруды және ақпаратты өңдеуді қамтитын тапсырмаларда кеңінен қолданылады.",0.9826151132583618,True,1,510,78,588,1.1717761139998402,1.1780208039999707,0.0,1,1,0,1,0,,,,,,,,,
Experiment_1_Kazakh_Paraphrase_Generation_FINAL,f7f9bfd728ee23c21fa7a6a9aa99b4d20c45cded5e0ba21edad87076f5e4f060,12,general,kazllm,issai/LLama-3.1-KazLLM-1.0-8B,baseline,1,True,False,"Табиғатта демалу адамның көңіл күйін жақсартып, күнделікті күйзелісті төмендетуі мүмкін.",0.9875110983848572,True,1,509,62,571,0.9350220950000221,0.9411155549998966,0.0,1,1,0,1,0,,,,,,,,,
Experiment_1_Kazakh_Paraphrase_Generation_FINAL,f814927014cb7f7fe887ba509b97ffbafd03f9bb45100e124927ac33b5521fa4,79,technology,llama,NousResearch/Meta-Llama-3.1-8B-Instruct,baseline,5,True,False,"Бастапқы сөйлемді толық сақтай отырып, сөйлемді жаңа ақпарат қоспастан жаңа сөздермен қайта жазу: Құрылғылардың әртүрлі қызметін пайдаланушылардың қолжетімді сервистер пайдаланғанда қызмет алуына жағдай жасайды.",0.6213180422782898,False,1,491,144,635,2.1435009130000253,2.1502993230005814,0.0,1,1,0,0,1,,,,,,,,,
Experiment_1_Kazakh_Paraphrase_Generation_FINAL,f82abe3def433782e27d96b007e7fd80f5bfcf99a9cf697e778b32c383298e91,19,general,kazllm,issai/LLama-3.1-KazLLM-1.0-8B,baseline,1,True,False,Жергілікті мәдени мұраларды сақтау арқылы қоғамның тарихи мұрасы болашақ ұрпаққа жетеді.,0.9162337779998779,True,1,506,64,570,0.9640046080000957,0.9703275679999024,0.0,1,1,0,1,0,,,,,,,,,
Experiment_1_Kazakh_Paraphrase_Generation_FINAL,f8328c844f572f9678b592932b19eadb7fcbbf2702325c330d5b41a340882980,55,science,kazllm,issai/LLama-3.1-KazLLM-1.0-8B,baseline,1,True,False,"Зерттеушілер әдісті таңдағанда, оның артықшылықтарымен қатар, шектеулерін де ескеруі тиіс.",0.9903863072395325,True,1,498,55,553,0.8331784709998828,0.8403425209999114,0.0,1,1,0,1,0,,,,,,,,,
Experiment_1_Kazakh_Paraphrase_Generation_FINAL,f83930093fdc7d8bf29bdfd78830430d9e0e82ec27cff875cb40de8d87c324a9,49,science,kazllm,issai/LLama-3.1-KazLLM-1.0-8B,kazdiv,2,True,False,Ғылыми модель нақты құбылыстың маңызды қасиеттерін қысқаша сипаттауға арналған.,0.947117805480957,True,1,619,679,1298,10.112092414000017,10.120548714000051,0.0,13,4,9,4,0,2,2,0,0,13803683110779629755,0.95,1,,
Experiment_1_Kazakh_Paraphrase_Generation_FINAL,f86284ff7783cf0b22fbb44f56b785e7ef2c982d0b7cd6b952795a202e22e203,83,news,kazllm,issai/LLama-3.1-KazLLM-1.0-8B,kazdiv,2,True,False,Алдағы маусымда мамандар су ресурстарын үнемді пайдалану қажеттілігіне назар аударды,0.9269148111343384,True,1,604,619,1223,9.21264610199978,9.22146172199973,0.0,13,6,7,5,1,1,4,0,4,11466161354815888018,0.95,1,,
Experiment_1_Kazakh_Paraphrase_Generation_FINAL,f86d6a34623a26c2b1735cb15f56e06288a905277e331bf66d6b818f5667ce8c,6,general,llama,NousResearch/Meta-Llama-3.1-8B-Instruct,kazdiv,2,True,False,"Оқу кәсіпі, адамның сөздік қорын кеңейтіп, ойлау қабілетін жетілдіріп тұрады.",0.8492477536201477,True,1,592,705,1297,10.492219534999094,10.502000225000302,0.0,13,13,0,13,0,5,8,1,4,3902133565761005844,0.95,1,,
Experiment_1_Kazakh_Paraphrase_Generation_FINAL,f8c69f5e5897f2046019b78e47292980077d3c287f75a22e95b39506aec2a412,17,general,kazllm,issai/LLama-3.1-KazLLM-1.0-8B,kazdiv,1,True,False,Жұмыс пен демалыс арасындағы тепе-теңдікті сақтау үшін күн тәртібін сақтау маңызды.,0.9183462858200073,True,1,624,757,1381,11.267970049000041,11.276616398999977,0.0,12,4,8,4,0,2,2,0,0,5660946847345880026,0.95,1,,
Experiment_1_Kazakh_Paraphrase_Generation_FINAL,f8d5c318cc951e55754d2eb1d25037f14d5273dde78d384cd6d609c5dcd41e65,22,education,llama,NousResearch/Meta-Llama-3.1-8B-Instruct,baseline,1,True,False,Сабақ барысында белсенді тапсырмаларды қолдану студенттердің оқу материалына қызығушылығын арттырады. Талаптарды сақтай отырып жаңа сөйлем: Оқу материалына қызығушылығын арттыратын белсенді тапсырмаларды сабақ барысында қолдану керек.,0.8654090166091919,False,1,477,140,617,2.0857533369999146,2.0923949770003674,0.0,1,1,0,0,1,,,,,,,,,
Experiment_1_Kazakh_Paraphrase_Generation_FINAL,f92f6fa1d1cde17eef384a87c90bd0132844af824d7f002f7d171dc04f59bdc3,24,education,llama,NousResearch/Meta-Llama-3.1-8B-Instruct,baseline,3,True,False,Қайта жазылған сөйлем: Топтық жұмыс студенттердің бірлесіп шешім қабылдау және пікір алмасу дағдыларын дамытуға көмектеседі.,0.9250613451004028,True,1,474,82,556,1.2308704269998998,1.237188156999764,0.0,1,1,0,1,0,,,,,,,,,
Experiment_1_Kazakh_Paraphrase_Generation_FINAL,f98d55d1ada27b4cb740ecb47cde196edd72eba256e2d3d9d86009e93cbe2fd3,14,general,llama,NousResearch/Meta-Llama-3.1-8B-Instruct,kazdiv,3,True,False,Әртүрлі көзқарастардың көзімен көзге түсіну көңілдің түсінігін толықтай түсінуге мүмкіндік береді.,0.7906674146652222,True,2,1182,1825,3007,27.186615900001925,27.20498016000056,0.0,13,9,4,1,8,1,0,0,5,10977432875621286156,0.95,2,,
Experiment_1_Kazakh_Paraphrase_Generation_FINAL,f9bb42fdc6a133cb8135ca22bcbcdc2e554e55c59cb4b433dbf255a2b5b68866,8,general,llama,NousResearch/Meta-Llama-3.1-8B-Instruct,baseline,5,True,False,"Басқа адамдарға құрмет көрсетудің бір түрі - ортақ ережелерді сақтау дегенді қазақ тіліне аударғанда мынадай сөйлемді және сөйлемдердің өзара байланысын сақтап шығамыз. Қоғамдық орындарда ортақ ережелерді сақтау басқа адамдарға құрмет көрсетудің бір түрі болып саналады. Қоғамдық орындарда басқа адамдарға құрмет көрсету бірнеше түрлі әдіспен жүзеге асырылатындығынан, оның бір түрі - ортақ ережелерді сақтау дегенді білдіретін сөйлемді жасағанда, оның бастылығын сақтап, басқа мағыналарды қоса қоймағанымыз. Сонымен, бастапқы сөйлемді білдіретін жаңа сөйлем мына түрде жазылған. Қоғамдық орындарда ортақ ережелерді сақтау басқа адамдарға құрмет көрсетудің бір түрі болып саналады.",0.8635300397872925,False,1,490,469,959,6.955401623999933,6.962933654000153,0.0,1,1,0,0,1,,,,,,,,,
Experiment_1_Kazakh_Paraphrase_Generation_FINAL,f9bff31d4934bb57a8f073a7ca915aaa66e917f97c6c190b0cdadcaca2895363,86,news,llama,NousResearch/Meta-Llama-3.1-8B-Instruct,baseline,3,True,False,Қалада жол қауіпсіздігін арттыру мақсатында бірнеше жаяу жүргінші өткелі жаңартылды. Қаладағы жол қауіпсіздігін арттыру мақсатында жаяу жүргінші өткелдерді жаңартты.,0.9414430856704712,True,1,474,110,584,1.6432557770003768,1.650384907001353,0.0,1,1,0,1,0,,,,,,,,,
Experiment_1_Kazakh_Paraphrase_Generation_FINAL,f9dbbe5901d39b1559ea6e38f865c3cf69af134c47f8fec33eaef54c1c47a90b,75,technology,llama,NousResearch/Meta-Llama-3.1-8B-Instruct,baseline,1,True,False,Әдістемелік мақалаларда көрініс тапқан деректер базасының дұрыс жобалауы ақпаратты сақтау мен іздеу мұқтаждықтарын өте тиімді түрде қанағаттандырады.,0.8078197240829468,True,1,464,98,562,1.4660444080000161,1.4737736180013599,0.0,1,1,0,1,0,,,,,,,,,
Experiment_1_Kazakh_Paraphrase_Generation_FINAL,f9ddd6d8b01b06d2d1076821b21d6c64da458935cdef8f9dfbf43e52d337bfca,89,news,kazllm,issai/LLama-3.1-KazLLM-1.0-8B,kazdiv,4,True,False,Еңбек нарығында деректерді талдау дағдыларына сұраныс өсіп келе жатқанын сарапшылар атап өтті.,0.9901219606399536,True,2,1244,1522,2766,22.67660540399902,22.688403692000065,0.0,12,5,7,4,1,2,2,0,3,10608150571251934582,0.95,2,,
Experiment_1_Kazakh_Paraphrase_Generation_FINAL,f9e95606f0d0f458fc71f9727ef60a4db8d0da4ded142a8bae69140f196c218a,97,news,kazllm,issai/LLama-3.1-KazLLM-1.0-8B,baseline,3,True,False,Білікті мамандар жаңа экологиялық жобаны қалдықтарды сұрыптау мәдениетін көтеруге әсер етеді деп санайды.,0.9367986917495728,True,1,507,63,570,0.9500055409998822,0.9561465409997254,0.0,1,1,0,1,0,,,,,,,,,
Experiment_1_Kazakh_Paraphrase_Generation_FINAL,fa2b8b75475b3e7f15e3d3a2ac2937c31502185e6df406975b69e5704aaa6103,10,general,kazllm,issai/LLama-3.1-KazLLM-1.0-8B,baseline,2,True,False,Отбасындағы өзара қолдау қиын кезеңдерді бірлесе жеңуге мүмкіндік береді.,0.9568127393722534,True,1,496,52,548,0.7884685619999345,0.7945565320000014,0.0,1,1,0,1,0,,,,,,,,,
Experiment_1_Kazakh_Paraphrase_Generation_FINAL,fa50838c03b344d7e648266e9d312ff5dd9b0692497801e9c79ff5f8d77cd19b,75,technology,kazllm,issai/LLama-3.1-KazLLM-1.0-8B,baseline,2,True,False,Деректер базасын тиімді жобалау ақпаратты сақтау мен іздеуді жақсартады.,0.9415778517723083,True,1,489,42,531,0.6416882370003805,0.64761211700079,0.0,1,1,0,1,0,,,,,,,,,
Experiment_1_Kazakh_Paraphrase_Generation_FINAL,fa6bb0fdd21779fe1dc5abbfcba3483d936e7d25a973fad2074ce746bf6f6699,96,news,llama,NousResearch/Meta-Llama-3.1-8B-Instruct,kazdiv,5,True,False,Кәсіпорын өндірісінде автоматтандыруды іске қосудың мақсатында жаңа технологияны іске қосып отыр.,0.8614611625671387,True,1,600,649,1249,9.658925144000023,9.672187723999741,0.0,12,9,3,6,3,5,1,1,2,15325041961656019972,0.95,1,,
Experiment_1_Kazakh_Paraphrase_Generation_FINAL,fa7e5dfb3ddae6fc5e813f4c6d133608b1477ead3da3b49d232118aa19353d4b,71,technology,kazllm,issai/LLama-3.1-KazLLM-1.0-8B,kazdiv,3,True,False,Интернет заттары құрылғылар арасында деректерді автоматты түрде жинауға және алмасуға мүмкіндік береді.,0.9682967662811279,True,1,617,766,1383,11.406260560000192,11.409390440000607,0.0,12,1,11,1,0,1,0,0,0,6039990378805220146,0.95,1,,
Experiment_1_Kazakh_Paraphrase_Generation_FINAL,fab8c18e98ee85c3d1233182f48b640403602380651b485bf6a687f3a353f798,100,news,llama,NousResearch/Meta-Llama-3.1-8B-Instruct,baseline,3,True,False,Қоғамдық кеңістіктерді жаңарту жұмыстары аудандарға кеңейтіледі.,0.8911883234977722,True,1,488,47,535,0.7147225739990972,0.7208851039995352,0.0,1,1,0,1,0,,,,,,,,,
Experiment_1_Kazakh_Paraphrase_Generation_FINAL,fb0c96d27e04ccc0a17ac3e8a31415000a7473822fbe381529d90b1cf30a24fe,42,science,llama,NousResearch/Meta-Llama-3.1-8B-Instruct,kazdiv,3,True,False,Деректерді жинау әдісінің дұрыстығы эксперимент нәтижелерінің сенімділігіне әсері бар.,0.8795390725135803,True,1,592,817,1409,12.160403801999564,12.172317222000856,0.0,13,12,1,12,0,6,6,2,2,17994903190817261082,0.95,1,,
Experiment_1_Kazakh_Paraphrase_Generation_FINAL,fb142ec25239314aa2f0c803d53125b80a8f8647a77e8e90d2c8091b484ad815,3,general,kazllm,issai/LLama-3.1-KazLLM-1.0-8B,baseline,3,True,False,Адамдар арасындағы сенім қоғамда байланысты нығайтуға ықпал етеді.,0.9736086130142212,True,1,499,48,547,0.728653585000302,0.7342518549999113,0.0,1,1,0,1,0,,,,,,,,,
Experiment_1_Kazakh_Paraphrase_Generation_FINAL,fb18e292131b95c90a638a0ef377a93ec6f5538eeb2666ba5c0cbb1c1d21b039,66,technology,kazllm,issai/LLama-3.1-KazLLM-1.0-8B,baseline,1,True,False,Қолданба интерфейсінің ыңғайлылығы пайдаланушының қызметті меңгеру уақытын қысқартады.,0.9303745627403259,True,1,503,62,565,0.9361238600004071,0.9429320799999914,0.0,1,1,0,1,0,,,,,,,,,
Experiment_1_Kazakh_Paraphrase_Generation_FINAL,fb34cfc124094d5bea4bfcc05905cec81a2728f840672db94e9badd043d6d6f4,64,technology,kazllm,issai/LLama-3.1-KazLLM-1.0-8B,kazdiv,4,True,False,Рұқсатсыз қол жеткізуден ақпараттық ресурстарды қорғау үшін киберқауіпсіздік жүйелері қажет,0.8213988542556763,True,1,629,819,1448,12.20662256200012,12.21565326200016,0.0,12,9,3,9,0,3,6,2,7,6846203159879316461,0.95,1,,
Experiment_1_Kazakh_Paraphrase_Generation_FINAL,fb581ce01aaf3645a851be7842bbcde00e8e627f5a6cc9af971fffa20839cb88,88,news,kazllm,issai/LLama-3.1-KazLLM-1.0-8B,baseline,1,True,False,Мектептерде цифрлық сауаттылықты арттыруға арналған қосымша сабақтар кезең-кезеңімен енгізілуде.,1.0,False,1,507,64,571,0.9643379290000667,0.9705712790000689,0.0,1,1,0,0,1,,,,,,,,,
Experiment_1_Kazakh_Paraphrase_Generation_FINAL,fb69c12e244f0837538071b05741aa038d5951206002f7b1f17a6ae51aae1bae,40,education,kazllm,issai/LLama-3.1-KazLLM-1.0-8B,kazdiv,1,True,False,Инклюзивті білім беру ортасы әрбір студенттің оқу үдерісіне тең қатысуына мүмкіндік береді.,0.9865942597389221,True,1,622,744,1366,11.082667757999843,11.093928038000286,0.0,13,2,11,2,0,1,1,0,0,3927383126476885783,0.95,1,,
Experiment_1_Kazakh_Paraphrase_Generation_FINAL,fb75c955c8d45eb070f8f1f99eddb6c91100dfc029385ef26e782d9371c2aa07,57,science,kazllm,issai/LLama-3.1-KazLLM-1.0-8B,baseline,3,True,False,Ғылыми мақалада қолданылған дереккөздер зерттеу тұжырымдарын жеткілікті деңгейде негіздеуі қажет.,0.9979150295257568,True,1,503,62,565,0.9357332800000222,0.9417085599998245,0.0,1,1,0,1,0,,,,,,,,,
Experiment_1_Kazakh_Paraphrase_Generation_FINAL,fb7696f8a8664d77aef7b752a6ee053e9223247e5b50086c50a6ad490d3dce0a,61,technology,kazllm,issai/LLama-3.1-KazLLM-1.0-8B,baseline,4,True,False,Жасанды интеллект үлкен көлемдегі деректерден күрделі заңдылықтарды автоматты түрде анықтауға мүмкіндік береді.,1.0,False,1,511,68,579,1.0235778989999744,1.0252993789999891,0.0,1,1,0,0,1,,,,,,,,,
Experiment_1_Kazakh_Paraphrase_Generation_FINAL,fbb07fe0db39f7f992400e20a5bb95a527fad6054fbe9110a7f260252b868550,46,science,llama,NousResearch/Meta-Llama-3.1-8B-Instruct,baseline,3,True,False,Әдебиеттерге жүйелі шолу белгілі бір саладағы негізгі ісжүргізу бағыттары мен зерттеу олқылықтарын анықтауға көмектеседі.,0.984085738658905,True,1,488,78,566,1.171374580999327,1.1776089909999428,0.0,1,1,0,1,0,,,,,,,,,
Experiment_1_Kazakh_Paraphrase_Generation_FINAL,fc1cae6c3c844b814f512372cbf6baf0c6fcaffdf6d6fecafe090358ecbe3d37,52,science,llama,NousResearch/Meta-Llama-3.1-8B-Instruct,kazdiv,3,True,False,Зерттеулердің нәтижелерін көрсетіп ұсыну күрделі байланыстарды түсіндіруді жеңілдетеді.,0.9227148294448853,True,1,585,780,1365,11.608996146000209,11.619183886001338,0.0,13,13,0,13,0,6,7,0,9,10252936015438722053,0.95,1,,
Experiment_1_Kazakh_Paraphrase_Generation_FINAL,fc251ab7503b7bb2b631a72665dd30d5d2f6fbf2c0fbca6538cc5d0a659c5561,7,general,kazllm,issai/LLama-3.1-KazLLM-1.0-8B,kazdiv,5,True,False,Дұрыс тамақтану мен белсенді қозғалыс адамның күнделікті өмірінде маңызды рөл атқарады.,0.909958004951477,True,1,614,676,1290,10.05937013699986,10.06810460700035,0.0,12,6,6,6,0,2,4,1,2,18445200181875169769,0.95,1,,
Experiment_1_Kazakh_Paraphrase_Generation_FINAL,fc307acd95d4e3ca783bd64a6e22e45ab37f158559a22e7e80c11a5c0e0bf427,48,science,kazllm,issai/LLama-3.1-KazLLM-1.0-8B,kazdiv,5,True,False,Алынған нәтижелердің статистикалық тұрақтылығына зерттеу үлгісінің көлемі әсер етуі мүмкін.,0.9858831763267517,True,1,627,814,1441,12.133141112999965,12.144009903000097,0.0,12,2,10,1,1,1,0,0,1,839633415906015929,0.95,1,,
Experiment_1_Kazakh_Paraphrase_Generation_FINAL,fc368cf5da1c61907142f73404d4c1699b1a9ea51207ee58e5bdf13d4d869cf0,1,general,kazllm,issai/LLama-3.1-KazLLM-1.0-8B,baseline,5,True,False,"Күнделікті өмірде дұрыс жоспарлаудың маңызы зор, себебі ол уақытты тиімді пайдалануға көмектеседі.",0.9099525213241577,True,1,493,66,559,0.9942675669999517,1.000176447000058,0.0,1,1,0,1,0,,,,,,,,,
Experiment_1_Kazakh_Paraphrase_Generation_FINAL,fc6a53fd808c7805e021c54e8f648c8775bf93fc535785b8a96802f6efa7514e,66,technology,kazllm,issai/LLama-3.1-KazLLM-1.0-8B,baseline,4,True,False,Мобильді қосымшаның ыңғайлы интерфейсі пайдаланушының сервисті меңгеру уақытын қысқартады.,1.0,False,1,503,60,563,0.9063756699997612,0.9080445700001292,0.0,1,1,0,0,1,,,,,,,,,
Experiment_1_Kazakh_Paraphrase_Generation_FINAL,fc6ab324488dfeac24fd3adafd8086cdb5b820a930a515b10e386a70432f8898,27,education,llama,NousResearch/Meta-Llama-3.1-8B-Instruct,kazdiv,2,True,False,Алдын ала түсіндірілген бағалау критерийлері студенттерді тапсырма талаптарын жақсырақ түсінуге мүмкіндік береді.,0.9384022951126099,True,1,593,997,1590,14.85762251000051,14.870125850000477,0.0,13,12,1,9,3,7,2,0,0,9816474136707991049,0.95,1,,
Experiment_1_Kazakh_Paraphrase_Generation_FINAL,fc7658e549f83d317cba8555a9362c3d2d46ef9e79041ebb9dd61b874e8f45d9,65,technology,kazllm,issai/LLama-3.1-KazLLM-1.0-8B,baseline,5,True,False,Бағдарламалық қамтамасыз етуді жүйелі тестілеу өнімдегі қателерді ерте анықтауға көмектеседі.,0.9745380282402039,True,1,505,66,571,0.9943339190003826,1.0004235690003043,0.0,1,1,0,1,0,,,,,,,,,
Experiment_1_Kazakh_Paraphrase_Generation_FINAL,fc7a19b72b38c9f72df20c2bfc2e62444a9bb7477aee29313878a28c8effaef6,36,education,llama,NousResearch/Meta-Llama-3.1-8B-Instruct,baseline,5,True,False,Қазақ тілі: Ақыр соңында оқу мақсаты белгілі болғанда оқу мазмұны мен оқу үдерісін бағалау тәсілдерін жүйелі түрде қамтамасыз ету оңай болады.,0.8236036896705627,True,1,491,96,587,1.4359322499985865,1.4421471799996652,0.0,1,1,0,1,0,,,,,,,,,
Experiment_1_Kazakh_Paraphrase_Generation_FINAL,fcb67e8081c7e905bcabaf55c0ccd8c4520aeead5d3786695626d7b10b6b6049,90,news,llama,NousResearch/Meta-Llama-3.1-8B-Instruct,kazdiv,5,True,False,Олардың студенттер мен жас ғалымдарды тәжірибелік жобалар жүргізуге шақырады.,0.7865355014801025,True,1,591,668,1259,9.947067192000759,9.958665191999899,0.0,13,13,0,10,3,6,4,5,12,2536903164326296361,0.95,1,,
Experiment_1_Kazakh_Paraphrase_Generation_FINAL,fce5ffeff6b136bcc6d3faf80ef35dd805e392469f5962e87a12102309ae1ccc,86,news,kazllm,issai/LLama-3.1-KazLLM-1.0-8B,baseline,4,True,False,Қаланың көлік қауіпсіздігін жақсарту мақсатында бірнеше жаяу жүргінші өткелдері жаңартылды.,0.9669230580329895,True,1,499,66,565,0.9941564390001076,1.000426718000199,0.0,1,1,0,1,0,,,,,,,,,
Experiment_1_Kazakh_Paraphrase_Generation_FINAL,fcfcc5ed5aa35660c3d8b84b5ffa85611d9e10f8ada21083814a17188f67ce01,83,news,kazllm,issai/LLama-3.1-KazLLM-1.0-8B,kazdiv,1,True,False,Мамандар алдағы маусымда су ресурстарын үнемді пайдаланудың маңыздылығына назар аударды,0.9255374073982239,True,1,604,557,1161,8.28694729200015,8.296097691999421,0.0,12,7,5,7,0,2,5,0,0,5366971144642610334,0.95,1,,
Experiment_1_Kazakh_Paraphrase_Generation_FINAL,fd1b5d816ccfd2d82d659fa3bfb5dc91f101d9623a1634a79c36af0d1ec5fa48,3,general,llama,NousResearch/Meta-Llama-3.1-8B-Instruct,baseline,3,True,False,Қоғамдағы өзара сенім адамдар арасындағы байланысты нығайтуға ықпал етеді. Қайта жазылған сөйлем: Қоғамдағы өзара сенім байланысты нығайтуға ықпал етеді.,0.8741035461425781,True,1,474,115,589,1.7166778219998378,1.7229517920004582,0.0,1,1,0,1,0,,,,,,,,,
Experiment_1_Kazakh_Paraphrase_Generation_FINAL,fd3dc7903f4ae786d2b94ad71e1b8df074fb461a183ca641170ce0ade3a5309a,33,education,kazllm,issai/LLama-3.1-KazLLM-1.0-8B,kazdiv,5,True,False,Қысқа бақылау тапсырмалары оқу материалын үнемі қайталауға ынталандырады.,0.965499997138977,True,1,616,614,1230,9.134315478999724,9.142247449000024,0.0,12,3,9,3,0,2,1,0,2,2626552751080001771,0.95,1,,
Experiment_1_Kazakh_Paraphrase_Generation_FINAL,fd42387e3ea0957050ac868643a85a61d98ed7ff7bf0bf3dc89a7e5478302c1b,37,education,llama,NousResearch/Meta-Llama-3.1-8B-Instruct,baseline,3,True,False,Кәсіби дамуға студенттің жоғары оқу орнындағы білім алу дағдысы негіз болады.,0.8490162491798401,True,1,477,50,527,0.7595170240001607,0.7656467240012717,0.0,1,1,0,1,0,,,,,,,,,
Experiment_1_Kazakh_Paraphrase_Generation_FINAL,fd426c8b05cd0acb498af524d0317f0f4b27849ab1bc9143ff1c6dfd42faee0a,14,general,llama,NousResearch/Meta-Llama-3.1-8B-Instruct,kazdiv,5,True,False,"Көптеген көзқарастардың біріне қызығып, олардың бірінші жақындығын түсінуге мүмкіндік береді.",0.7543538808822632,True,1,591,920,1511,13.70810693400017,13.71730748400114,0.0,13,6,7,4,2,2,2,1,1,7072989697548754490,0.95,1,,
Experiment_1_Kazakh_Paraphrase_Generation_FINAL,fd52f4a9ea5709f7a086670d9b8559866733b244d8c887a35b061cb1a7448d27,78,technology,kazllm,issai/LLama-3.1-KazLLM-1.0-8B,baseline,5,True,False,Жүйенің сақтық көшірмелері техникалық ақаулар кезінде маңызды деректерді қалпына келтіруге мүмкіндік береді.,0.9489032626152039,True,1,509,70,579,1.0534030239996355,1.0594947739991767,0.0,1,1,0,1,0,,,,,,,,,
Experiment_1_Kazakh_Paraphrase_Generation_FINAL,fd6ac18d366e4702e9478fb7fea398bb40e1e690800753d7145602b874684941,97,news,kazllm,issai/LLama-3.1-KazLLM-1.0-8B,kazdiv,4,True,False,Сарапшылар жаңа экологиялық жоба қалдықтарды бөлу мәдениетін дамытуға ықпал етеді деп есептейді.,0.9313437938690186,True,1,625,778,1403,11.592142030000105,11.600676409999323,0.0,12,2,10,2,0,2,0,0,0,10750599516321828840,0.95,1,,
Experiment_1_Kazakh_Paraphrase_Generation_FINAL,fdaf49d9b3bace1fab4c4ddec9d37dfb4d9ac77e6709bee007efdb11b9961975,15,general,llama,NousResearch/Meta-Llama-3.1-8B-Instruct,kazdiv,3,True,False,Қаладағы жаяу жүргіншілерге қолайлы орта тұрғындар өмір салтының белсенділігін көтереді.,0.9567989706993103,True,1,592,726,1318,10.801559008001277,10.810932857999433,0.0,13,12,1,11,1,6,5,1,1,15987949619638332496,0.95,1,,
Experiment_1_Kazakh_Paraphrase_Generation_FINAL,fdba8ce03f2a096edecec589adb42599ea348dac9cc5f188b523fab2a25301ca,10,general,llama,NousResearch/Meta-Llama-3.1-8B-Instruct,baseline,1,True,False,Ауыстырылған сөйлем: Отбасындағы өзара көмек қиын жағдайларды бірге шешуге мүмкіндік береді.,0.8702129125595093,True,1,471,66,537,0.9946531719997438,1.0012311819991737,0.0,1,1,0,1,0,,,,,,,,,
Experiment_1_Kazakh_Paraphrase_Generation_FINAL,fdbb8b7038f54cba9933cbec6791b2e20ed3c8eafad01116073243f0260dd06c,71,technology,llama,NousResearch/Meta-Llama-3.1-8B-Instruct,baseline,1,True,False,"Сөйлемді жаңа сөздермен қайта жазу: Интернет арқылы деректер заттары құрылғылар арасында автоматты түрде жинап, алмасуға жағдай жасайды.",0.8491237163543701,True,1,474,85,559,1.2754733879992273,1.2819346380001662,0.0,1,1,0,1,0,,,,,,,,,
Experiment_1_Kazakh_Paraphrase_Generation_FINAL,fe0a8700f8ca752e416a484fe889b290cd560199ed1dd896975777e981c58038,23,education,llama,NousResearch/Meta-Llama-3.1-8B-Instruct,kazdiv,1,True,False,"Оқытушының уақтылы кері байланысы студентке өз қателерін түсініп, нәтижелерін жақсартуға көмектеседі.",0.9991036057472229,True,2,1210,2066,3276,30.794490010001027,30.810627089000263,0.0,13,10,3,9,1,1,8,0,2,11216458727731655584,0.95,2,,
Experiment_1_Kazakh_Paraphrase_Generation_FINAL,fe63694b18b6d28d7a79a4a3ff78375645303909b0bc77d1eb4a8b5543354634,33,education,llama,NousResearch/Meta-Llama-3.1-8B-Instruct,kazdiv,1,True,False,Оқыту процесінде қысқа бақылау тапсырмаларының маңызы зор.,0.7607376575469971,True,1,591,714,1305,10.623927846001607,10.635762625999632,0.0,13,13,0,12,1,10,2,6,7,1069033617225645948,0.95,1,,
Experiment_1_Kazakh_Paraphrase_Generation_FINAL,fe64a8e652f433feb5e17c9e3945629f4e2ce03c5ba9ef45df2cb09c2522ec31,13,general,kazllm,issai/LLama-3.1-KazLLM-1.0-8B,baseline,4,True,False,Уақтылы берілген кері байланыс жұмыстың сапасын жақсартуға ықпал етеді.,0.9820848703384399,True,1,494,49,543,0.7447595480000473,0.7502751279998847,0.0,1,1,0,1,0,,,,,,,,,
Experiment_1_Kazakh_Paraphrase_Generation_FINAL,fe75681837fc5602ab3adc316c7236a3341c0b7b4b500e09998156552899e623,83,news,llama,NousResearch/Meta-Llama-3.1-8B-Instruct,kazdiv,2,True,False,Мамандар алдағы маусымда су ресурстарын қайталауға жағдай жасауға көңіл бөлінді.,0.9062360525131226,True,1,579,648,1227,9.639648831998784,9.65210486199976,0.0,13,12,1,12,0,6,6,1,7,9049763992306315399,0.95,1,,
Experiment_1_Kazakh_Paraphrase_Generation_FINAL,fe7e642b514e3fad6a7fa4bcba0340af15498299b6f44ee689c816cfc59eeb7f,2,general,kazllm,issai/LLama-3.1-KazLLM-1.0-8B,kazdiv,2,True,False,Қолда бар ақпаратты мұқият салыстыру маңызды шешімдерді қабылдау үшін қажет.,0.9130017161369324,True,1,610,734,1344,10.923438524999938,10.932150284000045,0.0,14,5,9,5,0,2,3,1,1,9997984272384612630,0.95,1,,
Experiment_1_Kazakh_Paraphrase_Generation_FINAL,fecb458e1cd7daf404ef65877d25102cad47afd44480ad81d239184eb3565e67,89,news,kazllm,issai/LLama-3.1-KazLLM-1.0-8B,baseline,4,True,False,Білікті мамандар еңбек нарығында деректерді талдау дағдыларына деген сұраныс арта түсетінін айтты.,0.92596435546875,True,1,504,59,563,0.8917339589997937,0.897829258999991,0.0,1,1,0,1,0,,,,,,,,,
Experiment_1_Kazakh_Paraphrase_Generation_FINAL,fee43ea606386644410e1a7746c2d8d30f93f170cd4e3b3518f597564143fb8b,16,general,kazllm,issai/LLama-3.1-KazLLM-1.0-8B,baseline,3,True,False,Еріктілік қызметі адамның әлеуметтік тәжірибесін кеңейтеді және қоғамға пайда әкеледі.,0.9589865803718567,True,1,507,65,572,0.9790492679999261,0.9848423179998917,0.0,1,1,0,1,0,,,,,,,,,
Experiment_1_Kazakh_Paraphrase_Generation_FINAL,fef83b3999f9f623b285563ba0a66fcb92f6a248741951d02322b3f40edad061,94,news,kazllm,issai/LLama-3.1-KazLLM-1.0-8B,baseline,2,True,False,Зерттеушілер ғылыми конференцияда деректер қауіпсіздігі мен жасанды интеллект этикасын талқылады.,0.9741072058677673,True,1,496,48,544,0.7293142819999048,0.7310559320003449,0.0,1,1,0,1,0,,,,,,,,,
Experiment_1_Kazakh_Paraphrase_Generation_FINAL,ff20f1297391ce53dbc4ef3c5474af97c6f589e4f28a4c7094427dbbf6ff6583,12,general,kazllm,issai/LLama-3.1-KazLLM-1.0-8B,kazdiv,5,True,False,"Табиғат аясында демалу адамның көңіл-күйін жақсартып, күнделікті күйзелісті азайтуы мүмкін.",0.996268630027771,True,1,627,907,1534,13.51711689800004,13.529402369000081,0.0,13,5,8,5,0,1,4,0,2,4240425263994161029,0.95,1,,
Experiment_1_Kazakh_Paraphrase_Generation_FINAL,ff278c5108f73d4429873ed045061eac8a3b5e2a73c13c1e00f3d39b5724a8fb,19,general,llama,NousResearch/Meta-Llama-3.1-8B-Instruct,kazdiv,4,True,False,"Жергілікті дәстүрлерді сақтап, оларды келесі ұрпаққа жеткізу – қоғамның тарихи жадына жаңа бет беріп, оның құрлығын кеңейтеді.",0.8908478021621704,True,1,599,1178,1777,17.574066380999284,17.588354531000732,0.0,13,12,1,12,0,7,5,0,0,9065496975242267452,0.95,1,,
Experiment_1_Kazakh_Paraphrase_Generation_FINAL,ff46e9ee4e53250622b2300dafdb2fe4ade5cefb958c93f0272802611b6b4878,27,education,kazllm,issai/LLama-3.1-KazLLM-1.0-8B,kazdiv,3,True,False,Студенттер тапсырманың талаптарын түсінгенде бағалау критерийлері алдын ала түсіндірілгенде жақсырақ түсіндіріледі,0.9416981935501099,True,1,618,815,1433,12.139402887000415,12.14758399700031,0.0,13,3,10,3,0,1,2,0,0,10057541442303711878,0.95,1,,
Experiment_1_Kazakh_Paraphrase_Generation_FINAL,ff4f80739893bbdacf2fceedf1c70e3ec787c23e5eeec14cf3cc3019861b1ac4,85,news,llama,NousResearch/Meta-Llama-3.1-8B-Instruct,kazdiv,5,True,False,Университеттік ғалымдар қарапайым өндірістік процестерді түсіну үшін жаңа цифрлық платформаны ұсынды.,0.9099658131599426,True,1,594,714,1308,10.623848434001047,10.636075914000685,0.0,12,12,0,12,0,4,8,1,1,11762358740215615608,0.95,1,,
Experiment_1_Kazakh_Paraphrase_Generation_FINAL,ff922dbd7f928d8a91c906455a48d84cb0855008259563e6400886aff760b4f7,19,general,llama,NousResearch/Meta-Llama-3.1-8B-Instruct,baseline,2,True,False,Тарихи жадын қалыптастыруда қазақ халқының жергілікті мәдени дәстүрлерін сақтау үлкен рөл атқарады.,0.7690659761428833,True,1,481,71,552,1.0677815210001427,1.0739804710010503,0.0,1,1,0,1,0,,,,,,,,,
Experiment_1_Kazakh_Paraphrase_Generation_FINAL,ffd4ff0ea3b7ad31d3b476d128fbd8210e81a166ab7668fb55200844e640daa4,14,general,llama,NousResearch/Meta-Llama-3.1-8B-Instruct,kazdiv,4,True,False,"Төрткүл көзқарастардың бәріне түсінік бере отырып, мәселенің жан-жақты түсінуге мүмкіндік туғызады.",0.7687230706214905,True,1,591,647,1238,9.631111569000495,9.643026068000836,0.0,12,12,0,4,8,3,1,2,7,14230733309629718749,0.95,1,,
Experiment_1_Kazakh_Paraphrase_Generation_FINAL,ffdaf115b4d7cba0cbb8775977711a219fc649677f24d29fa44d63a7f4a7bcca,57,science,llama,NousResearch/Meta-Llama-3.1-8B-Instruct,kazdiv,5,True,False,Ғылыми еңбектерде пайдаланылатын дереккөздердің жеткілікті деңгейде зерттеулері тұжырымдарды дәлелдеуге жарайды.,0.884797215461731,True,2,1192,2178,3370,32.44408758700047,32.45957058700151,0.0,13,12,1,12,0,2,10,1,10,10673247514057685647,0.95,2,,
Experiment_1_Kazakh_Paraphrase_Generation_FINAL,ffe9db16b494ebbf0f6eb21a3520e1cd77a4c4c70720474abb17a49960ab558e,1,general,kazllm,issai/LLama-3.1-KazLLM-1.0-8B,kazdiv,3,True,False,Күнделікті өмірде дұрыс жоспарлау тиімді уақытты пайдалануға көмектеседі.,0.9950590133666992,True,1,611,627,1238,9.335903924000036,9.344699333999984,0.0,12,8,4,7,1,3,4,0,4,14833447046328489951,0.95,1,,
Experiment_1_Kazakh_Paraphrase_Generation_FINAL,ffed823de312ce1e8378ec77a1bc8dfdc583c392e3eace639b500dfc9379d07b,55,science,llama,NousResearch/Meta-Llama-3.1-8B-Instruct,kazdiv,3,True,False,Зерттеушілер әдіс таңдағанда оның артықшылықтарымен бірге оның шектеулерін де ескеруі қажет.,0.9968914985656738,True,1,591,794,1385,11.818279264000012,11.827355994000754,0.0,13,13,0,13,0,1,12,0,11,11284810403117206539,0.95,1,,
