source_id,provider,model_id,repetition,status,parse_method,raw_pool_size_reparsed,expected_k,raw_pool_exact_k,unique_raw_candidates_reparsed,exact_duplicate_occurrences_reparsed,valid_raw_occurrences,unique_valid_candidates_recomputed,saved_raw_candidate_count,saved_parsed_candidate_count,saved_quality_valid_candidate_count,parsed_count_matches_saved,quality_valid_count_matches_saved,quality_source,saved_semantic_cluster_count,saved_semantic_duplicates_removed,successful_attempt
1,llama,NousResearch/Meta-Llama-3.1-8B-Instruct,1,ok,direct_json,12,12,True,12,0,12,12,12,12,12,True,True,saved_experiment1_quality_metadata,8,4,1
1,llama,NousResearch/Meta-Llama-3.1-8B-Instruct,2,ok,direct_json,13,12,False,10,3,13,10,13,10,10,True,True,saved_experiment1_quality_metadata,5,5,1
1,llama,NousResearch/Meta-Llama-3.1-8B-Instruct,3,ok,direct_json,12,12,True,12,0,12,12,12,12,12,True,True,saved_experiment1_quality_metadata,4,8,1
1,llama,NousResearch/Meta-Llama-3.1-8B-Instruct,4,ok,direct_json,12,12,True,11,1,11,10,12,11,10,True,True,saved_experiment1_quality_metadata,9,1,1
1,llama,NousResearch/Meta-Llama-3.1-8B-Instruct,5,ok,direct_json,12,12,True,12,0,8,8,12,12,8,True,True,saved_experiment1_quality_metadata,8,0,1
10,llama,NousResearch/Meta-Llama-3.1-8B-Instruct,1,ok,direct_json,13,12,False,11,2,13,11,13,11,11,True,True,saved_experiment1_quality_metadata,2,9,1
10,llama,NousResearch/Meta-Llama-3.1-8B-Instruct,2,ok,direct_json,13,12,False,7,6,13,7,13,7,7,True,True,saved_experiment1_quality_metadata,1,6,1
10,llama,NousResearch/Meta-Llama-3.1-8B-Instruct,3,ok,direct_json,13,12,False,12,1,13,12,13,12,12,True,True,saved_experiment1_quality_metadata,5,7,1
10,llama,NousResearch/Meta-Llama-3.1-8B-Instruct,4,ok,direct_json,13,12,False,9,4,13,9,13,9,9,True,True,saved_experiment1_quality_metadata,7,2,1
10,llama,NousResearch/Meta-Llama-3.1-8B-Instruct,5,ok,direct_json,12,12,True,12,0,11,11,12,12,11,True,True,saved_experiment1_quality_metadata,9,2,1
100,llama,NousResearch/Meta-Llama-3.1-8B-Instruct,1,ok,direct_json,12,12,True,12,0,12,12,12,12,12,True,True,saved_experiment1_quality_metadata,2,10,1
100,llama,NousResearch/Meta-Llama-3.1-8B-Instruct,2,ok,extracted_json_object,12,12,True,9,3,12,9,12,9,9,True,True,saved_experiment1_quality_metadata,2,7,1
100,llama,NousResearch/Meta-Llama-3.1-8B-Instruct,3,ok,direct_json,12,12,True,11,1,12,11,12,11,11,True,True,saved_experiment1_quality_metadata,5,6,1
100,llama,NousResearch/Meta-Llama-3.1-8B-Instruct,4,ok,direct_json,13,12,False,11,2,13,11,13,11,11,True,True,saved_experiment1_quality_metadata,5,6,1
100,llama,NousResearch/Meta-Llama-3.1-8B-Instruct,5,ok,direct_json,12,12,True,12,0,12,12,12,12,12,True,True,saved_experiment1_quality_metadata,2,10,1
11,llama,NousResearch/Meta-Llama-3.1-8B-Instruct,1,ok,direct_json,12,12,True,10,2,11,9,12,10,9,True,True,saved_experiment1_quality_metadata,4,5,1
11,llama,NousResearch/Meta-Llama-3.1-8B-Instruct,2,ok,direct_json,13,12,False,13,0,6,6,13,13,6,True,True,saved_experiment1_quality_metadata,4,2,1
11,llama,NousResearch/Meta-Llama-3.1-8B-Instruct,3,ok,direct_json,13,12,False,12,1,12,11,13,12,11,True,True,saved_experiment1_quality_metadata,6,5,1
11,llama,NousResearch/Meta-Llama-3.1-8B-Instruct,4,ok,direct_json,12,12,True,12,0,10,10,12,12,10,True,True,saved_experiment1_quality_metadata,8,2,1
11,llama,NousResearch/Meta-Llama-3.1-8B-Instruct,5,ok,direct_json,13,12,False,10,3,13,10,13,10,10,True,True,saved_experiment1_quality_metadata,5,5,1
12,llama,NousResearch/Meta-Llama-3.1-8B-Instruct,1,ok,direct_json,12,12,True,11,1,12,11,12,11,11,True,True,saved_experiment1_quality_metadata,2,9,1
12,llama,NousResearch/Meta-Llama-3.1-8B-Instruct,2,ok,direct_json,13,12,False,7,6,13,7,13,7,7,True,True,saved_experiment1_quality_metadata,4,3,1
12,llama,NousResearch/Meta-Llama-3.1-8B-Instruct,3,ok,direct_json,13,12,False,9,4,12,8,13,9,8,True,True,saved_experiment1_quality_metadata,5,3,1
12,llama,NousResearch/Meta-Llama-3.1-8B-Instruct,4,ok,direct_json,12,12,True,12,0,12,12,12,12,12,True,True,saved_experiment1_quality_metadata,1,11,1
12,llama,NousResearch/Meta-Llama-3.1-8B-Instruct,5,ok,direct_json,12,12,True,12,0,12,12,12,12,12,True,True,saved_experiment1_quality_metadata,7,5,1
13,llama,NousResearch/Meta-Llama-3.1-8B-Instruct,1,ok,direct_json,13,12,False,11,2,12,10,13,11,10,True,True,saved_experiment1_quality_metadata,5,5,1
13,llama,NousResearch/Meta-Llama-3.1-8B-Instruct,2,ok,direct_json,13,12,False,12,1,13,12,13,12,12,True,True,saved_experiment1_quality_metadata,8,4,1
13,llama,NousResearch/Meta-Llama-3.1-8B-Instruct,3,ok,direct_json,12,12,True,12,0,11,11,12,12,11,True,True,saved_experiment1_quality_metadata,4,7,1
13,llama,NousResearch/Meta-Llama-3.1-8B-Instruct,4,ok,direct_json,12,12,True,12,0,12,12,12,12,12,True,True,saved_experiment1_quality_metadata,7,5,1
13,llama,NousResearch/Meta-Llama-3.1-8B-Instruct,5,ok,direct_json,12,12,True,12,0,12,12,12,12,12,True,True,saved_experiment1_quality_metadata,5,7,1
14,llama,NousResearch/Meta-Llama-3.1-8B-Instruct,1,ok,direct_json,12,12,True,10,2,10,8,12,10,8,True,True,saved_experiment1_quality_metadata,4,4,1
14,llama,NousResearch/Meta-Llama-3.1-8B-Instruct,2,ok,direct_json,13,12,False,11,2,9,7,13,11,7,True,True,saved_experiment1_quality_metadata,7,0,1
14,llama,NousResearch/Meta-Llama-3.1-8B-Instruct,3,ok,direct_json,13,12,False,9,4,3,1,13,9,1,True,True,saved_experiment1_quality_metadata,1,0,2
14,llama,NousResearch/Meta-Llama-3.1-8B-Instruct,4,ok,direct_json,12,12,True,12,0,4,4,12,12,4,True,True,saved_experiment1_quality_metadata,3,1,1
14,llama,NousResearch/Meta-Llama-3.1-8B-Instruct,5,ok,direct_json,13,12,False,6,7,9,4,13,6,4,True,True,saved_experiment1_quality_metadata,2,2,1
15,llama,NousResearch/Meta-Llama-3.1-8B-Instruct,1,ok,direct_json,13,12,False,12,1,13,12,13,12,12,True,True,saved_experiment1_quality_metadata,3,9,1
15,llama,NousResearch/Meta-Llama-3.1-8B-Instruct,2,ok,direct_json,12,12,True,12,0,11,11,12,12,11,True,True,saved_experiment1_quality_metadata,11,0,1
15,llama,NousResearch/Meta-Llama-3.1-8B-Instruct,3,ok,direct_json,13,12,False,12,1,11,11,13,12,11,True,True,saved_experiment1_quality_metadata,6,5,1
15,llama,NousResearch/Meta-Llama-3.1-8B-Instruct,4,ok,direct_json,13,12,False,13,0,13,13,13,13,13,True,True,saved_experiment1_quality_metadata,5,8,1
15,llama,NousResearch/Meta-Llama-3.1-8B-Instruct,5,ok,direct_json,12,12,True,6,6,12,6,12,6,6,True,True,saved_experiment1_quality_metadata,3,3,1
16,llama,NousResearch/Meta-Llama-3.1-8B-Instruct,1,ok,direct_json,13,12,False,13,0,13,13,13,13,13,True,True,saved_experiment1_quality_metadata,4,9,1
16,llama,NousResearch/Meta-Llama-3.1-8B-Instruct,2,ok,direct_json,12,12,True,12,0,12,12,12,12,12,True,True,saved_experiment1_quality_metadata,9,3,1
16,llama,NousResearch/Meta-Llama-3.1-8B-Instruct,3,ok,direct_json,12,12,True,12,0,12,12,12,12,12,True,True,saved_experiment1_quality_metadata,9,3,1
16,llama,NousResearch/Meta-Llama-3.1-8B-Instruct,4,ok,direct_json,13,12,False,10,3,13,10,13,10,10,True,True,saved_experiment1_quality_metadata,9,1,1
16,llama,NousResearch/Meta-Llama-3.1-8B-Instruct,5,ok,direct_json,12,12,True,12,0,12,12,12,12,12,True,True,saved_experiment1_quality_metadata,10,2,1
17,llama,NousResearch/Meta-Llama-3.1-8B-Instruct,1,ok,direct_json,12,12,True,12,0,12,12,12,12,12,True,True,saved_experiment1_quality_metadata,9,3,1
17,llama,NousResearch/Meta-Llama-3.1-8B-Instruct,2,ok,direct_json,13,12,False,13,0,13,13,13,13,13,True,True,saved_experiment1_quality_metadata,5,8,1
17,llama,NousResearch/Meta-Llama-3.1-8B-Instruct,3,ok,direct_json,12,12,True,12,0,12,12,12,12,12,True,True,saved_experiment1_quality_metadata,7,5,1
17,llama,NousResearch/Meta-Llama-3.1-8B-Instruct,4,ok,direct_json,13,12,False,13,0,13,13,13,13,13,True,True,saved_experiment1_quality_metadata,4,9,1
17,llama,NousResearch/Meta-Llama-3.1-8B-Instruct,5,ok,direct_json,14,12,False,8,6,7,4,14,8,4,True,True,saved_experiment1_quality_metadata,4,0,1
18,llama,NousResearch/Meta-Llama-3.1-8B-Instruct,1,ok,direct_json,13,12,False,13,0,12,12,13,13,12,True,True,saved_experiment1_quality_metadata,9,3,1
18,llama,NousResearch/Meta-Llama-3.1-8B-Instruct,2,ok,direct_json,12,12,True,8,4,12,8,12,8,8,True,True,saved_experiment1_quality_metadata,6,2,1
18,llama,NousResearch/Meta-Llama-3.1-8B-Instruct,3,ok,direct_json,13,12,False,12,1,13,12,13,12,12,True,True,saved_experiment1_quality_metadata,4,8,1
18,llama,NousResearch/Meta-Llama-3.1-8B-Instruct,4,ok,direct_json,14,12,False,11,3,13,10,14,11,10,True,True,saved_experiment1_quality_metadata,2,8,1
18,llama,NousResearch/Meta-Llama-3.1-8B-Instruct,5,ok,direct_json,12,12,True,8,4,11,7,12,8,7,True,True,saved_experiment1_quality_metadata,7,0,1
19,llama,NousResearch/Meta-Llama-3.1-8B-Instruct,1,ok,direct_json,12,12,True,12,0,10,10,12,12,10,True,True,saved_experiment1_quality_metadata,10,0,1
19,llama,NousResearch/Meta-Llama-3.1-8B-Instruct,2,ok,direct_json,12,12,True,10,2,12,10,12,10,10,True,True,saved_experiment1_quality_metadata,3,7,1
19,llama,NousResearch/Meta-Llama-3.1-8B-Instruct,3,ok,direct_json,12,12,True,12,0,12,12,12,12,12,True,True,saved_experiment1_quality_metadata,9,3,1
19,llama,NousResearch/Meta-Llama-3.1-8B-Instruct,4,ok,direct_json,13,12,False,12,1,13,12,13,12,12,True,True,saved_experiment1_quality_metadata,7,5,1
2,llama,NousResearch/Meta-Llama-3.1-8B-Instruct,1,ok,direct_json,12,12,True,12,0,3,3,12,12,3,True,True,saved_experiment1_quality_metadata,3,0,1
2,llama,NousResearch/Meta-Llama-3.1-8B-Instruct,2,ok,direct_json,12,12,True,12,0,12,12,12,12,12,True,True,saved_experiment1_quality_metadata,10,2,1
2,llama,NousResearch/Meta-Llama-3.1-8B-Instruct,3,ok,direct_json,12,12,True,12,0,11,11,12,12,11,True,True,saved_experiment1_quality_metadata,2,9,2
2,llama,NousResearch/Meta-Llama-3.1-8B-Instruct,4,ok,direct_json,13,12,False,13,0,13,13,13,13,13,True,True,saved_experiment1_quality_metadata,2,11,2
2,llama,NousResearch/Meta-Llama-3.1-8B-Instruct,5,ok,direct_json,12,12,True,12,0,12,12,12,12,12,True,True,saved_experiment1_quality_metadata,5,7,1
20,llama,NousResearch/Meta-Llama-3.1-8B-Instruct,1,ok,direct_json,13,12,False,10,3,9,6,13,10,6,True,True,saved_experiment1_quality_metadata,6,0,1
20,llama,NousResearch/Meta-Llama-3.1-8B-Instruct,2,ok,direct_json,12,12,True,12,0,11,11,12,12,11,True,True,saved_experiment1_quality_metadata,7,4,1
20,llama,NousResearch/Meta-Llama-3.1-8B-Instruct,3,ok,direct_json,13,12,False,13,0,13,13,13,13,13,True,True,saved_experiment1_quality_metadata,9,4,1
20,llama,NousResearch/Meta-Llama-3.1-8B-Instruct,4,ok,direct_json,12,12,True,12,0,6,6,12,12,6,True,True,saved_experiment1_quality_metadata,6,0,1
20,llama,NousResearch/Meta-Llama-3.1-8B-Instruct,5,ok,direct_json,13,12,False,11,2,13,11,13,11,11,True,True,saved_experiment1_quality_metadata,5,6,1
21,llama,NousResearch/Meta-Llama-3.1-8B-Instruct,1,ok,direct_json,13,12,False,12,1,13,12,13,12,12,True,True,saved_experiment1_quality_metadata,3,9,1
21,llama,NousResearch/Meta-Llama-3.1-8B-Instruct,2,ok,direct_json,13,12,False,13,0,9,9,13,13,9,True,True,saved_experiment1_quality_metadata,7,2,1
21,llama,NousResearch/Meta-Llama-3.1-8B-Instruct,3,ok,direct_json,13,12,False,11,2,13,11,13,11,11,True,True,saved_experiment1_quality_metadata,5,6,1
21,llama,NousResearch/Meta-Llama-3.1-8B-Instruct,4,ok,direct_json,12,12,True,10,2,12,10,12,10,10,True,True,saved_experiment1_quality_metadata,3,7,1
21,llama,NousResearch/Meta-Llama-3.1-8B-Instruct,5,ok,direct_json,12,12,True,11,1,12,11,12,11,11,True,True,saved_experiment1_quality_metadata,11,0,1
22,llama,NousResearch/Meta-Llama-3.1-8B-Instruct,1,ok,direct_json,13,12,False,11,2,11,9,13,11,9,True,True,saved_experiment1_quality_metadata,7,2,1
22,llama,NousResearch/Meta-Llama-3.1-8B-Instruct,2,ok,direct_json,13,12,False,10,3,13,10,13,10,10,True,True,saved_experiment1_quality_metadata,7,3,1
22,llama,NousResearch/Meta-Llama-3.1-8B-Instruct,3,ok,direct_json,13,12,False,12,1,13,12,13,12,12,True,True,saved_experiment1_quality_metadata,10,2,1
22,llama,NousResearch/Meta-Llama-3.1-8B-Instruct,4,ok,direct_json,13,12,False,13,0,13,13,13,13,13,True,True,saved_experiment1_quality_metadata,4,9,1
22,llama,NousResearch/Meta-Llama-3.1-8B-Instruct,5,ok,direct_json,12,12,True,11,1,12,11,12,11,11,True,True,saved_experiment1_quality_metadata,6,5,1
23,llama,NousResearch/Meta-Llama-3.1-8B-Instruct,1,ok,direct_json,13,12,False,10,3,12,9,13,10,9,True,True,saved_experiment1_quality_metadata,1,8,2
23,llama,NousResearch/Meta-Llama-3.1-8B-Instruct,2,ok,direct_json,13,12,False,12,1,13,12,13,12,12,True,True,saved_experiment1_quality_metadata,4,8,1
23,llama,NousResearch/Meta-Llama-3.1-8B-Instruct,3,ok,direct_json,12,12,True,12,0,12,12,12,12,12,True,True,saved_experiment1_quality_metadata,8,4,1
23,llama,NousResearch/Meta-Llama-3.1-8B-Instruct,4,ok,direct_json,12,12,True,12,0,10,10,12,12,10,True,True,saved_experiment1_quality_metadata,6,4,1
23,llama,NousResearch/Meta-Llama-3.1-8B-Instruct,5,ok,direct_json,13,12,False,12,1,13,12,13,12,12,True,True,saved_experiment1_quality_metadata,3,9,1
24,llama,NousResearch/Meta-Llama-3.1-8B-Instruct,1,ok,direct_json,13,12,False,13,0,13,13,13,13,13,True,True,saved_experiment1_quality_metadata,6,7,1
24,llama,NousResearch/Meta-Llama-3.1-8B-Instruct,2,ok,direct_json,13,12,False,7,6,12,6,13,7,6,True,True,saved_experiment1_quality_metadata,4,2,1
24,llama,NousResearch/Meta-Llama-3.1-8B-Instruct,3,ok,direct_json,13,12,False,12,1,12,11,13,12,11,True,True,saved_experiment1_quality_metadata,9,2,1
24,llama,NousResearch/Meta-Llama-3.1-8B-Instruct,4,ok,direct_json,13,12,False,13,0,13,13,13,13,13,True,True,saved_experiment1_quality_metadata,6,7,1
24,llama,NousResearch/Meta-Llama-3.1-8B-Instruct,5,ok,direct_json,14,12,False,13,1,14,13,14,13,13,True,True,saved_experiment1_quality_metadata,3,10,1
25,llama,NousResearch/Meta-Llama-3.1-8B-Instruct,1,ok,direct_json,12,12,True,12,0,12,12,12,12,12,True,True,saved_experiment1_quality_metadata,3,9,1
25,llama,NousResearch/Meta-Llama-3.1-8B-Instruct,2,ok,direct_json,12,12,True,12,0,12,12,12,12,12,True,True,saved_experiment1_quality_metadata,3,9,1
25,llama,NousResearch/Meta-Llama-3.1-8B-Instruct,3,ok,direct_json,12,12,True,12,0,12,12,12,12,12,True,True,saved_experiment1_quality_metadata,6,6,1
25,llama,NousResearch/Meta-Llama-3.1-8B-Instruct,4,ok,direct_json,12,12,True,12,0,11,11,12,12,11,True,True,saved_experiment1_quality_metadata,6,5,1
25,llama,NousResearch/Meta-Llama-3.1-8B-Instruct,5,ok,direct_json,13,12,False,12,1,13,12,13,12,12,True,True,saved_experiment1_quality_metadata,2,10,1
26,llama,NousResearch/Meta-Llama-3.1-8B-Instruct,1,ok,direct_json,12,12,True,12,0,12,12,12,12,12,True,True,saved_experiment1_quality_metadata,4,8,1
26,llama,NousResearch/Meta-Llama-3.1-8B-Instruct,2,ok,direct_json,12,12,True,12,0,12,12,12,12,12,True,True,saved_experiment1_quality_metadata,7,5,1
26,llama,NousResearch/Meta-Llama-3.1-8B-Instruct,3,ok,direct_json,12,12,True,10,2,12,10,12,10,10,True,True,saved_experiment1_quality_metadata,3,7,1
26,llama,NousResearch/Meta-Llama-3.1-8B-Instruct,4,ok,direct_json,13,12,False,7,6,13,7,13,7,7,True,True,saved_experiment1_quality_metadata,4,3,1
26,llama,NousResearch/Meta-Llama-3.1-8B-Instruct,5,ok,direct_json,13,12,False,10,3,13,10,13,10,10,True,True,saved_experiment1_quality_metadata,2,8,1
27,llama,NousResearch/Meta-Llama-3.1-8B-Instruct,1,ok,direct_json,13,12,False,12,1,13,12,13,12,12,True,True,saved_experiment1_quality_metadata,4,8,2
27,llama,NousResearch/Meta-Llama-3.1-8B-Instruct,2,ok,direct_json,13,12,False,12,1,10,9,13,12,9,True,True,saved_experiment1_quality_metadata,7,2,1
27,llama,NousResearch/Meta-Llama-3.1-8B-Instruct,3,ok,direct_json,13,12,False,9,4,13,9,13,9,9,True,True,saved_experiment1_quality_metadata,5,4,1
27,llama,NousResearch/Meta-Llama-3.1-8B-Instruct,4,ok,direct_json,12,12,True,10,2,12,10,12,10,10,True,True,saved_experiment1_quality_metadata,7,3,1
27,llama,NousResearch/Meta-Llama-3.1-8B-Instruct,5,ok,direct_json,13,12,False,13,0,13,13,13,13,13,True,True,saved_experiment1_quality_metadata,3,10,1
28,llama,NousResearch/Meta-Llama-3.1-8B-Instruct,1,ok,direct_json,12,12,True,11,1,12,11,12,11,11,True,True,saved_experiment1_quality_metadata,2,9,1
28,llama,NousResearch/Meta-Llama-3.1-8B-Instruct,2,ok,direct_json,12,12,True,10,2,9,8,12,10,8,True,True,saved_experiment1_quality_metadata,3,5,1
28,llama,NousResearch/Meta-Llama-3.1-8B-Instruct,3,ok,direct_json,12,12,True,12,0,7,7,12,12,7,True,True,saved_experiment1_quality_metadata,7,0,1
28,llama,NousResearch/Meta-Llama-3.1-8B-Instruct,4,ok,direct_json,13,12,False,13,0,2,2,13,13,2,True,True,saved_experiment1_quality_metadata,2,0,1
28,llama,NousResearch/Meta-Llama-3.1-8B-Instruct,5,ok,direct_json,13,12,False,13,0,10,10,13,13,10,True,True,saved_experiment1_quality_metadata,7,3,1
29,llama,NousResearch/Meta-Llama-3.1-8B-Instruct,1,ok,direct_json,13,12,False,11,2,12,10,13,11,10,True,True,saved_experiment1_quality_metadata,6,4,1
29,llama,NousResearch/Meta-Llama-3.1-8B-Instruct,3,ok,direct_json,12,12,True,9,3,12,9,12,9,9,True,True,saved_experiment1_quality_metadata,6,3,1
29,llama,NousResearch/Meta-Llama-3.1-8B-Instruct,4,ok,direct_json,13,12,False,13,0,7,7,13,13,7,True,True,saved_experiment1_quality_metadata,6,1,1
29,llama,NousResearch/Meta-Llama-3.1-8B-Instruct,5,ok,direct_json,12,12,True,7,5,11,6,12,7,6,True,True,saved_experiment1_quality_metadata,5,1,1
3,llama,NousResearch/Meta-Llama-3.1-8B-Instruct,1,ok,direct_json,12,12,True,9,3,12,9,12,9,9,True,True,saved_experiment1_quality_metadata,8,1,1
3,llama,NousResearch/Meta-Llama-3.1-8B-Instruct,2,ok,direct_json,13,12,False,8,5,13,8,13,8,8,True,True,saved_experiment1_quality_metadata,4,4,1
3,llama,NousResearch/Meta-Llama-3.1-8B-Instruct,3,ok,direct_json,13,12,False,13,0,13,13,13,13,13,True,True,saved_experiment1_quality_metadata,7,6,1
3,llama,NousResearch/Meta-Llama-3.1-8B-Instruct,4,ok,direct_json,12,12,True,11,1,12,11,12,11,11,True,True,saved_experiment1_quality_metadata,7,4,1
3,llama,NousResearch/Meta-Llama-3.1-8B-Instruct,5,ok,direct_json,13,12,False,13,0,13,13,13,13,13,True,True,saved_experiment1_quality_metadata,4,9,1
30,llama,NousResearch/Meta-Llama-3.1-8B-Instruct,1,ok,direct_json,13,12,False,10,3,12,9,13,10,9,True,True,saved_experiment1_quality_metadata,5,4,1
30,llama,NousResearch/Meta-Llama-3.1-8B-Instruct,2,ok,direct_json,12,12,True,12,0,8,8,12,12,8,True,True,saved_experiment1_quality_metadata,6,2,1
30,llama,NousResearch/Meta-Llama-3.1-8B-Instruct,3,ok,direct_json,13,12,False,12,1,6,6,13,12,6,True,True,saved_experiment1_quality_metadata,5,1,1
30,llama,NousResearch/Meta-Llama-3.1-8B-Instruct,4,ok,direct_json,13,12,False,13,0,10,10,13,13,10,True,True,saved_experiment1_quality_metadata,7,3,2
30,llama,NousResearch/Meta-Llama-3.1-8B-Instruct,5,ok,direct_json,12,12,True,12,0,11,11,12,12,11,True,True,saved_experiment1_quality_metadata,11,0,1
31,llama,NousResearch/Meta-Llama-3.1-8B-Instruct,1,ok,direct_json,12,12,True,12,0,12,12,12,12,12,True,True,saved_experiment1_quality_metadata,9,3,1
31,llama,NousResearch/Meta-Llama-3.1-8B-Instruct,2,ok,direct_json,13,12,False,12,1,11,10,13,12,10,True,True,saved_experiment1_quality_metadata,5,5,1
31,llama,NousResearch/Meta-Llama-3.1-8B-Instruct,3,ok,direct_json,13,12,False,13,0,13,13,13,13,13,True,True,saved_experiment1_quality_metadata,7,6,1
31,llama,NousResearch/Meta-Llama-3.1-8B-Instruct,4,ok,direct_json,13,12,False,13,0,13,13,13,13,13,True,True,saved_experiment1_quality_metadata,3,10,1
31,llama,NousResearch/Meta-Llama-3.1-8B-Instruct,5,ok,direct_json,12,12,True,12,0,12,12,12,12,12,True,True,saved_experiment1_quality_metadata,6,6,1
32,llama,NousResearch/Meta-Llama-3.1-8B-Instruct,1,ok,direct_json,13,12,False,13,0,9,9,13,13,9,True,True,saved_experiment1_quality_metadata,3,6,1
32,llama,NousResearch/Meta-Llama-3.1-8B-Instruct,2,ok,direct_json,12,12,True,12,0,12,12,12,12,12,True,True,saved_experiment1_quality_metadata,2,10,1
32,llama,NousResearch/Meta-Llama-3.1-8B-Instruct,3,ok,direct_json,13,12,False,9,4,3,2,13,9,2,True,True,saved_experiment1_quality_metadata,2,0,1
32,llama,NousResearch/Meta-Llama-3.1-8B-Instruct,4,ok,direct_json,13,12,False,10,3,8,5,13,10,5,True,True,saved_experiment1_quality_metadata,3,2,1
32,llama,NousResearch/Meta-Llama-3.1-8B-Instruct,5,ok,direct_json,12,12,True,12,0,12,12,12,12,12,True,True,saved_experiment1_quality_metadata,2,10,1
33,llama,NousResearch/Meta-Llama-3.1-8B-Instruct,1,ok,direct_json,13,12,False,13,0,12,12,13,13,12,True,True,saved_experiment1_quality_metadata,10,2,1
33,llama,NousResearch/Meta-Llama-3.1-8B-Instruct,2,ok,direct_json,13,12,False,13,0,11,11,13,13,11,True,True,saved_experiment1_quality_metadata,9,2,1
33,llama,NousResearch/Meta-Llama-3.1-8B-Instruct,3,ok,direct_json,12,12,True,12,0,11,11,12,12,11,True,True,saved_experiment1_quality_metadata,7,4,1
33,llama,NousResearch/Meta-Llama-3.1-8B-Instruct,4,ok,direct_json,13,12,False,13,0,12,12,13,13,12,True,True,saved_experiment1_quality_metadata,8,4,1
33,llama,NousResearch/Meta-Llama-3.1-8B-Instruct,5,ok,direct_json,12,12,True,12,0,11,11,12,12,11,True,True,saved_experiment1_quality_metadata,7,4,1
34,llama,NousResearch/Meta-Llama-3.1-8B-Instruct,1,ok,direct_json,12,12,True,12,0,11,11,12,12,11,True,True,saved_experiment1_quality_metadata,8,3,1
34,llama,NousResearch/Meta-Llama-3.1-8B-Instruct,2,ok,direct_json,12,12,True,12,0,2,2,12,12,2,True,True,saved_experiment1_quality_metadata,2,0,1
34,llama,NousResearch/Meta-Llama-3.1-8B-Instruct,3,ok,direct_json,12,12,True,12,0,12,12,12,12,12,True,True,saved_experiment1_quality_metadata,12,0,1
34,llama,NousResearch/Meta-Llama-3.1-8B-Instruct,4,ok,direct_json,13,12,False,12,1,13,12,13,12,12,True,True,saved_experiment1_quality_metadata,3,9,1
34,llama,NousResearch/Meta-Llama-3.1-8B-Instruct,5,ok,direct_json,12,12,True,12,0,10,10,12,12,10,True,True,saved_experiment1_quality_metadata,10,0,1
35,llama,NousResearch/Meta-Llama-3.1-8B-Instruct,1,ok,direct_json,13,12,False,13,0,11,11,13,13,11,True,True,saved_experiment1_quality_metadata,5,6,1
35,llama,NousResearch/Meta-Llama-3.1-8B-Instruct,2,ok,direct_json,12,12,True,9,3,11,8,12,9,8,True,True,saved_experiment1_quality_metadata,5,3,1
35,llama,NousResearch/Meta-Llama-3.1-8B-Instruct,3,ok,direct_json,12,12,True,12,0,9,9,12,12,9,True,True,saved_experiment1_quality_metadata,9,0,1
35,llama,NousResearch/Meta-Llama-3.1-8B-Instruct,4,ok,direct_json,12,12,True,11,1,1,1,12,11,1,True,True,saved_experiment1_quality_metadata,1,0,1
35,llama,NousResearch/Meta-Llama-3.1-8B-Instruct,5,ok,direct_json,13,12,False,12,1,13,12,13,12,12,True,True,saved_experiment1_quality_metadata,5,7,1
36,llama,NousResearch/Meta-Llama-3.1-8B-Instruct,1,ok,direct_json,12,12,True,12,0,12,12,12,12,12,True,True,saved_experiment1_quality_metadata,8,4,1
36,llama,NousResearch/Meta-Llama-3.1-8B-Instruct,2,ok,direct_json,12,12,True,7,5,10,6,12,7,6,True,True,saved_experiment1_quality_metadata,5,1,1
36,llama,NousResearch/Meta-Llama-3.1-8B-Instruct,3,ok,direct_json,13,12,False,13,0,13,13,13,13,13,True,True,saved_experiment1_quality_metadata,11,2,1
36,llama,NousResearch/Meta-Llama-3.1-8B-Instruct,4,ok,direct_json,14,12,False,8,6,11,5,14,8,5,True,True,saved_experiment1_quality_metadata,2,3,1
36,llama,NousResearch/Meta-Llama-3.1-8B-Instruct,5,ok,direct_json,12,12,True,11,1,11,10,12,11,10,True,True,saved_experiment1_quality_metadata,3,7,1
37,llama,NousResearch/Meta-Llama-3.1-8B-Instruct,1,ok,direct_json,13,12,False,13,0,13,13,13,13,13,True,True,saved_experiment1_quality_metadata,10,3,1
37,llama,NousResearch/Meta-Llama-3.1-8B-Instruct,2,ok,direct_json,12,12,True,11,1,8,8,12,11,8,True,True,saved_experiment1_quality_metadata,8,0,1
37,llama,NousResearch/Meta-Llama-3.1-8B-Instruct,3,ok,direct_json,13,12,False,13,0,13,13,13,13,13,True,True,saved_experiment1_quality_metadata,6,7,1
37,llama,NousResearch/Meta-Llama-3.1-8B-Instruct,4,ok,direct_json,12,12,True,12,0,12,12,12,12,12,True,True,saved_experiment1_quality_metadata,8,4,1
37,llama,NousResearch/Meta-Llama-3.1-8B-Instruct,5,ok,direct_json,12,12,True,12,0,12,12,12,12,12,True,True,saved_experiment1_quality_metadata,1,11,1
38,llama,NousResearch/Meta-Llama-3.1-8B-Instruct,1,ok,direct_json,13,12,False,9,4,13,9,13,9,9,True,True,saved_experiment1_quality_metadata,7,2,1
38,llama,NousResearch/Meta-Llama-3.1-8B-Instruct,2,ok,direct_json,12,12,True,12,0,12,12,12,12,12,True,True,saved_experiment1_quality_metadata,10,2,1
38,llama,NousResearch/Meta-Llama-3.1-8B-Instruct,3,ok,direct_json,13,12,False,13,0,13,13,13,13,13,True,True,saved_experiment1_quality_metadata,13,0,1
38,llama,NousResearch/Meta-Llama-3.1-8B-Instruct,4,ok,direct_json,13,12,False,12,1,13,12,13,12,12,True,True,saved_experiment1_quality_metadata,9,3,1
38,llama,NousResearch/Meta-Llama-3.1-8B-Instruct,5,ok,direct_json,12,12,True,12,0,12,12,12,12,12,True,True,saved_experiment1_quality_metadata,3,9,1
39,llama,NousResearch/Meta-Llama-3.1-8B-Instruct,1,ok,direct_json,13,12,False,13,0,13,13,13,13,13,True,True,saved_experiment1_quality_metadata,6,7,1
39,llama,NousResearch/Meta-Llama-3.1-8B-Instruct,2,ok,direct_json,13,12,False,13,0,13,13,13,13,13,True,True,saved_experiment1_quality_metadata,6,7,1
39,llama,NousResearch/Meta-Llama-3.1-8B-Instruct,3,ok,direct_json,13,12,False,13,0,12,12,13,13,12,True,True,saved_experiment1_quality_metadata,5,7,1
39,llama,NousResearch/Meta-Llama-3.1-8B-Instruct,4,ok,direct_json,13,12,False,12,1,13,12,13,12,12,True,True,saved_experiment1_quality_metadata,1,11,1
39,llama,NousResearch/Meta-Llama-3.1-8B-Instruct,5,ok,direct_json,13,12,False,11,2,13,11,13,11,11,True,True,saved_experiment1_quality_metadata,5,6,1
4,llama,NousResearch/Meta-Llama-3.1-8B-Instruct,1,ok,direct_json,12,12,True,10,2,12,10,12,10,10,True,True,saved_experiment1_quality_metadata,5,5,1
4,llama,NousResearch/Meta-Llama-3.1-8B-Instruct,2,ok,direct_json,13,12,False,13,0,13,13,13,13,13,True,True,saved_experiment1_quality_metadata,4,9,1
4,llama,NousResearch/Meta-Llama-3.1-8B-Instruct,3,ok,direct_json,12,12,True,11,1,11,10,12,11,10,True,True,saved_experiment1_quality_metadata,6,4,1
4,llama,NousResearch/Meta-Llama-3.1-8B-Instruct,4,ok,direct_json,12,12,True,12,0,12,12,12,12,12,True,True,saved_experiment1_quality_metadata,3,9,1
4,llama,NousResearch/Meta-Llama-3.1-8B-Instruct,5,ok,direct_json,12,12,True,12,0,3,3,12,12,3,True,True,saved_experiment1_quality_metadata,3,0,1
40,llama,NousResearch/Meta-Llama-3.1-8B-Instruct,1,ok,direct_json,13,12,False,13,0,12,12,13,13,12,True,True,saved_experiment1_quality_metadata,6,6,1
40,llama,NousResearch/Meta-Llama-3.1-8B-Instruct,2,ok,direct_json,13,12,False,6,7,5,3,13,6,3,True,True,saved_experiment1_quality_metadata,2,1,1
40,llama,NousResearch/Meta-Llama-3.1-8B-Instruct,3,ok,direct_json,12,12,True,11,1,8,7,12,11,7,True,True,saved_experiment1_quality_metadata,5,2,1
40,llama,NousResearch/Meta-Llama-3.1-8B-Instruct,4,ok,direct_json,13,12,False,11,2,13,11,13,11,11,True,True,saved_experiment1_quality_metadata,1,10,2
40,llama,NousResearch/Meta-Llama-3.1-8B-Instruct,5,ok,direct_json,13,12,False,11,2,13,11,13,11,11,True,True,saved_experiment1_quality_metadata,1,10,1
41,llama,NousResearch/Meta-Llama-3.1-8B-Instruct,1,ok,direct_json,13,12,False,9,4,13,9,13,9,9,True,True,saved_experiment1_quality_metadata,3,6,1
41,llama,NousResearch/Meta-Llama-3.1-8B-Instruct,2,ok,direct_json,13,12,False,10,3,4,3,13,10,3,True,True,saved_experiment1_quality_metadata,3,0,1
41,llama,NousResearch/Meta-Llama-3.1-8B-Instruct,3,ok,direct_json,14,12,False,12,2,11,10,14,12,10,True,True,saved_experiment1_quality_metadata,7,3,1
41,llama,NousResearch/Meta-Llama-3.1-8B-Instruct,4,ok,direct_json,13,12,False,13,0,13,13,13,13,13,True,True,saved_experiment1_quality_metadata,1,12,1
41,llama,NousResearch/Meta-Llama-3.1-8B-Instruct,5,ok,direct_json,13,12,False,12,1,13,12,13,12,12,True,True,saved_experiment1_quality_metadata,2,10,1
42,llama,NousResearch/Meta-Llama-3.1-8B-Instruct,1,ok,direct_json,13,12,False,10,3,13,10,13,10,10,True,True,saved_experiment1_quality_metadata,6,4,1
42,llama,NousResearch/Meta-Llama-3.1-8B-Instruct,2,ok,direct_json,13,12,False,12,1,13,12,13,12,12,True,True,saved_experiment1_quality_metadata,6,6,1
42,llama,NousResearch/Meta-Llama-3.1-8B-Instruct,3,ok,direct_json,13,12,False,12,1,13,12,13,12,12,True,True,saved_experiment1_quality_metadata,6,6,1
42,llama,NousResearch/Meta-Llama-3.1-8B-Instruct,4,ok,direct_json,12,12,True,11,1,9,8,12,11,8,True,True,saved_experiment1_quality_metadata,7,1,1
42,llama,NousResearch/Meta-Llama-3.1-8B-Instruct,5,ok,direct_json,13,12,False,12,1,13,12,13,12,12,True,True,saved_experiment1_quality_metadata,5,7,1
43,llama,NousResearch/Meta-Llama-3.1-8B-Instruct,1,ok,direct_json,12,12,True,12,0,11,11,12,12,11,True,True,saved_experiment1_quality_metadata,6,5,1
43,llama,NousResearch/Meta-Llama-3.1-8B-Instruct,2,ok,direct_json,13,12,False,12,1,13,12,13,12,12,True,True,saved_experiment1_quality_metadata,7,5,1
43,llama,NousResearch/Meta-Llama-3.1-8B-Instruct,3,ok,direct_json,13,12,False,13,0,13,13,13,13,13,True,True,saved_experiment1_quality_metadata,5,8,1
43,llama,NousResearch/Meta-Llama-3.1-8B-Instruct,4,ok,direct_json,12,12,True,12,0,12,12,12,12,12,True,True,saved_experiment1_quality_metadata,5,7,1
43,llama,NousResearch/Meta-Llama-3.1-8B-Instruct,5,ok,direct_json,12,12,True,11,1,12,11,12,11,11,True,True,saved_experiment1_quality_metadata,6,5,1
44,llama,NousResearch/Meta-Llama-3.1-8B-Instruct,1,ok,direct_json,13,12,False,9,4,13,9,13,9,9,True,True,saved_experiment1_quality_metadata,5,4,1
44,llama,NousResearch/Meta-Llama-3.1-8B-Instruct,2,ok,direct_json,13,12,False,12,1,13,12,13,12,12,True,True,saved_experiment1_quality_metadata,3,9,1
44,llama,NousResearch/Meta-Llama-3.1-8B-Instruct,3,ok,direct_json,13,12,False,10,3,10,7,13,10,7,True,True,saved_experiment1_quality_metadata,6,1,1
44,llama,NousResearch/Meta-Llama-3.1-8B-Instruct,4,ok,direct_json,12,12,True,10,2,11,9,12,10,9,True,True,saved_experiment1_quality_metadata,7,2,2
44,llama,NousResearch/Meta-Llama-3.1-8B-Instruct,5,ok,direct_json,14,12,False,10,4,14,10,14,10,10,True,True,saved_experiment1_quality_metadata,3,7,1
45,llama,NousResearch/Meta-Llama-3.1-8B-Instruct,1,ok,direct_json,13,12,False,11,2,11,9,13,11,9,True,True,saved_experiment1_quality_metadata,5,4,1
45,llama,NousResearch/Meta-Llama-3.1-8B-Instruct,2,ok,direct_json,13,12,False,12,1,13,12,13,12,12,True,True,saved_experiment1_quality_metadata,2,10,1
45,llama,NousResearch/Meta-Llama-3.1-8B-Instruct,3,ok,direct_json,13,12,False,8,5,13,8,13,8,8,True,True,saved_experiment1_quality_metadata,3,5,1
45,llama,NousResearch/Meta-Llama-3.1-8B-Instruct,4,ok,direct_json,12,12,True,7,5,11,6,12,7,6,True,True,saved_experiment1_quality_metadata,1,5,1
45,llama,NousResearch/Meta-Llama-3.1-8B-Instruct,5,ok,direct_json,14,12,False,13,1,11,11,14,13,11,True,True,saved_experiment1_quality_metadata,8,3,1
46,llama,NousResearch/Meta-Llama-3.1-8B-Instruct,1,ok,direct_json,12,12,True,6,6,9,4,12,6,4,True,True,saved_experiment1_quality_metadata,2,2,1
46,llama,NousResearch/Meta-Llama-3.1-8B-Instruct,2,ok,direct_json,12,12,True,12,0,9,9,12,12,9,True,True,saved_experiment1_quality_metadata,7,2,1
46,llama,NousResearch/Meta-Llama-3.1-8B-Instruct,3,ok,direct_json,12,12,True,12,0,11,11,12,12,11,True,True,saved_experiment1_quality_metadata,9,2,1
46,llama,NousResearch/Meta-Llama-3.1-8B-Instruct,4,ok,direct_json,13,12,False,10,3,12,9,13,10,9,True,True,saved_experiment1_quality_metadata,2,7,1
46,llama,NousResearch/Meta-Llama-3.1-8B-Instruct,5,ok,direct_json,13,12,False,11,2,13,11,13,11,11,True,True,saved_experiment1_quality_metadata,6,5,1
47,llama,NousResearch/Meta-Llama-3.1-8B-Instruct,1,ok,direct_json,13,12,False,12,1,11,10,13,12,10,True,True,saved_experiment1_quality_metadata,5,5,1
47,llama,NousResearch/Meta-Llama-3.1-8B-Instruct,2,ok,direct_json,12,12,True,12,0,12,12,12,12,12,True,True,saved_experiment1_quality_metadata,8,4,1
47,llama,NousResearch/Meta-Llama-3.1-8B-Instruct,3,ok,direct_json,12,12,True,12,0,12,12,12,12,12,True,True,saved_experiment1_quality_metadata,6,6,1
47,llama,NousResearch/Meta-Llama-3.1-8B-Instruct,4,ok,direct_json,13,12,False,11,2,13,11,13,11,11,True,True,saved_experiment1_quality_metadata,6,5,1
47,llama,NousResearch/Meta-Llama-3.1-8B-Instruct,5,ok,direct_json,13,12,False,13,0,12,12,13,13,12,True,True,saved_experiment1_quality_metadata,11,1,1
48,llama,NousResearch/Meta-Llama-3.1-8B-Instruct,1,ok,direct_json,13,12,False,11,2,13,11,13,11,11,True,True,saved_experiment1_quality_metadata,8,3,1
48,llama,NousResearch/Meta-Llama-3.1-8B-Instruct,2,ok,direct_json,12,12,True,12,0,10,10,12,12,10,True,True,saved_experiment1_quality_metadata,9,1,1
48,llama,NousResearch/Meta-Llama-3.1-8B-Instruct,3,ok,direct_json,12,12,True,12,0,7,7,12,12,7,True,True,saved_experiment1_quality_metadata,5,2,1
48,llama,NousResearch/Meta-Llama-3.1-8B-Instruct,4,ok,direct_json,13,12,False,11,2,13,11,13,11,11,True,True,saved_experiment1_quality_metadata,1,10,1
48,llama,NousResearch/Meta-Llama-3.1-8B-Instruct,5,ok,direct_json,12,12,True,11,1,10,9,12,11,9,True,True,saved_experiment1_quality_metadata,9,0,1
49,llama,NousResearch/Meta-Llama-3.1-8B-Instruct,1,ok,direct_json,12,12,True,12,0,12,12,12,12,12,True,True,saved_experiment1_quality_metadata,1,11,1
49,llama,NousResearch/Meta-Llama-3.1-8B-Instruct,2,ok,direct_json,13,12,False,13,0,13,13,13,13,13,True,True,saved_experiment1_quality_metadata,6,7,1
49,llama,NousResearch/Meta-Llama-3.1-8B-Instruct,3,ok,direct_json,12,12,True,11,1,11,10,12,11,10,True,True,saved_experiment1_quality_metadata,3,7,1
49,llama,NousResearch/Meta-Llama-3.1-8B-Instruct,4,ok,direct_json,13,12,False,11,2,13,11,13,11,11,True,True,saved_experiment1_quality_metadata,7,4,1
49,llama,NousResearch/Meta-Llama-3.1-8B-Instruct,5,ok,direct_json,13,12,False,13,0,13,13,13,13,13,True,True,saved_experiment1_quality_metadata,4,9,1
5,llama,NousResearch/Meta-Llama-3.1-8B-Instruct,1,ok,direct_json,12,12,True,12,0,12,12,12,12,12,True,True,saved_experiment1_quality_metadata,7,5,1
5,llama,NousResearch/Meta-Llama-3.1-8B-Instruct,2,ok,direct_json,12,12,True,10,2,12,10,12,10,10,True,True,saved_experiment1_quality_metadata,6,4,1
5,llama,NousResearch/Meta-Llama-3.1-8B-Instruct,3,ok,direct_json,12,12,True,5,7,5,2,12,5,2,True,True,saved_experiment1_quality_metadata,2,0,1
5,llama,NousResearch/Meta-Llama-3.1-8B-Instruct,4,ok,direct_json,12,12,True,12,0,12,12,12,12,12,True,True,saved_experiment1_quality_metadata,1,11,1
5,llama,NousResearch/Meta-Llama-3.1-8B-Instruct,5,ok,direct_json,12,12,True,12,0,5,5,12,12,5,True,True,saved_experiment1_quality_metadata,5,0,1
50,llama,NousResearch/Meta-Llama-3.1-8B-Instruct,1,ok,direct_json,12,12,True,12,0,10,10,12,12,10,True,True,saved_experiment1_quality_metadata,7,3,1
50,llama,NousResearch/Meta-Llama-3.1-8B-Instruct,2,ok,direct_json,12,12,True,10,2,11,9,12,10,9,True,True,saved_experiment1_quality_metadata,7,2,1
50,llama,NousResearch/Meta-Llama-3.1-8B-Instruct,3,ok,direct_json,13,12,False,8,5,9,6,13,8,6,True,True,saved_experiment1_quality_metadata,5,1,1
50,llama,NousResearch/Meta-Llama-3.1-8B-Instruct,4,ok,direct_json,12,12,True,12,0,12,12,12,12,12,True,True,saved_experiment1_quality_metadata,6,6,1
50,llama,NousResearch/Meta-Llama-3.1-8B-Instruct,5,ok,direct_json,13,12,False,13,0,12,12,13,13,12,True,True,saved_experiment1_quality_metadata,5,7,1
51,llama,NousResearch/Meta-Llama-3.1-8B-Instruct,1,ok,direct_json,13,12,False,12,1,13,12,13,12,12,True,True,saved_experiment1_quality_metadata,6,6,1
51,llama,NousResearch/Meta-Llama-3.1-8B-Instruct,2,ok,direct_json,12,12,True,12,0,10,10,12,12,10,True,True,saved_experiment1_quality_metadata,10,0,1
51,llama,NousResearch/Meta-Llama-3.1-8B-Instruct,3,ok,direct_json,13,12,False,13,0,13,13,13,13,13,True,True,saved_experiment1_quality_metadata,11,2,1
51,llama,NousResearch/Meta-Llama-3.1-8B-Instruct,4,ok,direct_json,12,12,True,12,0,10,10,12,12,10,True,True,saved_experiment1_quality_metadata,9,1,1
51,llama,NousResearch/Meta-Llama-3.1-8B-Instruct,5,ok,direct_json,12,12,True,12,0,11,11,12,12,11,True,True,saved_experiment1_quality_metadata,10,1,1
52,llama,NousResearch/Meta-Llama-3.1-8B-Instruct,1,ok,direct_json,13,12,False,12,1,12,11,13,12,11,True,True,saved_experiment1_quality_metadata,5,6,1
52,llama,NousResearch/Meta-Llama-3.1-8B-Instruct,2,ok,direct_json,13,12,False,13,0,13,13,13,13,13,True,True,saved_experiment1_quality_metadata,3,10,1
52,llama,NousResearch/Meta-Llama-3.1-8B-Instruct,3,ok,direct_json,13,12,False,13,0,13,13,13,13,13,True,True,saved_experiment1_quality_metadata,6,7,1
52,llama,NousResearch/Meta-Llama-3.1-8B-Instruct,4,ok,direct_json,13,12,False,13,0,10,10,13,13,10,True,True,saved_experiment1_quality_metadata,7,3,1
52,llama,NousResearch/Meta-Llama-3.1-8B-Instruct,5,ok,direct_json,13,12,False,13,0,13,13,13,13,13,True,True,saved_experiment1_quality_metadata,7,6,1
53,llama,NousResearch/Meta-Llama-3.1-8B-Instruct,1,ok,direct_json,12,12,True,10,2,12,10,12,10,10,True,True,saved_experiment1_quality_metadata,5,5,1
53,llama,NousResearch/Meta-Llama-3.1-8B-Instruct,2,ok,direct_json,13,12,False,11,2,8,7,13,11,7,True,True,saved_experiment1_quality_metadata,6,1,1
53,llama,NousResearch/Meta-Llama-3.1-8B-Instruct,3,ok,direct_json,12,12,True,12,0,12,12,12,12,12,True,True,saved_experiment1_quality_metadata,6,6,1
53,llama,NousResearch/Meta-Llama-3.1-8B-Instruct,4,ok,direct_json,12,12,True,11,1,12,11,12,11,11,True,True,saved_experiment1_quality_metadata,2,9,1
53,llama,NousResearch/Meta-Llama-3.1-8B-Instruct,5,ok,direct_json,13,12,False,9,4,13,9,13,9,9,True,True,saved_experiment1_quality_metadata,3,6,1
54,llama,NousResearch/Meta-Llama-3.1-8B-Instruct,1,ok,direct_json,13,12,False,13,0,13,13,13,13,13,True,True,saved_experiment1_quality_metadata,5,8,1
54,llama,NousResearch/Meta-Llama-3.1-8B-Instruct,2,ok,direct_json,12,12,True,11,1,9,8,12,11,8,True,True,saved_experiment1_quality_metadata,6,2,1
54,llama,NousResearch/Meta-Llama-3.1-8B-Instruct,3,ok,direct_json,13,12,False,10,3,13,10,13,10,10,True,True,saved_experiment1_quality_metadata,3,7,1
54,llama,NousResearch/Meta-Llama-3.1-8B-Instruct,4,ok,direct_json,12,12,True,12,0,12,12,12,12,12,True,True,saved_experiment1_quality_metadata,9,3,1
54,llama,NousResearch/Meta-Llama-3.1-8B-Instruct,5,ok,direct_json,13,12,False,11,2,7,5,13,11,5,True,True,saved_experiment1_quality_metadata,4,1,1
55,llama,NousResearch/Meta-Llama-3.1-8B-Instruct,1,ok,direct_json,13,12,False,13,0,13,13,13,13,13,True,True,saved_experiment1_quality_metadata,3,10,1
55,llama,NousResearch/Meta-Llama-3.1-8B-Instruct,2,ok,direct_json,13,12,False,12,1,13,12,13,12,12,True,True,saved_experiment1_quality_metadata,3,9,1
55,llama,NousResearch/Meta-Llama-3.1-8B-Instruct,3,ok,direct_json,13,12,False,13,0,13,13,13,13,13,True,True,saved_experiment1_quality_metadata,1,12,1
55,llama,NousResearch/Meta-Llama-3.1-8B-Instruct,4,ok,direct_json,13,12,False,12,1,13,12,13,12,12,True,True,saved_experiment1_quality_metadata,6,6,1
55,llama,NousResearch/Meta-Llama-3.1-8B-Instruct,5,ok,direct_json,12,12,True,12,0,12,12,12,12,12,True,True,saved_experiment1_quality_metadata,2,10,1
56,llama,NousResearch/Meta-Llama-3.1-8B-Instruct,1,ok,direct_json,13,12,False,13,0,6,6,13,13,6,True,True,saved_experiment1_quality_metadata,6,0,1
56,llama,NousResearch/Meta-Llama-3.1-8B-Instruct,2,ok,direct_json,13,12,False,12,1,13,12,13,12,12,True,True,saved_experiment1_quality_metadata,9,3,2
56,llama,NousResearch/Meta-Llama-3.1-8B-Instruct,3,ok,direct_json,12,12,True,12,0,2,2,12,12,2,True,True,saved_experiment1_quality_metadata,2,0,1
56,llama,NousResearch/Meta-Llama-3.1-8B-Instruct,4,ok,direct_json,13,12,False,12,1,13,12,13,12,12,True,True,saved_experiment1_quality_metadata,8,4,1
56,llama,NousResearch/Meta-Llama-3.1-8B-Instruct,5,ok,direct_json,13,12,False,13,0,2,2,13,13,2,True,True,saved_experiment1_quality_metadata,2,0,1
57,llama,NousResearch/Meta-Llama-3.1-8B-Instruct,1,ok,direct_json,12,12,True,11,1,12,11,12,11,11,True,True,saved_experiment1_quality_metadata,6,5,1
57,llama,NousResearch/Meta-Llama-3.1-8B-Instruct,2,ok,direct_json,13,12,False,7,6,13,7,13,7,7,True,True,saved_experiment1_quality_metadata,4,3,1
57,llama,NousResearch/Meta-Llama-3.1-8B-Instruct,3,ok,direct_json,13,12,False,9,4,6,4,13,9,4,True,True,saved_experiment1_quality_metadata,4,0,1
57,llama,NousResearch/Meta-Llama-3.1-8B-Instruct,4,ok,direct_json,13,12,False,10,3,13,10,13,10,10,True,True,saved_experiment1_quality_metadata,3,7,1
57,llama,NousResearch/Meta-Llama-3.1-8B-Instruct,5,ok,direct_json,13,12,False,12,1,13,12,13,12,12,True,True,saved_experiment1_quality_metadata,2,10,2
58,llama,NousResearch/Meta-Llama-3.1-8B-Instruct,1,ok,direct_json,12,12,True,6,6,12,6,12,6,6,True,True,saved_experiment1_quality_metadata,4,2,1
58,llama,NousResearch/Meta-Llama-3.1-8B-Instruct,2,ok,direct_json,12,12,True,10,2,12,10,12,10,10,True,True,saved_experiment1_quality_metadata,7,3,1
58,llama,NousResearch/Meta-Llama-3.1-8B-Instruct,3,ok,direct_json,13,12,False,10,3,13,10,13,10,10,True,True,saved_experiment1_quality_metadata,4,6,1
58,llama,NousResearch/Meta-Llama-3.1-8B-Instruct,4,ok,direct_json,12,12,True,10,2,12,10,12,10,10,True,True,saved_experiment1_quality_metadata,4,6,1
58,llama,NousResearch/Meta-Llama-3.1-8B-Instruct,5,ok,direct_json,13,12,False,10,3,13,10,13,10,10,True,True,saved_experiment1_quality_metadata,3,7,1
59,llama,NousResearch/Meta-Llama-3.1-8B-Instruct,1,ok,direct_json,12,12,True,10,2,12,10,12,10,10,True,True,saved_experiment1_quality_metadata,5,5,1
59,llama,NousResearch/Meta-Llama-3.1-8B-Instruct,2,ok,direct_json,13,12,False,8,5,13,8,13,8,8,True,True,saved_experiment1_quality_metadata,5,3,1
59,llama,NousResearch/Meta-Llama-3.1-8B-Instruct,3,ok,direct_json,12,12,True,12,0,12,12,12,12,12,True,True,saved_experiment1_quality_metadata,6,6,1
59,llama,NousResearch/Meta-Llama-3.1-8B-Instruct,4,ok,direct_json,13,12,False,12,1,13,12,13,12,12,True,True,saved_experiment1_quality_metadata,5,7,1
59,llama,NousResearch/Meta-Llama-3.1-8B-Instruct,5,ok,direct_json,13,12,False,12,1,12,11,13,12,11,True,True,saved_experiment1_quality_metadata,9,2,1
6,llama,NousResearch/Meta-Llama-3.1-8B-Instruct,1,ok,direct_json,12,12,True,12,0,11,11,12,12,11,True,True,saved_experiment1_quality_metadata,8,3,1
6,llama,NousResearch/Meta-Llama-3.1-8B-Instruct,2,ok,direct_json,13,12,False,13,0,13,13,13,13,13,True,True,saved_experiment1_quality_metadata,5,8,1
6,llama,NousResearch/Meta-Llama-3.1-8B-Instruct,3,ok,direct_json,13,12,False,12,1,13,12,13,12,12,True,True,saved_experiment1_quality_metadata,6,6,1
6,llama,NousResearch/Meta-Llama-3.1-8B-Instruct,4,ok,direct_json,12,12,True,12,0,12,12,12,12,12,True,True,saved_experiment1_quality_metadata,4,8,1
6,llama,NousResearch/Meta-Llama-3.1-8B-Instruct,5,ok,direct_json,13,12,False,13,0,13,13,13,13,13,True,True,saved_experiment1_quality_metadata,7,6,1
60,llama,NousResearch/Meta-Llama-3.1-8B-Instruct,1,ok,direct_json,13,12,False,11,2,12,10,13,11,10,True,True,saved_experiment1_quality_metadata,8,2,1
60,llama,NousResearch/Meta-Llama-3.1-8B-Instruct,2,ok,direct_json,12,12,True,12,0,6,6,12,12,6,True,True,saved_experiment1_quality_metadata,4,2,1
60,llama,NousResearch/Meta-Llama-3.1-8B-Instruct,3,ok,direct_json,12,12,True,11,1,12,11,12,11,11,True,True,saved_experiment1_quality_metadata,6,5,1
60,llama,NousResearch/Meta-Llama-3.1-8B-Instruct,4,ok,direct_json,12,12,True,12,0,10,10,12,12,10,True,True,saved_experiment1_quality_metadata,7,3,1
60,llama,NousResearch/Meta-Llama-3.1-8B-Instruct,5,ok,direct_json,13,12,False,13,0,3,3,13,13,3,True,True,saved_experiment1_quality_metadata,3,0,1
61,llama,NousResearch/Meta-Llama-3.1-8B-Instruct,1,ok,direct_json,12,12,True,12,0,11,11,12,12,11,True,True,saved_experiment1_quality_metadata,9,2,1
61,llama,NousResearch/Meta-Llama-3.1-8B-Instruct,2,ok,direct_json,13,12,False,9,4,10,7,13,9,7,True,True,saved_experiment1_quality_metadata,6,1,1
61,llama,NousResearch/Meta-Llama-3.1-8B-Instruct,3,ok,direct_json,13,12,False,13,0,10,10,13,13,10,True,True,saved_experiment1_quality_metadata,9,1,1
61,llama,NousResearch/Meta-Llama-3.1-8B-Instruct,4,ok,direct_json,13,12,False,13,0,7,7,13,13,7,True,True,saved_experiment1_quality_metadata,6,1,1
61,llama,NousResearch/Meta-Llama-3.1-8B-Instruct,5,ok,direct_json,13,12,False,13,0,13,13,13,13,13,True,True,saved_experiment1_quality_metadata,5,8,1
62,llama,NousResearch/Meta-Llama-3.1-8B-Instruct,1,ok,direct_json,13,12,False,12,1,13,12,13,12,12,True,True,saved_experiment1_quality_metadata,8,4,1
62,llama,NousResearch/Meta-Llama-3.1-8B-Instruct,2,ok,direct_json,13,12,False,13,0,13,13,13,13,13,True,True,saved_experiment1_quality_metadata,8,5,1
62,llama,NousResearch/Meta-Llama-3.1-8B-Instruct,3,ok,direct_json,13,12,False,13,0,13,13,13,13,13,True,True,saved_experiment1_quality_metadata,12,1,1
62,llama,NousResearch/Meta-Llama-3.1-8B-Instruct,4,ok,direct_json,12,12,True,11,1,12,11,12,11,11,True,True,saved_experiment1_quality_metadata,2,9,1
62,llama,NousResearch/Meta-Llama-3.1-8B-Instruct,5,ok,direct_json,13,12,False,9,4,13,9,13,9,9,True,True,saved_experiment1_quality_metadata,4,5,1
63,llama,NousResearch/Meta-Llama-3.1-8B-Instruct,1,ok,direct_json,13,12,False,12,1,7,7,13,12,7,True,True,saved_experiment1_quality_metadata,5,2,1
63,llama,NousResearch/Meta-Llama-3.1-8B-Instruct,2,ok,direct_json,13,12,False,10,3,13,10,13,10,10,True,True,saved_experiment1_quality_metadata,5,5,1
63,llama,NousResearch/Meta-Llama-3.1-8B-Instruct,3,ok,direct_json,12,12,True,12,0,12,12,12,12,12,True,True,saved_experiment1_quality_metadata,3,9,1
63,llama,NousResearch/Meta-Llama-3.1-8B-Instruct,4,ok,direct_json,13,12,False,13,0,13,13,13,13,13,True,True,saved_experiment1_quality_metadata,5,8,1
63,llama,NousResearch/Meta-Llama-3.1-8B-Instruct,5,ok,direct_json,14,12,False,14,0,11,11,14,14,11,True,True,saved_experiment1_quality_metadata,7,4,1
64,llama,NousResearch/Meta-Llama-3.1-8B-Instruct,1,ok,direct_json,12,12,True,9,3,11,8,12,9,8,True,True,saved_experiment1_quality_metadata,6,2,1
64,llama,NousResearch/Meta-Llama-3.1-8B-Instruct,2,ok,direct_json,12,12,True,11,1,11,10,12,11,10,True,True,saved_experiment1_quality_metadata,9,1,1
64,llama,NousResearch/Meta-Llama-3.1-8B-Instruct,3,ok,direct_json,14,12,False,9,5,12,7,14,9,7,True,True,saved_experiment1_quality_metadata,3,4,1
64,llama,NousResearch/Meta-Llama-3.1-8B-Instruct,4,ok,direct_json,13,12,False,10,3,13,10,13,10,10,True,True,saved_experiment1_quality_metadata,7,3,1
64,llama,NousResearch/Meta-Llama-3.1-8B-Instruct,5,ok,direct_json,13,12,False,10,3,13,10,13,10,10,True,True,saved_experiment1_quality_metadata,5,5,1
65,llama,NousResearch/Meta-Llama-3.1-8B-Instruct,1,ok,direct_json,13,12,False,13,0,13,13,13,13,13,True,True,saved_experiment1_quality_metadata,6,7,1
65,llama,NousResearch/Meta-Llama-3.1-8B-Instruct,2,ok,direct_json,13,12,False,12,1,13,12,13,12,12,True,True,saved_experiment1_quality_metadata,3,9,1
65,llama,NousResearch/Meta-Llama-3.1-8B-Instruct,3,ok,direct_json,12,12,True,12,0,12,12,12,12,12,True,True,saved_experiment1_quality_metadata,6,6,1
65,llama,NousResearch/Meta-Llama-3.1-8B-Instruct,4,ok,direct_json,13,12,False,12,1,13,12,13,12,12,True,True,saved_experiment1_quality_metadata,11,1,1
65,llama,NousResearch/Meta-Llama-3.1-8B-Instruct,5,ok,direct_json,12,12,True,10,2,12,10,12,10,10,True,True,saved_experiment1_quality_metadata,5,5,1
66,llama,NousResearch/Meta-Llama-3.1-8B-Instruct,1,ok,direct_json,12,12,True,12,0,12,12,12,12,12,True,True,saved_experiment1_quality_metadata,5,7,1
66,llama,NousResearch/Meta-Llama-3.1-8B-Instruct,2,ok,direct_json,12,12,True,11,1,5,5,12,11,5,True,True,saved_experiment1_quality_metadata,5,0,1
66,llama,NousResearch/Meta-Llama-3.1-8B-Instruct,3,ok,direct_json,13,12,False,13,0,11,11,13,13,11,True,True,saved_experiment1_quality_metadata,8,3,1
66,llama,NousResearch/Meta-Llama-3.1-8B-Instruct,4,ok,direct_json,13,12,False,11,2,12,10,13,11,10,True,True,saved_experiment1_quality_metadata,6,4,1
66,llama,NousResearch/Meta-Llama-3.1-8B-Instruct,5,ok,direct_json,12,12,True,11,1,12,11,12,11,11,True,True,saved_experiment1_quality_metadata,6,5,1
67,llama,NousResearch/Meta-Llama-3.1-8B-Instruct,1,ok,direct_json,13,12,False,12,1,13,12,13,12,12,True,True,saved_experiment1_quality_metadata,3,9,1
67,llama,NousResearch/Meta-Llama-3.1-8B-Instruct,2,ok,direct_json,12,12,True,11,1,12,11,12,11,11,True,True,saved_experiment1_quality_metadata,7,4,1
67,llama,NousResearch/Meta-Llama-3.1-8B-Instruct,3,ok,direct_json,12,12,True,11,1,11,10,12,11,10,True,True,saved_experiment1_quality_metadata,6,4,1
67,llama,NousResearch/Meta-Llama-3.1-8B-Instruct,4,ok,direct_json,12,12,True,12,0,12,12,12,12,12,True,True,saved_experiment1_quality_metadata,6,6,1
67,llama,NousResearch/Meta-Llama-3.1-8B-Instruct,5,ok,direct_json,12,12,True,9,3,12,9,12,9,9,True,True,saved_experiment1_quality_metadata,6,3,1
68,llama,NousResearch/Meta-Llama-3.1-8B-Instruct,1,ok,direct_json,13,12,False,13,0,8,8,13,13,8,True,True,saved_experiment1_quality_metadata,5,3,1
68,llama,NousResearch/Meta-Llama-3.1-8B-Instruct,2,ok,direct_json,12,12,True,12,0,5,5,12,12,5,True,True,saved_experiment1_quality_metadata,5,0,1
68,llama,NousResearch/Meta-Llama-3.1-8B-Instruct,3,ok,direct_json,12,12,True,8,4,6,5,12,8,5,True,True,saved_experiment1_quality_metadata,5,0,1
68,llama,NousResearch/Meta-Llama-3.1-8B-Instruct,4,ok,direct_json,13,12,False,11,2,11,10,13,11,10,True,True,saved_experiment1_quality_metadata,5,5,1
68,llama,NousResearch/Meta-Llama-3.1-8B-Instruct,5,ok,direct_json,13,12,False,12,1,1,1,13,12,1,True,True,saved_experiment1_quality_metadata,1,0,2
69,llama,NousResearch/Meta-Llama-3.1-8B-Instruct,1,ok,direct_json,12,12,True,12,0,12,12,12,12,12,True,True,saved_experiment1_quality_metadata,3,9,1
69,llama,NousResearch/Meta-Llama-3.1-8B-Instruct,2,ok,direct_json,13,12,False,12,1,13,12,13,12,12,True,True,saved_experiment1_quality_metadata,10,2,1
69,llama,NousResearch/Meta-Llama-3.1-8B-Instruct,3,ok,direct_json,12,12,True,10,2,12,10,12,10,10,True,True,saved_experiment1_quality_metadata,4,6,1
69,llama,NousResearch/Meta-Llama-3.1-8B-Instruct,4,ok,direct_json,13,12,False,12,1,13,12,13,12,12,True,True,saved_experiment1_quality_metadata,7,5,1
69,llama,NousResearch/Meta-Llama-3.1-8B-Instruct,5,ok,direct_json,13,12,False,13,0,13,13,13,13,13,True,True,saved_experiment1_quality_metadata,12,1,1
7,llama,NousResearch/Meta-Llama-3.1-8B-Instruct,1,ok,direct_json,12,12,True,12,0,12,12,12,12,12,True,True,saved_experiment1_quality_metadata,9,3,1
7,llama,NousResearch/Meta-Llama-3.1-8B-Instruct,2,ok,direct_json,12,12,True,12,0,11,11,12,12,11,True,True,saved_experiment1_quality_metadata,10,1,1
7,llama,NousResearch/Meta-Llama-3.1-8B-Instruct,3,ok,direct_json,13,12,False,13,0,13,13,13,13,13,True,True,saved_experiment1_quality_metadata,5,8,1
7,llama,NousResearch/Meta-Llama-3.1-8B-Instruct,4,ok,direct_json,12,12,True,10,2,12,10,12,10,10,True,True,saved_experiment1_quality_metadata,7,3,1
7,llama,NousResearch/Meta-Llama-3.1-8B-Instruct,5,ok,direct_json,12,12,True,12,0,12,12,12,12,12,True,True,saved_experiment1_quality_metadata,10,2,1
70,llama,NousResearch/Meta-Llama-3.1-8B-Instruct,1,ok,direct_json,12,12,True,12,0,12,12,12,12,12,True,True,saved_experiment1_quality_metadata,9,3,1
70,llama,NousResearch/Meta-Llama-3.1-8B-Instruct,2,ok,direct_json,12,12,True,12,0,12,12,12,12,12,True,True,saved_experiment1_quality_metadata,9,3,1
70,llama,NousResearch/Meta-Llama-3.1-8B-Instruct,3,ok,direct_json,12,12,True,6,6,12,6,12,6,6,True,True,saved_experiment1_quality_metadata,6,0,1
70,llama,NousResearch/Meta-Llama-3.1-8B-Instruct,4,ok,direct_json,13,12,False,13,0,13,13,13,13,13,True,True,saved_experiment1_quality_metadata,8,5,1
70,llama,NousResearch/Meta-Llama-3.1-8B-Instruct,5,ok,direct_json,12,12,True,12,0,12,12,12,12,12,True,True,saved_experiment1_quality_metadata,5,7,1
71,llama,NousResearch/Meta-Llama-3.1-8B-Instruct,1,ok,direct_json,12,12,True,12,0,7,7,12,12,7,True,True,saved_experiment1_quality_metadata,4,3,1
71,llama,NousResearch/Meta-Llama-3.1-8B-Instruct,2,ok,direct_json,13,12,False,13,0,13,13,13,13,13,True,True,saved_experiment1_quality_metadata,7,6,1
71,llama,NousResearch/Meta-Llama-3.1-8B-Instruct,3,ok,direct_json,13,12,False,13,0,11,11,13,13,11,True,True,saved_experiment1_quality_metadata,7,4,1
71,llama,NousResearch/Meta-Llama-3.1-8B-Instruct,4,ok,direct_json,13,12,False,9,4,9,7,13,9,7,True,True,saved_experiment1_quality_metadata,6,1,1
71,llama,NousResearch/Meta-Llama-3.1-8B-Instruct,5,ok,direct_json,13,12,False,11,2,12,10,13,11,10,True,True,saved_experiment1_quality_metadata,7,3,1
72,llama,NousResearch/Meta-Llama-3.1-8B-Instruct,1,ok,direct_json,12,12,True,12,0,12,12,12,12,12,True,True,saved_experiment1_quality_metadata,3,9,1
72,llama,NousResearch/Meta-Llama-3.1-8B-Instruct,2,ok,direct_json,12,12,True,10,2,12,10,12,10,10,True,True,saved_experiment1_quality_metadata,2,8,1
72,llama,NousResearch/Meta-Llama-3.1-8B-Instruct,3,ok,direct_json,12,12,True,10,2,12,10,12,10,10,True,True,saved_experiment1_quality_metadata,1,9,1
72,llama,NousResearch/Meta-Llama-3.1-8B-Instruct,4,ok,direct_json,13,12,False,7,6,13,7,13,7,7,True,True,saved_experiment1_quality_metadata,5,2,1
72,llama,NousResearch/Meta-Llama-3.1-8B-Instruct,5,ok,direct_json,12,12,True,12,0,12,12,12,12,12,True,True,saved_experiment1_quality_metadata,5,7,1
73,llama,NousResearch/Meta-Llama-3.1-8B-Instruct,1,ok,direct_json,12,12,True,12,0,12,12,12,12,12,True,True,saved_experiment1_quality_metadata,7,5,1
73,llama,NousResearch/Meta-Llama-3.1-8B-Instruct,2,ok,direct_json,13,12,False,13,0,13,13,13,13,13,True,True,saved_experiment1_quality_metadata,1,12,1
73,llama,NousResearch/Meta-Llama-3.1-8B-Instruct,3,ok,direct_json,12,12,True,12,0,12,12,12,12,12,True,True,saved_experiment1_quality_metadata,9,3,1
73,llama,NousResearch/Meta-Llama-3.1-8B-Instruct,4,ok,direct_json,13,12,False,13,0,13,13,13,13,13,True,True,saved_experiment1_quality_metadata,7,6,1
73,llama,NousResearch/Meta-Llama-3.1-8B-Instruct,5,ok,direct_json,12,12,True,12,0,12,12,12,12,12,True,True,saved_experiment1_quality_metadata,7,5,1
74,llama,NousResearch/Meta-Llama-3.1-8B-Instruct,1,ok,direct_json,12,12,True,12,0,12,12,12,12,12,True,True,saved_experiment1_quality_metadata,12,0,1
74,llama,NousResearch/Meta-Llama-3.1-8B-Instruct,2,ok,direct_json,12,12,True,9,3,12,9,12,9,9,True,True,saved_experiment1_quality_metadata,6,3,1
74,llama,NousResearch/Meta-Llama-3.1-8B-Instruct,3,ok,direct_json,13,12,False,12,1,13,12,13,12,12,True,True,saved_experiment1_quality_metadata,4,8,1
74,llama,NousResearch/Meta-Llama-3.1-8B-Instruct,4,ok,direct_json,12,12,True,9,3,12,9,12,9,9,True,True,saved_experiment1_quality_metadata,8,1,1
74,llama,NousResearch/Meta-Llama-3.1-8B-Instruct,5,ok,direct_json,12,12,True,12,0,12,12,12,12,12,True,True,saved_experiment1_quality_metadata,8,4,1
75,llama,NousResearch/Meta-Llama-3.1-8B-Instruct,1,ok,direct_json,12,12,True,12,0,12,12,12,12,12,True,True,saved_experiment1_quality_metadata,3,9,1
75,llama,NousResearch/Meta-Llama-3.1-8B-Instruct,2,ok,direct_json,12,12,True,12,0,11,11,12,12,11,True,True,saved_experiment1_quality_metadata,8,3,1
75,llama,NousResearch/Meta-Llama-3.1-8B-Instruct,3,ok,direct_json,13,12,False,13,0,1,1,13,13,1,True,True,saved_experiment1_quality_metadata,1,0,1
75,llama,NousResearch/Meta-Llama-3.1-8B-Instruct,4,ok,direct_json,12,12,True,12,0,12,12,12,12,12,True,True,saved_experiment1_quality_metadata,8,4,1
75,llama,NousResearch/Meta-Llama-3.1-8B-Instruct,5,ok,direct_json,13,12,False,13,0,9,9,13,13,9,True,True,saved_experiment1_quality_metadata,7,2,1
76,llama,NousResearch/Meta-Llama-3.1-8B-Instruct,1,ok,direct_json,12,12,True,12,0,12,12,12,12,12,True,True,saved_experiment1_quality_metadata,4,8,1
76,llama,NousResearch/Meta-Llama-3.1-8B-Instruct,2,ok,direct_json,12,12,True,12,0,12,12,12,12,12,True,True,saved_experiment1_quality_metadata,7,5,1
76,llama,NousResearch/Meta-Llama-3.1-8B-Instruct,3,ok,direct_json,12,12,True,10,2,12,10,12,10,10,True,True,saved_experiment1_quality_metadata,3,7,1
76,llama,NousResearch/Meta-Llama-3.1-8B-Instruct,4,ok,direct_json,13,12,False,8,5,13,8,13,8,8,True,True,saved_experiment1_quality_metadata,1,7,1
76,llama,NousResearch/Meta-Llama-3.1-8B-Instruct,5,ok,direct_json,12,12,True,12,0,12,12,12,12,12,True,True,saved_experiment1_quality_metadata,3,9,2
77,llama,NousResearch/Meta-Llama-3.1-8B-Instruct,1,ok,direct_json,12,12,True,12,0,12,12,12,12,12,True,True,saved_experiment1_quality_metadata,4,8,1
77,llama,NousResearch/Meta-Llama-3.1-8B-Instruct,2,ok,direct_json,13,12,False,13,0,12,12,13,13,12,True,True,saved_experiment1_quality_metadata,2,10,1
77,llama,NousResearch/Meta-Llama-3.1-8B-Instruct,3,ok,direct_json,12,12,True,12,0,12,12,12,12,12,True,True,saved_experiment1_quality_metadata,4,8,1
77,llama,NousResearch/Meta-Llama-3.1-8B-Instruct,4,ok,direct_json,12,12,True,12,0,12,12,12,12,12,True,True,saved_experiment1_quality_metadata,2,10,1
77,llama,NousResearch/Meta-Llama-3.1-8B-Instruct,5,ok,direct_json,12,12,True,12,0,11,11,12,12,11,True,True,saved_experiment1_quality_metadata,4,7,1
78,llama,NousResearch/Meta-Llama-3.1-8B-Instruct,1,ok,direct_json,12,12,True,12,0,12,12,12,12,12,True,True,saved_experiment1_quality_metadata,2,10,1
78,llama,NousResearch/Meta-Llama-3.1-8B-Instruct,2,ok,direct_json,13,12,False,12,1,8,7,13,12,7,True,True,saved_experiment1_quality_metadata,6,1,1
78,llama,NousResearch/Meta-Llama-3.1-8B-Instruct,3,ok,direct_json,13,12,False,11,2,13,11,13,11,11,True,True,saved_experiment1_quality_metadata,3,8,1
78,llama,NousResearch/Meta-Llama-3.1-8B-Instruct,4,ok,direct_json,13,12,False,5,8,13,5,13,5,5,True,True,saved_experiment1_quality_metadata,2,3,1
78,llama,NousResearch/Meta-Llama-3.1-8B-Instruct,5,ok,direct_json,13,12,False,12,1,11,10,13,12,10,True,True,saved_experiment1_quality_metadata,9,1,1
79,llama,NousResearch/Meta-Llama-3.1-8B-Instruct,1,ok,direct_json,13,12,False,11,2,13,11,13,11,11,True,True,saved_experiment1_quality_metadata,2,9,1
79,llama,NousResearch/Meta-Llama-3.1-8B-Instruct,2,ok,direct_json,12,12,True,12,0,9,9,12,12,9,True,True,saved_experiment1_quality_metadata,7,2,1
79,llama,NousResearch/Meta-Llama-3.1-8B-Instruct,3,ok,direct_json,12,12,True,12,0,9,9,12,12,9,True,True,saved_experiment1_quality_metadata,8,1,1
79,llama,NousResearch/Meta-Llama-3.1-8B-Instruct,4,ok,direct_json,13,12,False,10,3,13,10,13,10,10,True,True,saved_experiment1_quality_metadata,7,3,1
79,llama,NousResearch/Meta-Llama-3.1-8B-Instruct,5,ok,direct_json,13,12,False,13,0,11,11,13,13,11,True,True,saved_experiment1_quality_metadata,10,1,1
8,llama,NousResearch/Meta-Llama-3.1-8B-Instruct,1,ok,direct_json,12,12,True,12,0,12,12,12,12,12,True,True,saved_experiment1_quality_metadata,10,2,1
8,llama,NousResearch/Meta-Llama-3.1-8B-Instruct,2,ok,direct_json,12,12,True,12,0,12,12,12,12,12,True,True,saved_experiment1_quality_metadata,3,9,1
8,llama,NousResearch/Meta-Llama-3.1-8B-Instruct,3,ok,direct_json,12,12,True,12,0,12,12,12,12,12,True,True,saved_experiment1_quality_metadata,6,6,1
8,llama,NousResearch/Meta-Llama-3.1-8B-Instruct,4,ok,direct_json,12,12,True,10,2,12,10,12,10,10,True,True,saved_experiment1_quality_metadata,4,6,1
8,llama,NousResearch/Meta-Llama-3.1-8B-Instruct,5,ok,direct_json,12,12,True,12,0,11,11,12,12,11,True,True,saved_experiment1_quality_metadata,9,2,1
80,llama,NousResearch/Meta-Llama-3.1-8B-Instruct,1,ok,direct_json,13,12,False,9,4,13,9,13,9,9,True,True,saved_experiment1_quality_metadata,6,3,1
80,llama,NousResearch/Meta-Llama-3.1-8B-Instruct,2,ok,direct_json,12,12,True,11,1,8,8,12,11,8,True,True,saved_experiment1_quality_metadata,7,1,1
80,llama,NousResearch/Meta-Llama-3.1-8B-Instruct,3,ok,direct_json,12,12,True,11,1,6,5,12,11,5,True,True,saved_experiment1_quality_metadata,3,2,1
80,llama,NousResearch/Meta-Llama-3.1-8B-Instruct,4,ok,direct_json,13,12,False,5,8,13,5,13,5,5,True,True,saved_experiment1_quality_metadata,5,0,1
80,llama,NousResearch/Meta-Llama-3.1-8B-Instruct,5,ok,direct_json,13,12,False,10,3,13,10,13,10,10,True,True,saved_experiment1_quality_metadata,1,9,1
81,llama,NousResearch/Meta-Llama-3.1-8B-Instruct,1,ok,direct_json,13,12,False,8,5,13,8,13,8,8,True,True,saved_experiment1_quality_metadata,5,3,1
81,llama,NousResearch/Meta-Llama-3.1-8B-Instruct,2,ok,direct_json,12,12,True,10,2,1,1,12,10,1,True,True,saved_experiment1_quality_metadata,1,0,1
81,llama,NousResearch/Meta-Llama-3.1-8B-Instruct,3,ok,direct_json,12,12,True,12,0,12,12,12,12,12,True,True,saved_experiment1_quality_metadata,8,4,1
81,llama,NousResearch/Meta-Llama-3.1-8B-Instruct,4,ok,direct_json,13,12,False,7,6,13,7,13,7,7,True,True,saved_experiment1_quality_metadata,3,4,1
81,llama,NousResearch/Meta-Llama-3.1-8B-Instruct,5,ok,direct_json,13,12,False,9,4,13,9,13,9,9,True,True,saved_experiment1_quality_metadata,5,4,1
82,llama,NousResearch/Meta-Llama-3.1-8B-Instruct,1,ok,direct_json,12,12,True,12,0,11,11,12,12,11,True,True,saved_experiment1_quality_metadata,3,8,1
82,llama,NousResearch/Meta-Llama-3.1-8B-Instruct,2,ok,direct_json,12,12,True,10,2,12,10,12,10,10,True,True,saved_experiment1_quality_metadata,7,3,1
82,llama,NousResearch/Meta-Llama-3.1-8B-Instruct,3,ok,direct_json,12,12,True,12,0,12,12,12,12,12,True,True,saved_experiment1_quality_metadata,7,5,1
82,llama,NousResearch/Meta-Llama-3.1-8B-Instruct,4,ok,direct_json,13,12,False,12,1,13,12,13,12,12,True,True,saved_experiment1_quality_metadata,4,8,1
82,llama,NousResearch/Meta-Llama-3.1-8B-Instruct,5,ok,direct_json,12,12,True,12,0,12,12,12,12,12,True,True,saved_experiment1_quality_metadata,9,3,1
83,llama,NousResearch/Meta-Llama-3.1-8B-Instruct,1,ok,direct_json,12,12,True,11,1,12,11,12,11,11,True,True,saved_experiment1_quality_metadata,8,3,1
83,llama,NousResearch/Meta-Llama-3.1-8B-Instruct,2,ok,direct_json,13,12,False,12,1,13,12,13,12,12,True,True,saved_experiment1_quality_metadata,6,6,1
83,llama,NousResearch/Meta-Llama-3.1-8B-Instruct,3,ok,direct_json,12,12,True,12,0,11,11,12,12,11,True,True,saved_experiment1_quality_metadata,2,9,1
83,llama,NousResearch/Meta-Llama-3.1-8B-Instruct,4,ok,direct_json,12,12,True,12,0,11,11,12,12,11,True,True,saved_experiment1_quality_metadata,5,6,1
83,llama,NousResearch/Meta-Llama-3.1-8B-Instruct,5,ok,direct_json,13,12,False,9,4,13,9,13,9,9,True,True,saved_experiment1_quality_metadata,2,7,1
84,llama,NousResearch/Meta-Llama-3.1-8B-Instruct,1,ok,direct_json,13,12,False,11,2,13,11,13,11,11,True,True,saved_experiment1_quality_metadata,4,7,1
84,llama,NousResearch/Meta-Llama-3.1-8B-Instruct,2,ok,direct_json,13,12,False,13,0,13,13,13,13,13,True,True,saved_experiment1_quality_metadata,4,9,1
84,llama,NousResearch/Meta-Llama-3.1-8B-Instruct,3,ok,direct_json,12,12,True,10,2,12,10,12,10,10,True,True,saved_experiment1_quality_metadata,4,6,1
84,llama,NousResearch/Meta-Llama-3.1-8B-Instruct,4,ok,direct_json,12,12,True,12,0,12,12,12,12,12,True,True,saved_experiment1_quality_metadata,6,6,1
84,llama,NousResearch/Meta-Llama-3.1-8B-Instruct,5,ok,direct_json,13,12,False,11,2,13,11,13,11,11,True,True,saved_experiment1_quality_metadata,5,6,2
85,llama,NousResearch/Meta-Llama-3.1-8B-Instruct,1,ok,direct_json,12,12,True,12,0,12,12,12,12,12,True,True,saved_experiment1_quality_metadata,4,8,1
85,llama,NousResearch/Meta-Llama-3.1-8B-Instruct,2,ok,direct_json,12,12,True,11,1,12,11,12,11,11,True,True,saved_experiment1_quality_metadata,5,6,1
85,llama,NousResearch/Meta-Llama-3.1-8B-Instruct,3,ok,direct_json,13,12,False,13,0,13,13,13,13,13,True,True,saved_experiment1_quality_metadata,4,9,1
85,llama,NousResearch/Meta-Llama-3.1-8B-Instruct,4,ok,direct_json,12,12,True,12,0,12,12,12,12,12,True,True,saved_experiment1_quality_metadata,8,4,1
85,llama,NousResearch/Meta-Llama-3.1-8B-Instruct,5,ok,direct_json,12,12,True,12,0,12,12,12,12,12,True,True,saved_experiment1_quality_metadata,4,8,1
86,llama,NousResearch/Meta-Llama-3.1-8B-Instruct,1,ok,direct_json,12,12,True,9,3,9,7,12,9,7,True,True,saved_experiment1_quality_metadata,4,3,1
86,llama,NousResearch/Meta-Llama-3.1-8B-Instruct,2,ok,direct_json,13,12,False,13,0,13,13,13,13,13,True,True,saved_experiment1_quality_metadata,1,12,1
86,llama,NousResearch/Meta-Llama-3.1-8B-Instruct,3,ok,direct_json,13,12,False,13,0,13,13,13,13,13,True,True,saved_experiment1_quality_metadata,1,12,1
86,llama,NousResearch/Meta-Llama-3.1-8B-Instruct,4,ok,direct_json,12,12,True,12,0,12,12,12,12,12,True,True,saved_experiment1_quality_metadata,2,10,1
86,llama,NousResearch/Meta-Llama-3.1-8B-Instruct,5,ok,direct_json,13,12,False,12,1,13,12,13,12,12,True,True,saved_experiment1_quality_metadata,2,10,1
87,llama,NousResearch/Meta-Llama-3.1-8B-Instruct,1,ok,direct_json,13,12,False,11,2,13,11,13,11,11,True,True,saved_experiment1_quality_metadata,3,8,1
87,llama,NousResearch/Meta-Llama-3.1-8B-Instruct,2,ok,direct_json,12,12,True,6,6,12,6,12,6,6,True,True,saved_experiment1_quality_metadata,1,5,1
87,llama,NousResearch/Meta-Llama-3.1-8B-Instruct,3,ok,direct_json,13,12,False,13,0,13,13,13,13,13,True,True,saved_experiment1_quality_metadata,5,8,1
87,llama,NousResearch/Meta-Llama-3.1-8B-Instruct,4,ok,direct_json,12,12,True,9,3,12,9,12,9,9,True,True,saved_experiment1_quality_metadata,4,5,1
87,llama,NousResearch/Meta-Llama-3.1-8B-Instruct,5,ok,direct_json,13,12,False,11,2,11,10,13,11,10,True,True,saved_experiment1_quality_metadata,6,4,1
88,llama,NousResearch/Meta-Llama-3.1-8B-Instruct,1,ok,direct_json,12,12,True,10,2,12,10,12,10,10,True,True,saved_experiment1_quality_metadata,2,8,1
88,llama,NousResearch/Meta-Llama-3.1-8B-Instruct,2,ok,direct_json,13,12,False,13,0,13,13,13,13,13,True,True,saved_experiment1_quality_metadata,8,5,1
88,llama,NousResearch/Meta-Llama-3.1-8B-Instruct,3,ok,direct_json,12,12,True,12,0,12,12,12,12,12,True,True,saved_experiment1_quality_metadata,1,11,1
88,llama,NousResearch/Meta-Llama-3.1-8B-Instruct,4,ok,direct_json,13,12,False,10,3,13,10,13,10,10,True,True,saved_experiment1_quality_metadata,5,5,1
88,llama,NousResearch/Meta-Llama-3.1-8B-Instruct,5,ok,direct_json,12,12,True,12,0,12,12,12,12,12,True,True,saved_experiment1_quality_metadata,2,10,1
89,llama,NousResearch/Meta-Llama-3.1-8B-Instruct,1,ok,direct_json,13,12,False,11,2,13,11,13,11,11,True,True,saved_experiment1_quality_metadata,5,6,1
89,llama,NousResearch/Meta-Llama-3.1-8B-Instruct,2,ok,direct_json,13,12,False,12,1,13,12,13,12,12,True,True,saved_experiment1_quality_metadata,3,9,1
89,llama,NousResearch/Meta-Llama-3.1-8B-Instruct,3,ok,direct_json,12,12,True,12,0,12,12,12,12,12,True,True,saved_experiment1_quality_metadata,2,10,1
89,llama,NousResearch/Meta-Llama-3.1-8B-Instruct,4,ok,direct_json,13,12,False,11,2,13,11,13,11,11,True,True,saved_experiment1_quality_metadata,9,2,1
89,llama,NousResearch/Meta-Llama-3.1-8B-Instruct,5,ok,direct_json,12,12,True,9,3,12,9,12,9,9,True,True,saved_experiment1_quality_metadata,2,7,1
9,llama,NousResearch/Meta-Llama-3.1-8B-Instruct,1,ok,direct_json,13,12,False,12,1,13,12,13,12,12,True,True,saved_experiment1_quality_metadata,3,9,1
9,llama,NousResearch/Meta-Llama-3.1-8B-Instruct,2,ok,direct_json,13,12,False,13,0,11,11,13,13,11,True,True,saved_experiment1_quality_metadata,7,4,1
9,llama,NousResearch/Meta-Llama-3.1-8B-Instruct,3,ok,direct_json,12,12,True,10,2,10,8,12,10,8,True,True,saved_experiment1_quality_metadata,6,2,1
9,llama,NousResearch/Meta-Llama-3.1-8B-Instruct,4,ok,direct_json,12,12,True,12,0,11,11,12,12,11,True,True,saved_experiment1_quality_metadata,5,6,1
9,llama,NousResearch/Meta-Llama-3.1-8B-Instruct,5,ok,direct_json,12,12,True,12,0,12,12,12,12,12,True,True,saved_experiment1_quality_metadata,4,8,1
90,llama,NousResearch/Meta-Llama-3.1-8B-Instruct,1,ok,direct_json,13,12,False,13,0,13,13,13,13,13,True,True,saved_experiment1_quality_metadata,5,8,1
90,llama,NousResearch/Meta-Llama-3.1-8B-Instruct,2,ok,direct_json,12,12,True,12,0,12,12,12,12,12,True,True,saved_experiment1_quality_metadata,4,8,1
90,llama,NousResearch/Meta-Llama-3.1-8B-Instruct,3,ok,direct_json,12,12,True,12,0,12,12,12,12,12,True,True,saved_experiment1_quality_metadata,3,9,1
90,llama,NousResearch/Meta-Llama-3.1-8B-Instruct,4,ok,direct_json,12,12,True,12,0,12,12,12,12,12,True,True,saved_experiment1_quality_metadata,3,9,1
90,llama,NousResearch/Meta-Llama-3.1-8B-Instruct,5,ok,direct_json,13,12,False,13,0,10,10,13,13,10,True,True,saved_experiment1_quality_metadata,6,4,1
91,llama,NousResearch/Meta-Llama-3.1-8B-Instruct,1,ok,direct_json,12,12,True,10,2,12,10,12,10,10,True,True,saved_experiment1_quality_metadata,1,9,1
91,llama,NousResearch/Meta-Llama-3.1-8B-Instruct,2,ok,direct_json,12,12,True,12,0,12,12,12,12,12,True,True,saved_experiment1_quality_metadata,2,10,1
91,llama,NousResearch/Meta-Llama-3.1-8B-Instruct,3,ok,direct_json,13,12,False,13,0,13,13,13,13,13,True,True,saved_experiment1_quality_metadata,1,12,1
91,llama,NousResearch/Meta-Llama-3.1-8B-Instruct,4,ok,direct_json,12,12,True,12,0,12,12,12,12,12,True,True,saved_experiment1_quality_metadata,2,10,1
91,llama,NousResearch/Meta-Llama-3.1-8B-Instruct,5,ok,direct_json,13,12,False,11,2,13,11,13,11,11,True,True,saved_experiment1_quality_metadata,2,9,1
92,llama,NousResearch/Meta-Llama-3.1-8B-Instruct,1,ok,direct_json,12,12,True,11,1,12,11,12,11,11,True,True,saved_experiment1_quality_metadata,1,10,1
92,llama,NousResearch/Meta-Llama-3.1-8B-Instruct,2,ok,direct_json,12,12,True,12,0,12,12,12,12,12,True,True,saved_experiment1_quality_metadata,3,9,1
92,llama,NousResearch/Meta-Llama-3.1-8B-Instruct,3,ok,direct_json,12,12,True,12,0,12,12,12,12,12,True,True,saved_experiment1_quality_metadata,2,10,1
92,llama,NousResearch/Meta-Llama-3.1-8B-Instruct,4,ok,direct_json,13,12,False,11,2,13,11,13,11,11,True,True,saved_experiment1_quality_metadata,2,9,1
92,llama,NousResearch/Meta-Llama-3.1-8B-Instruct,5,ok,direct_json,13,12,False,12,1,13,12,13,12,12,True,True,saved_experiment1_quality_metadata,3,9,1
93,llama,NousResearch/Meta-Llama-3.1-8B-Instruct,1,ok,direct_json,12,12,True,11,1,7,6,12,11,6,True,True,saved_experiment1_quality_metadata,4,2,1
93,llama,NousResearch/Meta-Llama-3.1-8B-Instruct,2,ok,direct_json,12,12,True,12,0,12,12,12,12,12,True,True,saved_experiment1_quality_metadata,10,2,1
93,llama,NousResearch/Meta-Llama-3.1-8B-Instruct,3,ok,direct_json,13,12,False,13,0,13,13,13,13,13,True,True,saved_experiment1_quality_metadata,3,10,1
93,llama,NousResearch/Meta-Llama-3.1-8B-Instruct,4,ok,direct_json,13,12,False,13,0,13,13,13,13,13,True,True,saved_experiment1_quality_metadata,7,6,1
93,llama,NousResearch/Meta-Llama-3.1-8B-Instruct,5,ok,direct_json,12,12,True,11,1,9,8,12,11,8,True,True,saved_experiment1_quality_metadata,8,0,1
94,llama,NousResearch/Meta-Llama-3.1-8B-Instruct,1,ok,direct_json,13,12,False,6,7,13,6,13,6,6,True,True,saved_experiment1_quality_metadata,2,4,2
94,llama,NousResearch/Meta-Llama-3.1-8B-Instruct,2,ok,direct_json,12,12,True,11,1,12,11,12,11,11,True,True,saved_experiment1_quality_metadata,1,10,1
94,llama,NousResearch/Meta-Llama-3.1-8B-Instruct,3,ok,direct_json,12,12,True,12,0,12,12,12,12,12,True,True,saved_experiment1_quality_metadata,2,10,1
94,llama,NousResearch/Meta-Llama-3.1-8B-Instruct,4,ok,direct_json,13,12,False,12,1,13,12,13,12,12,True,True,saved_experiment1_quality_metadata,5,7,1
94,llama,NousResearch/Meta-Llama-3.1-8B-Instruct,5,ok,direct_json,13,12,False,13,0,13,13,13,13,13,True,True,saved_experiment1_quality_metadata,3,10,1
95,llama,NousResearch/Meta-Llama-3.1-8B-Instruct,1,ok,direct_json,12,12,True,12,0,12,12,12,12,12,True,True,saved_experiment1_quality_metadata,2,10,1
95,llama,NousResearch/Meta-Llama-3.1-8B-Instruct,2,ok,direct_json,12,12,True,11,1,12,11,12,11,11,True,True,saved_experiment1_quality_metadata,6,5,1
95,llama,NousResearch/Meta-Llama-3.1-8B-Instruct,3,ok,direct_json,13,12,False,12,1,13,12,13,12,12,True,True,saved_experiment1_quality_metadata,1,11,1
95,llama,NousResearch/Meta-Llama-3.1-8B-Instruct,4,ok,direct_json,13,12,False,13,0,13,13,13,13,13,True,True,saved_experiment1_quality_metadata,2,11,1
95,llama,NousResearch/Meta-Llama-3.1-8B-Instruct,5,ok,direct_json,12,12,True,12,0,12,12,12,12,12,True,True,saved_experiment1_quality_metadata,4,8,1
96,llama,NousResearch/Meta-Llama-3.1-8B-Instruct,1,ok,direct_json,12,12,True,10,2,12,10,12,10,10,True,True,saved_experiment1_quality_metadata,7,3,1
96,llama,NousResearch/Meta-Llama-3.1-8B-Instruct,2,ok,direct_json,12,12,True,12,0,11,11,12,12,11,True,True,saved_experiment1_quality_metadata,8,3,1
96,llama,NousResearch/Meta-Llama-3.1-8B-Instruct,3,ok,direct_json,13,12,False,12,1,13,12,13,12,12,True,True,saved_experiment1_quality_metadata,7,5,1
96,llama,NousResearch/Meta-Llama-3.1-8B-Instruct,4,ok,direct_json,12,12,True,9,3,7,5,12,9,5,True,True,saved_experiment1_quality_metadata,3,2,1
96,llama,NousResearch/Meta-Llama-3.1-8B-Instruct,5,ok,direct_json,12,12,True,9,3,8,6,12,9,6,True,True,saved_experiment1_quality_metadata,5,1,1
97,llama,NousResearch/Meta-Llama-3.1-8B-Instruct,1,ok,direct_json,12,12,True,11,1,11,10,12,11,10,True,True,saved_experiment1_quality_metadata,8,2,1
97,llama,NousResearch/Meta-Llama-3.1-8B-Instruct,2,ok,direct_json,12,12,True,7,5,11,6,12,7,6,True,True,saved_experiment1_quality_metadata,3,3,1
97,llama,NousResearch/Meta-Llama-3.1-8B-Instruct,3,ok,direct_json,13,12,False,13,0,12,12,13,13,12,True,True,saved_experiment1_quality_metadata,9,3,1
97,llama,NousResearch/Meta-Llama-3.1-8B-Instruct,4,ok,direct_json,13,12,False,12,1,13,12,13,12,12,True,True,saved_experiment1_quality_metadata,1,11,1
97,llama,NousResearch/Meta-Llama-3.1-8B-Instruct,5,ok,direct_json,12,12,True,12,0,12,12,12,12,12,True,True,saved_experiment1_quality_metadata,8,4,1
98,llama,NousResearch/Meta-Llama-3.1-8B-Instruct,1,ok,direct_json,13,12,False,13,0,13,13,13,13,13,True,True,saved_experiment1_quality_metadata,5,8,1
98,llama,NousResearch/Meta-Llama-3.1-8B-Instruct,2,ok,direct_json,13,12,False,12,1,13,12,13,12,12,True,True,saved_experiment1_quality_metadata,6,6,1
98,llama,NousResearch/Meta-Llama-3.1-8B-Instruct,3,ok,direct_json,13,12,False,13,0,13,13,13,13,13,True,True,saved_experiment1_quality_metadata,3,10,1
98,llama,NousResearch/Meta-Llama-3.1-8B-Instruct,4,ok,direct_json,12,12,True,10,2,12,10,12,10,10,True,True,saved_experiment1_quality_metadata,3,7,1
98,llama,NousResearch/Meta-Llama-3.1-8B-Instruct,5,ok,direct_json,12,12,True,9,3,12,9,12,9,9,True,True,saved_experiment1_quality_metadata,1,8,1
99,llama,NousResearch/Meta-Llama-3.1-8B-Instruct,1,ok,direct_json,13,12,False,13,0,13,13,13,13,13,True,True,saved_experiment1_quality_metadata,5,8,1
99,llama,NousResearch/Meta-Llama-3.1-8B-Instruct,2,ok,direct_json,12,12,True,11,1,12,11,12,11,11,True,True,saved_experiment1_quality_metadata,3,8,1
99,llama,NousResearch/Meta-Llama-3.1-8B-Instruct,3,ok,direct_json,12,12,True,11,1,12,11,12,11,11,True,True,saved_experiment1_quality_metadata,3,8,1
99,llama,NousResearch/Meta-Llama-3.1-8B-Instruct,4,ok,direct_json,12,12,True,12,0,12,12,12,12,12,True,True,saved_experiment1_quality_metadata,2,10,1
99,llama,NousResearch/Meta-Llama-3.1-8B-Instruct,5,ok,direct_json,12,12,True,12,0,12,12,12,12,12,True,True,saved_experiment1_quality_metadata,1,11,1
1,kazllm,issai/LLama-3.1-KazLLM-1.0-8B,1,ok,direct_json,12,12,True,3,9,12,3,12,3,3,True,True,saved_experiment1_quality_metadata,2,1,1
1,kazllm,issai/LLama-3.1-KazLLM-1.0-8B,2,ok,direct_json,12,12,True,4,8,12,4,12,4,4,True,True,saved_experiment1_quality_metadata,3,1,1
1,kazllm,issai/LLama-3.1-KazLLM-1.0-8B,3,ok,direct_json,12,12,True,8,4,11,7,12,8,7,True,True,saved_experiment1_quality_metadata,3,4,1
1,kazllm,issai/LLama-3.1-KazLLM-1.0-8B,4,ok,direct_json,13,12,False,2,11,13,2,13,2,2,True,True,saved_experiment1_quality_metadata,2,0,1
1,kazllm,issai/LLama-3.1-KazLLM-1.0-8B,5,ok,direct_json,12,12,True,4,8,12,4,12,4,4,True,True,saved_experiment1_quality_metadata,2,2,1
10,kazllm,issai/LLama-3.1-KazLLM-1.0-8B,1,ok,extracted_json_array,13,12,False,5,8,13,5,13,5,5,True,True,saved_experiment1_quality_metadata,1,4,1
10,kazllm,issai/LLama-3.1-KazLLM-1.0-8B,2,ok,direct_json,12,12,True,9,3,12,9,12,9,9,True,True,saved_experiment1_quality_metadata,4,5,1
10,kazllm,issai/LLama-3.1-KazLLM-1.0-8B,3,ok,code_fence_json,12,12,True,6,6,12,6,12,6,6,True,True,saved_experiment1_quality_metadata,1,5,1
10,kazllm,issai/LLama-3.1-KazLLM-1.0-8B,4,ok,direct_json,12,12,True,7,5,12,7,12,7,7,True,True,saved_experiment1_quality_metadata,1,6,1
10,kazllm,issai/LLama-3.1-KazLLM-1.0-8B,5,ok,extracted_json_array,12,12,True,5,7,12,5,12,5,5,True,True,saved_experiment1_quality_metadata,1,4,1
100,kazllm,issai/LLama-3.1-KazLLM-1.0-8B,1,ok,direct_json,12,12,True,2,10,12,2,12,2,2,True,True,saved_experiment1_quality_metadata,2,0,1
100,kazllm,issai/LLama-3.1-KazLLM-1.0-8B,2,ok,direct_json,12,12,True,2,10,12,2,12,2,2,True,True,saved_experiment1_quality_metadata,1,1,2
100,kazllm,issai/LLama-3.1-KazLLM-1.0-8B,3,ok,extracted_json_array,12,12,True,4,8,10,3,12,4,3,True,True,saved_experiment1_quality_metadata,1,2,1
100,kazllm,issai/LLama-3.1-KazLLM-1.0-8B,4,ok,extracted_json_array,12,12,True,1,11,12,1,12,1,1,True,True,saved_experiment1_quality_metadata,1,0,1
100,kazllm,issai/LLama-3.1-KazLLM-1.0-8B,5,ok,direct_json,12,12,True,7,5,12,7,12,7,7,True,True,saved_experiment1_quality_metadata,3,4,1
11,kazllm,issai/LLama-3.1-KazLLM-1.0-8B,1,ok,direct_json,12,12,True,5,7,5,4,12,5,4,True,True,saved_experiment1_quality_metadata,3,1,1
11,kazllm,issai/LLama-3.1-KazLLM-1.0-8B,2,ok,extracted_json_array,12,12,True,9,3,10,8,12,9,8,True,True,saved_experiment1_quality_metadata,8,0,1
11,kazllm,issai/LLama-3.1-KazLLM-1.0-8B,3,ok,direct_json,12,12,True,7,5,12,7,12,7,7,True,True,saved_experiment1_quality_metadata,4,3,1
11,kazllm,issai/LLama-3.1-KazLLM-1.0-8B,4,ok,extracted_json_array,13,12,False,2,11,9,1,13,2,1,True,True,saved_experiment1_quality_metadata,1,0,1
11,kazllm,issai/LLama-3.1-KazLLM-1.0-8B,5,ok,direct_json,12,12,True,3,9,11,2,12,3,2,True,True,saved_experiment1_quality_metadata,1,1,1
12,kazllm,issai/LLama-3.1-KazLLM-1.0-8B,1,ok,direct_json,13,12,False,2,11,13,2,13,2,2,True,True,saved_experiment1_quality_metadata,1,1,1
12,kazllm,issai/LLama-3.1-KazLLM-1.0-8B,2,ok,extracted_json_array,14,12,False,6,8,13,5,14,6,5,True,True,saved_experiment1_quality_metadata,3,2,1
12,kazllm,issai/LLama-3.1-KazLLM-1.0-8B,3,ok,extracted_json_array,12,12,True,3,9,12,3,12,3,3,True,True,saved_experiment1_quality_metadata,2,1,2
12,kazllm,issai/LLama-3.1-KazLLM-1.0-8B,4,ok,direct_json,12,12,True,6,6,12,6,12,6,6,True,True,saved_experiment1_quality_metadata,1,5,1
12,kazllm,issai/LLama-3.1-KazLLM-1.0-8B,5,ok,direct_json,13,12,False,5,8,13,5,13,5,5,True,True,saved_experiment1_quality_metadata,1,4,1
13,kazllm,issai/LLama-3.1-KazLLM-1.0-8B,1,ok,extracted_json_array,12,12,True,4,8,12,4,12,4,4,True,True,saved_experiment1_quality_metadata,1,3,1
13,kazllm,issai/LLama-3.1-KazLLM-1.0-8B,2,ok,extracted_json_array,13,12,False,4,9,13,4,13,4,4,True,True,saved_experiment1_quality_metadata,3,1,1
13,kazllm,issai/LLama-3.1-KazLLM-1.0-8B,3,ok,extracted_json_array,12,12,True,1,11,12,1,12,1,1,True,True,saved_experiment1_quality_metadata,1,0,2
13,kazllm,issai/LLama-3.1-KazLLM-1.0-8B,4,ok,extracted_json_array,12,12,True,12,0,12,12,12,12,12,True,True,saved_experiment1_quality_metadata,3,9,1
13,kazllm,issai/LLama-3.1-KazLLM-1.0-8B,5,ok,extracted_json_array,12,12,True,3,9,12,3,12,3,3,True,True,saved_experiment1_quality_metadata,3,0,1
14,kazllm,issai/LLama-3.1-KazLLM-1.0-8B,1,ok,extracted_json_array,12,12,True,2,10,12,2,12,2,2,True,True,saved_experiment1_quality_metadata,1,1,1
14,kazllm,issai/LLama-3.1-KazLLM-1.0-8B,2,ok,direct_json,14,12,False,6,8,13,5,14,6,5,True,True,saved_experiment1_quality_metadata,2,3,1
14,kazllm,issai/LLama-3.1-KazLLM-1.0-8B,3,ok,direct_json,12,12,True,10,2,12,10,12,10,10,True,True,saved_experiment1_quality_metadata,3,7,1
14,kazllm,issai/LLama-3.1-KazLLM-1.0-8B,4,ok,direct_json,12,12,True,5,7,10,4,12,5,4,True,True,saved_experiment1_quality_metadata,2,2,1
14,kazllm,issai/LLama-3.1-KazLLM-1.0-8B,5,ok,direct_json,13,12,False,7,6,13,7,13,7,7,True,True,saved_experiment1_quality_metadata,2,5,1
15,kazllm,issai/LLama-3.1-KazLLM-1.0-8B,1,ok,direct_json,12,12,True,6,6,12,6,12,6,6,True,True,saved_experiment1_quality_metadata,1,5,1
15,kazllm,issai/LLama-3.1-KazLLM-1.0-8B,2,ok,extracted_json_array,12,12,True,6,6,11,5,12,6,5,True,True,saved_experiment1_quality_metadata,1,4,1
15,kazllm,issai/LLama-3.1-KazLLM-1.0-8B,3,ok,direct_json,12,12,True,6,6,10,5,12,6,5,True,True,saved_experiment1_quality_metadata,2,3,1
15,kazllm,issai/LLama-3.1-KazLLM-1.0-8B,4,ok,extracted_json_array,12,12,True,9,3,11,8,12,9,8,True,True,saved_experiment1_quality_metadata,4,4,2
15,kazllm,issai/LLama-3.1-KazLLM-1.0-8B,5,ok,extracted_json_array,13,12,False,2,11,13,2,13,2,2,True,True,saved_experiment1_quality_metadata,1,1,1
16,kazllm,issai/LLama-3.1-KazLLM-1.0-8B,1,ok,direct_json,13,12,False,9,4,13,9,13,9,9,True,True,saved_experiment1_quality_metadata,6,3,1
16,kazllm,issai/LLama-3.1-KazLLM-1.0-8B,2,ok,direct_json,13,12,False,8,5,13,8,13,8,8,True,True,saved_experiment1_quality_metadata,4,4,1
16,kazllm,issai/LLama-3.1-KazLLM-1.0-8B,3,ok,direct_json,13,12,False,3,10,13,3,13,3,3,True,True,saved_experiment1_quality_metadata,1,2,1
16,kazllm,issai/LLama-3.1-KazLLM-1.0-8B,4,ok,direct_json,12,12,True,6,6,12,6,12,6,6,True,True,saved_experiment1_quality_metadata,3,3,1
16,kazllm,issai/LLama-3.1-KazLLM-1.0-8B,5,ok,direct_json,12,12,True,11,1,12,11,12,11,11,True,True,saved_experiment1_quality_metadata,4,7,1
17,kazllm,issai/LLama-3.1-KazLLM-1.0-8B,1,ok,direct_json,12,12,True,4,8,12,4,12,4,4,True,True,saved_experiment1_quality_metadata,2,2,1
17,kazllm,issai/LLama-3.1-KazLLM-1.0-8B,2,ok,direct_json,12,12,True,2,10,12,2,12,2,2,True,True,saved_experiment1_quality_metadata,1,1,1
17,kazllm,issai/LLama-3.1-KazLLM-1.0-8B,3,ok,direct_json,13,12,False,4,9,13,4,13,4,4,True,True,saved_experiment1_quality_metadata,2,2,1
17,kazllm,issai/LLama-3.1-KazLLM-1.0-8B,4,ok,direct_json,12,12,True,2,10,12,2,12,2,2,True,True,saved_experiment1_quality_metadata,2,0,1
17,kazllm,issai/LLama-3.1-KazLLM-1.0-8B,5,ok,extracted_json_array,12,12,True,9,3,11,8,12,9,8,True,True,saved_experiment1_quality_metadata,7,1,1
18,kazllm,issai/LLama-3.1-KazLLM-1.0-8B,1,ok,extracted_json_array,13,12,False,7,6,13,7,13,7,7,True,True,saved_experiment1_quality_metadata,2,5,1
18,kazllm,issai/LLama-3.1-KazLLM-1.0-8B,2,ok,direct_json,12,12,True,3,9,7,2,12,3,2,True,True,saved_experiment1_quality_metadata,2,0,1
18,kazllm,issai/LLama-3.1-KazLLM-1.0-8B,3,ok,extracted_json_array,12,12,True,3,9,12,3,12,3,3,True,True,saved_experiment1_quality_metadata,1,2,1
18,kazllm,issai/LLama-3.1-KazLLM-1.0-8B,4,ok,direct_json,12,12,True,3,9,10,2,12,3,2,True,True,saved_experiment1_quality_metadata,1,1,1
18,kazllm,issai/LLama-3.1-KazLLM-1.0-8B,5,ok,direct_json,13,12,False,3,10,13,3,13,3,3,True,True,saved_experiment1_quality_metadata,2,1,1
19,kazllm,issai/LLama-3.1-KazLLM-1.0-8B,1,ok,extracted_json_array,13,12,False,9,4,12,8,13,9,8,True,True,saved_experiment1_quality_metadata,4,4,1
19,kazllm,issai/LLama-3.1-KazLLM-1.0-8B,2,ok,extracted_json_array,13,12,False,3,10,13,3,13,3,3,True,True,saved_experiment1_quality_metadata,2,1,2
19,kazllm,issai/LLama-3.1-KazLLM-1.0-8B,3,ok,extracted_json_array,12,12,True,8,4,12,8,12,8,8,True,True,saved_experiment1_quality_metadata,4,4,2
19,kazllm,issai/LLama-3.1-KazLLM-1.0-8B,4,ok,direct_json,13,12,False,3,10,12,2,13,3,2,True,True,saved_experiment1_quality_metadata,1,1,1
19,kazllm,issai/LLama-3.1-KazLLM-1.0-8B,5,ok,direct_json,12,12,True,9,3,12,9,12,9,9,True,True,saved_experiment1_quality_metadata,5,4,1
2,kazllm,issai/LLama-3.1-KazLLM-1.0-8B,1,ok,direct_json,13,12,False,2,11,10,1,13,2,1,True,True,saved_experiment1_quality_metadata,1,0,1
2,kazllm,issai/LLama-3.1-KazLLM-1.0-8B,2,ok,extracted_json_array,14,12,False,5,9,14,5,14,5,5,True,True,saved_experiment1_quality_metadata,2,3,1
2,kazllm,issai/LLama-3.1-KazLLM-1.0-8B,3,ok,direct_json,12,12,True,6,6,12,6,12,6,6,True,True,saved_experiment1_quality_metadata,2,4,1
2,kazllm,issai/LLama-3.1-KazLLM-1.0-8B,4,ok,extracted_json_array,14,12,False,1,13,14,1,14,1,1,True,True,saved_experiment1_quality_metadata,1,0,1
2,kazllm,issai/LLama-3.1-KazLLM-1.0-8B,5,ok,extracted_json_array,12,12,True,5,7,12,5,12,5,5,True,True,saved_experiment1_quality_metadata,2,3,2
20,kazllm,issai/LLama-3.1-KazLLM-1.0-8B,1,ok,extracted_json_array,12,12,True,8,4,12,8,12,8,8,True,True,saved_experiment1_quality_metadata,4,4,1
20,kazllm,issai/LLama-3.1-KazLLM-1.0-8B,2,ok,extracted_json_array,12,12,True,1,11,12,1,12,1,1,True,True,saved_experiment1_quality_metadata,1,0,1
20,kazllm,issai/LLama-3.1-KazLLM-1.0-8B,3,ok,direct_json,11,12,False,1,10,11,1,11,1,1,True,True,saved_experiment1_quality_metadata,1,0,1
20,kazllm,issai/LLama-3.1-KazLLM-1.0-8B,4,ok,extracted_json_array,13,12,False,6,7,13,6,13,6,6,True,True,saved_experiment1_quality_metadata,2,4,1
20,kazllm,issai/LLama-3.1-KazLLM-1.0-8B,5,ok,direct_json,12,12,True,7,5,12,7,12,7,7,True,True,saved_experiment1_quality_metadata,4,3,1
21,kazllm,issai/LLama-3.1-KazLLM-1.0-8B,1,ok,direct_json,12,12,True,5,7,12,5,12,5,5,True,True,saved_experiment1_quality_metadata,1,4,1
21,kazllm,issai/LLama-3.1-KazLLM-1.0-8B,2,ok,direct_json,12,12,True,6,6,12,6,12,6,6,True,True,saved_experiment1_quality_metadata,1,5,1
21,kazllm,issai/LLama-3.1-KazLLM-1.0-8B,3,ok,direct_json,12,12,True,5,7,12,5,12,5,5,True,True,saved_experiment1_quality_metadata,1,4,1
21,kazllm,issai/LLama-3.1-KazLLM-1.0-8B,4,ok,extracted_json_array,13,12,False,5,8,13,5,13,5,5,True,True,saved_experiment1_quality_metadata,1,4,1
21,kazllm,issai/LLama-3.1-KazLLM-1.0-8B,5,ok,extracted_json_array,11,12,False,3,8,11,3,11,3,3,True,True,saved_experiment1_quality_metadata,2,1,1
22,kazllm,issai/LLama-3.1-KazLLM-1.0-8B,1,ok,direct_json,12,12,True,8,4,12,8,12,8,8,True,True,saved_experiment1_quality_metadata,7,1,1
22,kazllm,issai/LLama-3.1-KazLLM-1.0-8B,2,ok,direct_json,12,12,True,2,10,12,2,12,2,2,True,True,saved_experiment1_quality_metadata,2,0,1
22,kazllm,issai/LLama-3.1-KazLLM-1.0-8B,3,ok,direct_json,12,12,True,1,11,12,1,12,1,1,True,True,saved_experiment1_quality_metadata,1,0,1
22,kazllm,issai/LLama-3.1-KazLLM-1.0-8B,4,ok,code_fence_json,12,12,True,4,8,12,4,12,4,4,True,True,saved_experiment1_quality_metadata,2,2,2
22,kazllm,issai/LLama-3.1-KazLLM-1.0-8B,5,ok,extracted_json_array,12,12,True,6,6,12,6,12,6,6,True,True,saved_experiment1_quality_metadata,1,5,1
23,kazllm,issai/LLama-3.1-KazLLM-1.0-8B,1,ok,extracted_json_array,13,12,False,4,9,13,4,13,4,4,True,True,saved_experiment1_quality_metadata,3,1,2
23,kazllm,issai/LLama-3.1-KazLLM-1.0-8B,2,ok,direct_json,13,12,False,3,10,13,3,13,3,3,True,True,saved_experiment1_quality_metadata,2,1,1
23,kazllm,issai/LLama-3.1-KazLLM-1.0-8B,3,ok,direct_json,12,12,True,4,8,12,4,12,4,4,True,True,saved_experiment1_quality_metadata,1,3,1
23,kazllm,issai/LLama-3.1-KazLLM-1.0-8B,4,ok,extracted_json_array,14,12,False,2,12,7,1,14,2,1,True,True,saved_experiment1_quality_metadata,1,0,1
23,kazllm,issai/LLama-3.1-KazLLM-1.0-8B,5,ok,direct_json,13,12,False,5,8,13,5,13,5,5,True,True,saved_experiment1_quality_metadata,3,2,1
24,kazllm,issai/LLama-3.1-KazLLM-1.0-8B,1,ok,extracted_json_array,12,12,True,9,3,12,9,12,9,9,True,True,saved_experiment1_quality_metadata,6,3,1
24,kazllm,issai/LLama-3.1-KazLLM-1.0-8B,2,ok,direct_json,12,12,True,8,4,12,8,12,8,8,True,True,saved_experiment1_quality_metadata,5,3,1
24,kazllm,issai/LLama-3.1-KazLLM-1.0-8B,3,ok,direct_json,13,12,False,7,6,13,7,13,7,7,True,True,saved_experiment1_quality_metadata,3,4,2
24,kazllm,issai/LLama-3.1-KazLLM-1.0-8B,4,ok,direct_json,13,12,False,8,5,13,8,13,8,8,True,True,saved_experiment1_quality_metadata,4,4,2
24,kazllm,issai/LLama-3.1-KazLLM-1.0-8B,5,ok,direct_json,12,12,True,9,3,12,9,12,9,9,True,True,saved_experiment1_quality_metadata,1,8,1
25,kazllm,issai/LLama-3.1-KazLLM-1.0-8B,1,ok,direct_json,12,12,True,11,1,12,11,12,11,11,True,True,saved_experiment1_quality_metadata,2,9,1
25,kazllm,issai/LLama-3.1-KazLLM-1.0-8B,2,ok,direct_json,12,12,True,3,9,11,2,12,3,2,True,True,saved_experiment1_quality_metadata,1,1,1
25,kazllm,issai/LLama-3.1-KazLLM-1.0-8B,3,ok,extracted_json_array,12,12,True,6,6,12,6,12,6,6,True,True,saved_experiment1_quality_metadata,1,5,1
25,kazllm,issai/LLama-3.1-KazLLM-1.0-8B,4,ok,direct_json,12,12,True,6,6,10,5,12,6,5,True,True,saved_experiment1_quality_metadata,2,3,1
25,kazllm,issai/LLama-3.1-KazLLM-1.0-8B,5,ok,direct_json,12,12,True,5,7,12,5,12,5,5,True,True,saved_experiment1_quality_metadata,1,4,1
26,kazllm,issai/LLama-3.1-KazLLM-1.0-8B,1,ok,extracted_json_array,12,12,True,6,6,12,6,12,6,6,True,True,saved_experiment1_quality_metadata,1,5,1
26,kazllm,issai/LLama-3.1-KazLLM-1.0-8B,2,ok,extracted_json_array,12,12,True,4,8,12,4,12,4,4,True,True,saved_experiment1_quality_metadata,1,3,1
26,kazllm,issai/LLama-3.1-KazLLM-1.0-8B,3,ok,direct_json,12,12,True,1,11,12,1,12,1,1,True,True,saved_experiment1_quality_metadata,1,0,1
26,kazllm,issai/LLama-3.1-KazLLM-1.0-8B,4,ok,direct_json,13,12,False,7,6,13,7,13,7,7,True,True,saved_experiment1_quality_metadata,3,4,2
26,kazllm,issai/LLama-3.1-KazLLM-1.0-8B,5,ok,direct_json,12,12,True,6,6,12,6,12,6,6,True,True,saved_experiment1_quality_metadata,4,2,1
27,kazllm,issai/LLama-3.1-KazLLM-1.0-8B,1,ok,direct_json,12,12,True,5,7,12,5,12,5,5,True,True,saved_experiment1_quality_metadata,1,4,1
27,kazllm,issai/LLama-3.1-KazLLM-1.0-8B,2,ok,direct_json,12,12,True,8,4,12,8,12,8,8,True,True,saved_experiment1_quality_metadata,1,7,1
27,kazllm,issai/LLama-3.1-KazLLM-1.0-8B,3,ok,extracted_json_array,13,12,False,3,10,13,3,13,3,3,True,True,saved_experiment1_quality_metadata,1,2,1
27,kazllm,issai/LLama-3.1-KazLLM-1.0-8B,4,ok,direct_json,12,12,True,3,9,12,3,12,3,3,True,True,saved_experiment1_quality_metadata,3,0,1
27,kazllm,issai/LLama-3.1-KazLLM-1.0-8B,5,ok,extracted_json_array,12,12,True,7,5,12,7,12,7,7,True,True,saved_experiment1_quality_metadata,1,6,1
28,kazllm,issai/LLama-3.1-KazLLM-1.0-8B,1,ok,extracted_json_array,13,12,False,9,4,13,9,13,9,9,True,True,saved_experiment1_quality_metadata,6,3,1
28,kazllm,issai/LLama-3.1-KazLLM-1.0-8B,2,ok,extracted_json_array,13,12,False,2,11,1,1,13,2,1,True,True,saved_experiment1_quality_metadata,1,0,1
28,kazllm,issai/LLama-3.1-KazLLM-1.0-8B,3,ok,direct_json,12,12,True,4,8,12,4,12,4,4,True,True,saved_experiment1_quality_metadata,1,3,1
28,kazllm,issai/LLama-3.1-KazLLM-1.0-8B,4,ok,direct_json,13,12,False,9,4,13,9,13,9,9,True,True,saved_experiment1_quality_metadata,3,6,1
28,kazllm,issai/LLama-3.1-KazLLM-1.0-8B,5,ok,direct_json,12,12,True,3,9,2,2,12,3,2,True,True,saved_experiment1_quality_metadata,2,0,1
29,kazllm,issai/LLama-3.1-KazLLM-1.0-8B,1,ok,direct_json,12,12,True,4,8,12,4,12,4,4,True,True,saved_experiment1_quality_metadata,1,3,1
29,kazllm,issai/LLama-3.1-KazLLM-1.0-8B,2,ok,direct_json,14,12,False,4,10,14,4,14,4,4,True,True,saved_experiment1_quality_metadata,1,3,1
29,kazllm,issai/LLama-3.1-KazLLM-1.0-8B,3,ok,extracted_json_array,14,12,False,2,12,14,2,14,2,2,True,True,saved_experiment1_quality_metadata,1,1,1
29,kazllm,issai/LLama-3.1-KazLLM-1.0-8B,4,ok,direct_json,13,12,False,7,6,13,7,13,7,7,True,True,saved_experiment1_quality_metadata,4,3,1
29,kazllm,issai/LLama-3.1-KazLLM-1.0-8B,5,ok,direct_json,12,12,True,4,8,12,4,12,4,4,True,True,saved_experiment1_quality_metadata,2,2,1
3,kazllm,issai/LLama-3.1-KazLLM-1.0-8B,1,ok,direct_json,12,12,True,2,10,12,2,12,2,2,True,True,saved_experiment1_quality_metadata,1,1,1
3,kazllm,issai/LLama-3.1-KazLLM-1.0-8B,2,ok,direct_json,12,12,True,6,6,12,6,12,6,6,True,True,saved_experiment1_quality_metadata,4,2,1
3,kazllm,issai/LLama-3.1-KazLLM-1.0-8B,3,ok,direct_json,13,12,False,6,7,12,5,13,6,5,True,True,saved_experiment1_quality_metadata,1,4,1
3,kazllm,issai/LLama-3.1-KazLLM-1.0-8B,4,ok,direct_json,12,12,True,4,8,12,4,12,4,4,True,True,saved_experiment1_quality_metadata,1,3,1
3,kazllm,issai/LLama-3.1-KazLLM-1.0-8B,5,ok,extracted_json_array,12,12,True,4,8,12,4,12,4,4,True,True,saved_experiment1_quality_metadata,3,1,1
30,kazllm,issai/LLama-3.1-KazLLM-1.0-8B,1,ok,direct_json,12,12,True,7,5,12,7,12,7,7,True,True,saved_experiment1_quality_metadata,5,2,1
30,kazllm,issai/LLama-3.1-KazLLM-1.0-8B,2,ok,direct_json,12,12,True,5,7,12,5,12,5,5,True,True,saved_experiment1_quality_metadata,1,4,1
30,kazllm,issai/LLama-3.1-KazLLM-1.0-8B,3,ok,extracted_json_array,12,12,True,2,10,12,2,12,2,2,True,True,saved_experiment1_quality_metadata,1,1,1
30,kazllm,issai/LLama-3.1-KazLLM-1.0-8B,4,ok,direct_json,12,12,True,4,8,12,4,12,4,4,True,True,saved_experiment1_quality_metadata,2,2,1
30,kazllm,issai/LLama-3.1-KazLLM-1.0-8B,5,ok,code_fence_json,12,12,True,4,8,6,2,12,4,2,True,True,saved_experiment1_quality_metadata,2,0,1
31,kazllm,issai/LLama-3.1-KazLLM-1.0-8B,1,ok,direct_json,12,12,True,4,8,12,4,12,4,4,True,True,saved_experiment1_quality_metadata,2,2,2
31,kazllm,issai/LLama-3.1-KazLLM-1.0-8B,2,ok,extracted_json_array,12,12,True,4,8,12,4,12,4,4,True,True,saved_experiment1_quality_metadata,3,1,1
31,kazllm,issai/LLama-3.1-KazLLM-1.0-8B,3,ok,extracted_json_array,12,12,True,11,1,12,11,12,11,11,True,True,saved_experiment1_quality_metadata,1,10,1
31,kazllm,issai/LLama-3.1-KazLLM-1.0-8B,4,ok,extracted_json_array,12,12,True,6,6,12,6,12,6,6,True,True,saved_experiment1_quality_metadata,4,2,1
31,kazllm,issai/LLama-3.1-KazLLM-1.0-8B,5,ok,direct_json,13,12,False,7,6,13,7,13,7,7,True,True,saved_experiment1_quality_metadata,2,5,1
32,kazllm,issai/LLama-3.1-KazLLM-1.0-8B,1,ok,direct_json,12,12,True,2,10,12,2,12,2,2,True,True,saved_experiment1_quality_metadata,2,0,1
32,kazllm,issai/LLama-3.1-KazLLM-1.0-8B,2,ok,extracted_json_array,13,12,False,1,12,13,1,13,1,1,True,True,saved_experiment1_quality_metadata,1,0,1
32,kazllm,issai/LLama-3.1-KazLLM-1.0-8B,3,ok,extracted_json_array,12,12,True,1,11,12,1,12,1,1,True,True,saved_experiment1_quality_metadata,1,0,1
32,kazllm,issai/LLama-3.1-KazLLM-1.0-8B,4,ok,extracted_json_array,12,12,True,5,7,12,5,12,5,5,True,True,saved_experiment1_quality_metadata,2,3,2
32,kazllm,issai/LLama-3.1-KazLLM-1.0-8B,5,ok,extracted_json_array,13,12,False,4,9,13,4,13,4,4,True,True,saved_experiment1_quality_metadata,2,2,2
33,kazllm,issai/LLama-3.1-KazLLM-1.0-8B,1,ok,direct_json,13,12,False,4,9,13,4,13,4,4,True,True,saved_experiment1_quality_metadata,2,2,1
33,kazllm,issai/LLama-3.1-KazLLM-1.0-8B,2,ok,extracted_json_array,12,12,True,6,6,12,6,12,6,6,True,True,saved_experiment1_quality_metadata,3,3,1
33,kazllm,issai/LLama-3.1-KazLLM-1.0-8B,3,ok,direct_json,12,12,True,3,9,12,3,12,3,3,True,True,saved_experiment1_quality_metadata,2,1,1
33,kazllm,issai/LLama-3.1-KazLLM-1.0-8B,4,ok,direct_json,12,12,True,8,4,12,8,12,8,8,True,True,saved_experiment1_quality_metadata,4,4,1
33,kazllm,issai/LLama-3.1-KazLLM-1.0-8B,5,ok,direct_json,12,12,True,3,9,12,3,12,3,3,True,True,saved_experiment1_quality_metadata,2,1,1
34,kazllm,issai/LLama-3.1-KazLLM-1.0-8B,1,ok,extracted_json_array,12,12,True,10,2,11,9,12,10,9,True,True,saved_experiment1_quality_metadata,4,5,1
34,kazllm,issai/LLama-3.1-KazLLM-1.0-8B,2,ok,direct_json,12,12,True,3,9,8,2,12,3,2,True,True,saved_experiment1_quality_metadata,2,0,1
34,kazllm,issai/LLama-3.1-KazLLM-1.0-8B,3,ok,extracted_json_array,12,12,True,6,6,12,6,12,6,6,True,True,saved_experiment1_quality_metadata,2,4,1
34,kazllm,issai/LLama-3.1-KazLLM-1.0-8B,4,ok,extracted_json_array,13,12,False,8,5,9,6,13,8,6,True,True,saved_experiment1_quality_metadata,5,1,1
34,kazllm,issai/LLama-3.1-KazLLM-1.0-8B,5,ok,direct_json,12,12,True,8,4,12,8,12,8,8,True,True,saved_experiment1_quality_metadata,3,5,1
35,kazllm,issai/LLama-3.1-KazLLM-1.0-8B,1,ok,extracted_json_array,12,12,True,3,9,11,2,12,3,2,True,True,saved_experiment1_quality_metadata,1,1,1
35,kazllm,issai/LLama-3.1-KazLLM-1.0-8B,2,ok,extracted_json_array,13,12,False,2,11,12,1,13,2,1,True,True,saved_experiment1_quality_metadata,1,0,1
35,kazllm,issai/LLama-3.1-KazLLM-1.0-8B,3,ok,direct_json,12,12,True,4,8,12,4,12,4,4,True,True,saved_experiment1_quality_metadata,1,3,2
35,kazllm,issai/LLama-3.1-KazLLM-1.0-8B,4,ok,direct_json,11,12,False,3,8,10,2,11,3,2,True,True,saved_experiment1_quality_metadata,1,1,1
35,kazllm,issai/LLama-3.1-KazLLM-1.0-8B,5,ok,extracted_json_array,12,12,True,3,9,12,3,12,3,3,True,True,saved_experiment1_quality_metadata,2,1,1
36,kazllm,issai/LLama-3.1-KazLLM-1.0-8B,1,ok,extracted_json_array,12,12,True,5,7,11,4,12,5,4,True,True,saved_experiment1_quality_metadata,1,3,1
36,kazllm,issai/LLama-3.1-KazLLM-1.0-8B,2,ok,extracted_json_array,12,12,True,3,9,12,3,12,3,3,True,True,saved_experiment1_quality_metadata,1,2,1
36,kazllm,issai/LLama-3.1-KazLLM-1.0-8B,3,ok,extracted_json_array,13,12,False,6,7,13,6,13,6,6,True,True,saved_experiment1_quality_metadata,3,3,1
36,kazllm,issai/LLama-3.1-KazLLM-1.0-8B,4,ok,direct_json,13,12,False,5,8,13,5,13,5,5,True,True,saved_experiment1_quality_metadata,3,2,1
36,kazllm,issai/LLama-3.1-KazLLM-1.0-8B,5,ok,direct_json,12,12,True,4,8,12,4,12,4,4,True,True,saved_experiment1_quality_metadata,1,3,2
37,kazllm,issai/LLama-3.1-KazLLM-1.0-8B,1,ok,direct_json,12,12,True,4,8,12,4,12,4,4,True,True,saved_experiment1_quality_metadata,1,3,1
37,kazllm,issai/LLama-3.1-KazLLM-1.0-8B,2,ok,direct_json,12,12,True,4,8,12,4,12,4,4,True,True,saved_experiment1_quality_metadata,2,2,1
37,kazllm,issai/LLama-3.1-KazLLM-1.0-8B,3,ok,extracted_json_array,13,12,False,4,9,13,4,13,4,4,True,True,saved_experiment1_quality_metadata,2,2,1
37,kazllm,issai/LLama-3.1-KazLLM-1.0-8B,4,ok,direct_json,12,12,True,3,9,12,3,12,3,3,True,True,saved_experiment1_quality_metadata,2,1,1
37,kazllm,issai/LLama-3.1-KazLLM-1.0-8B,5,ok,extracted_json_array,12,12,True,6,6,12,6,12,6,6,True,True,saved_experiment1_quality_metadata,2,4,1
38,kazllm,issai/LLama-3.1-KazLLM-1.0-8B,1,ok,extracted_json_array,12,12,True,4,8,9,3,12,4,3,True,True,saved_experiment1_quality_metadata,3,0,1
38,kazllm,issai/LLama-3.1-KazLLM-1.0-8B,2,ok,direct_json,12,12,True,10,2,12,10,12,10,10,True,True,saved_experiment1_quality_metadata,7,3,1
38,kazllm,issai/LLama-3.1-KazLLM-1.0-8B,3,ok,direct_json,12,12,True,5,7,12,5,12,5,5,True,True,saved_experiment1_quality_metadata,3,2,1
38,kazllm,issai/LLama-3.1-KazLLM-1.0-8B,4,ok,extracted_json_array,12,12,True,3,9,6,2,12,3,2,True,True,saved_experiment1_quality_metadata,1,1,1
38,kazllm,issai/LLama-3.1-KazLLM-1.0-8B,5,ok,extracted_json_array,12,12,True,5,7,11,4,12,5,4,True,True,saved_experiment1_quality_metadata,4,0,1
39,kazllm,issai/LLama-3.1-KazLLM-1.0-8B,1,ok,direct_json,13,12,False,5,8,13,5,13,5,5,True,True,saved_experiment1_quality_metadata,1,4,2
39,kazllm,issai/LLama-3.1-KazLLM-1.0-8B,3,ok,direct_json,13,12,False,2,11,13,2,13,2,2,True,True,saved_experiment1_quality_metadata,1,1,1
39,kazllm,issai/LLama-3.1-KazLLM-1.0-8B,4,ok,extracted_json_array,12,12,True,2,10,12,2,12,2,2,True,True,saved_experiment1_quality_metadata,2,0,1
39,kazllm,issai/LLama-3.1-KazLLM-1.0-8B,5,ok,direct_json,12,12,True,3,9,12,3,12,3,3,True,True,saved_experiment1_quality_metadata,1,2,1
4,kazllm,issai/LLama-3.1-KazLLM-1.0-8B,1,ok,direct_json,12,12,True,6,6,11,5,12,6,5,True,True,saved_experiment1_quality_metadata,2,3,1
4,kazllm,issai/LLama-3.1-KazLLM-1.0-8B,2,ok,direct_json,12,12,True,6,6,12,6,12,6,6,True,True,saved_experiment1_quality_metadata,1,5,2
4,kazllm,issai/LLama-3.1-KazLLM-1.0-8B,3,ok,extracted_json_array,12,12,True,4,8,12,4,12,4,4,True,True,saved_experiment1_quality_metadata,3,1,1
4,kazllm,issai/LLama-3.1-KazLLM-1.0-8B,4,ok,direct_json,13,12,False,2,11,1,1,13,2,1,True,True,saved_experiment1_quality_metadata,1,0,1
4,kazllm,issai/LLama-3.1-KazLLM-1.0-8B,5,ok,extracted_json_array,12,12,True,11,1,12,11,12,11,11,True,True,saved_experiment1_quality_metadata,2,9,1
40,kazllm,issai/LLama-3.1-KazLLM-1.0-8B,1,ok,extracted_json_array,13,12,False,2,11,13,2,13,2,2,True,True,saved_experiment1_quality_metadata,1,1,1
40,kazllm,issai/LLama-3.1-KazLLM-1.0-8B,2,ok,direct_json,12,12,True,9,3,9,7,12,9,7,True,True,saved_experiment1_quality_metadata,5,2,1
40,kazllm,issai/LLama-3.1-KazLLM-1.0-8B,3,ok,direct_json,12,12,True,7,5,12,7,12,7,7,True,True,saved_experiment1_quality_metadata,2,5,1
40,kazllm,issai/LLama-3.1-KazLLM-1.0-8B,4,ok,extracted_json_object,12,12,True,6,6,12,6,12,6,6,True,True,saved_experiment1_quality_metadata,1,5,1
40,kazllm,issai/LLama-3.1-KazLLM-1.0-8B,5,ok,direct_json,12,12,True,3,9,12,3,12,3,3,True,True,saved_experiment1_quality_metadata,1,2,1
41,kazllm,issai/LLama-3.1-KazLLM-1.0-8B,1,ok,extracted_json_array,13,12,False,3,10,12,2,13,3,2,True,True,saved_experiment1_quality_metadata,1,1,1
41,kazllm,issai/LLama-3.1-KazLLM-1.0-8B,2,ok,direct_json,14,12,False,14,0,13,13,14,14,13,True,True,saved_experiment1_quality_metadata,8,5,2
41,kazllm,issai/LLama-3.1-KazLLM-1.0-8B,3,ok,extracted_json_array,13,12,False,5,8,13,5,13,5,5,True,True,saved_experiment1_quality_metadata,1,4,1
41,kazllm,issai/LLama-3.1-KazLLM-1.0-8B,4,ok,extracted_json_array,12,12,True,5,7,11,4,12,5,4,True,True,saved_experiment1_quality_metadata,2,2,1
41,kazllm,issai/LLama-3.1-KazLLM-1.0-8B,5,ok,extracted_json_array,12,12,True,3,9,12,3,12,3,3,True,True,saved_experiment1_quality_metadata,1,2,1
42,kazllm,issai/LLama-3.1-KazLLM-1.0-8B,1,ok,extracted_json_array,14,12,False,1,13,14,1,14,1,1,True,True,saved_experiment1_quality_metadata,1,0,1
42,kazllm,issai/LLama-3.1-KazLLM-1.0-8B,2,ok,direct_json,12,12,True,2,10,11,1,12,2,1,True,True,saved_experiment1_quality_metadata,1,0,1
42,kazllm,issai/LLama-3.1-KazLLM-1.0-8B,3,ok,direct_json,14,12,False,3,11,8,2,14,3,2,True,True,saved_experiment1_quality_metadata,2,0,1
42,kazllm,issai/LLama-3.1-KazLLM-1.0-8B,4,ok,direct_json,13,12,False,1,12,13,1,13,1,1,True,True,saved_experiment1_quality_metadata,1,0,2
42,kazllm,issai/LLama-3.1-KazLLM-1.0-8B,5,ok,extracted_json_array,12,12,True,6,6,9,5,12,6,5,True,True,saved_experiment1_quality_metadata,3,2,1
43,kazllm,issai/LLama-3.1-KazLLM-1.0-8B,1,ok,extracted_json_array,12,12,True,3,9,12,3,12,3,3,True,True,saved_experiment1_quality_metadata,1,2,1
43,kazllm,issai/LLama-3.1-KazLLM-1.0-8B,2,ok,direct_json,13,12,False,5,8,13,5,13,5,5,True,True,saved_experiment1_quality_metadata,2,3,1
43,kazllm,issai/LLama-3.1-KazLLM-1.0-8B,3,ok,direct_json,12,12,True,2,10,12,2,12,2,2,True,True,saved_experiment1_quality_metadata,2,0,1
43,kazllm,issai/LLama-3.1-KazLLM-1.0-8B,4,ok,direct_json,12,12,True,6,6,10,5,12,6,5,True,True,saved_experiment1_quality_metadata,2,3,1
43,kazllm,issai/LLama-3.1-KazLLM-1.0-8B,5,ok,extracted_json_array,12,12,True,5,7,12,5,12,5,5,True,True,saved_experiment1_quality_metadata,2,3,1
44,kazllm,issai/LLama-3.1-KazLLM-1.0-8B,1,ok,direct_json,12,12,True,3,9,12,3,12,3,3,True,True,saved_experiment1_quality_metadata,3,0,1
44,kazllm,issai/LLama-3.1-KazLLM-1.0-8B,2,ok,code_fence_json,12,12,True,7,5,10,6,12,7,6,True,True,saved_experiment1_quality_metadata,2,4,1
44,kazllm,issai/LLama-3.1-KazLLM-1.0-8B,3,ok,extracted_json_array,13,12,False,5,8,12,4,13,5,4,True,True,saved_experiment1_quality_metadata,4,0,1
44,kazllm,issai/LLama-3.1-KazLLM-1.0-8B,4,ok,extracted_json_array,12,12,True,3,9,11,2,12,3,2,True,True,saved_experiment1_quality_metadata,2,0,1
44,kazllm,issai/LLama-3.1-KazLLM-1.0-8B,5,ok,extracted_json_array,13,12,False,8,5,13,8,13,8,8,True,True,saved_experiment1_quality_metadata,3,5,1
45,kazllm,issai/LLama-3.1-KazLLM-1.0-8B,1,ok,direct_json,12,12,True,6,6,12,6,12,6,6,True,True,saved_experiment1_quality_metadata,2,4,1
45,kazllm,issai/LLama-3.1-KazLLM-1.0-8B,2,ok,extracted_json_array,13,12,False,8,5,9,7,13,8,7,True,True,saved_experiment1_quality_metadata,2,5,1
45,kazllm,issai/LLama-3.1-KazLLM-1.0-8B,3,ok,extracted_json_array,12,12,True,4,8,8,3,12,4,3,True,True,saved_experiment1_quality_metadata,3,0,1
45,kazllm,issai/LLama-3.1-KazLLM-1.0-8B,4,ok,direct_json,13,12,False,2,11,13,2,13,2,2,True,True,saved_experiment1_quality_metadata,1,1,1
45,kazllm,issai/LLama-3.1-KazLLM-1.0-8B,5,ok,direct_json,12,12,True,4,8,12,4,12,4,4,True,True,saved_experiment1_quality_metadata,1,3,1
46,kazllm,issai/LLama-3.1-KazLLM-1.0-8B,1,ok,extracted_json_array,12,12,True,3,9,10,2,12,3,2,True,True,saved_experiment1_quality_metadata,2,0,2
46,kazllm,issai/LLama-3.1-KazLLM-1.0-8B,2,ok,direct_json,12,12,True,3,9,12,3,12,3,3,True,True,saved_experiment1_quality_metadata,3,0,1
46,kazllm,issai/LLama-3.1-KazLLM-1.0-8B,3,ok,direct_json,12,12,True,5,7,6,3,12,5,3,True,True,saved_experiment1_quality_metadata,1,2,1
46,kazllm,issai/LLama-3.1-KazLLM-1.0-8B,4,ok,extracted_json_array,12,12,True,2,10,11,1,12,2,1,True,True,saved_experiment1_quality_metadata,1,0,1
46,kazllm,issai/LLama-3.1-KazLLM-1.0-8B,5,ok,extracted_json_array,12,12,True,7,5,12,7,12,7,7,True,True,saved_experiment1_quality_metadata,3,4,1
47,kazllm,issai/LLama-3.1-KazLLM-1.0-8B,1,ok,extracted_json_array,12,12,True,3,9,12,3,12,3,3,True,True,saved_experiment1_quality_metadata,2,1,1
47,kazllm,issai/LLama-3.1-KazLLM-1.0-8B,2,ok,extracted_json_array,12,12,True,3,9,11,2,12,3,2,True,True,saved_experiment1_quality_metadata,2,0,1
47,kazllm,issai/LLama-3.1-KazLLM-1.0-8B,3,ok,direct_json,12,12,True,6,6,9,5,12,6,5,True,True,saved_experiment1_quality_metadata,5,0,1
47,kazllm,issai/LLama-3.1-KazLLM-1.0-8B,4,ok,direct_json,12,12,True,6,6,9,5,12,6,5,True,True,saved_experiment1_quality_metadata,5,0,1
47,kazllm,issai/LLama-3.1-KazLLM-1.0-8B,5,ok,direct_json,13,12,False,3,10,13,3,13,3,3,True,True,saved_experiment1_quality_metadata,3,0,1
48,kazllm,issai/LLama-3.1-KazLLM-1.0-8B,1,ok,extracted_json_array,12,12,True,7,5,12,7,12,7,7,True,True,saved_experiment1_quality_metadata,3,4,2
48,kazllm,issai/LLama-3.1-KazLLM-1.0-8B,2,ok,extracted_json_array,12,12,True,4,8,7,3,12,4,3,True,True,saved_experiment1_quality_metadata,2,1,1
48,kazllm,issai/LLama-3.1-KazLLM-1.0-8B,3,ok,extracted_json_array,12,12,True,7,5,12,7,12,7,7,True,True,saved_experiment1_quality_metadata,5,2,1
48,kazllm,issai/LLama-3.1-KazLLM-1.0-8B,4,ok,direct_json,12,12,True,5,7,8,4,12,5,4,True,True,saved_experiment1_quality_metadata,4,0,1
48,kazllm,issai/LLama-3.1-KazLLM-1.0-8B,5,ok,direct_json,12,12,True,2,10,6,1,12,2,1,True,True,saved_experiment1_quality_metadata,1,0,1
49,kazllm,issai/LLama-3.1-KazLLM-1.0-8B,1,ok,extracted_json_array,12,12,True,2,10,12,2,12,2,2,True,True,saved_experiment1_quality_metadata,1,1,1
49,kazllm,issai/LLama-3.1-KazLLM-1.0-8B,2,ok,direct_json,13,12,False,4,9,13,4,13,4,4,True,True,saved_experiment1_quality_metadata,2,2,1
49,kazllm,issai/LLama-3.1-KazLLM-1.0-8B,3,ok,direct_json,13,12,False,11,2,13,11,13,11,11,True,True,saved_experiment1_quality_metadata,3,8,1
49,kazllm,issai/LLama-3.1-KazLLM-1.0-8B,4,ok,direct_json,12,12,True,8,4,12,8,12,8,8,True,True,saved_experiment1_quality_metadata,2,6,1
49,kazllm,issai/LLama-3.1-KazLLM-1.0-8B,5,ok,extracted_json_array,12,12,True,9,3,12,9,12,9,9,True,True,saved_experiment1_quality_metadata,3,6,1
5,kazllm,issai/LLama-3.1-KazLLM-1.0-8B,1,ok,direct_json,13,12,False,5,8,13,5,13,5,5,True,True,saved_experiment1_quality_metadata,1,4,1
5,kazllm,issai/LLama-3.1-KazLLM-1.0-8B,2,ok,direct_json,12,12,True,6,6,12,6,12,6,6,True,True,saved_experiment1_quality_metadata,2,4,1
5,kazllm,issai/LLama-3.1-KazLLM-1.0-8B,3,ok,direct_json,12,12,True,4,8,11,3,12,4,3,True,True,saved_experiment1_quality_metadata,2,1,1
5,kazllm,issai/LLama-3.1-KazLLM-1.0-8B,4,ok,direct_json,12,12,True,8,4,12,8,12,8,8,True,True,saved_experiment1_quality_metadata,1,7,1
5,kazllm,issai/LLama-3.1-KazLLM-1.0-8B,5,ok,extracted_json_array,12,12,True,5,7,12,5,12,5,5,True,True,saved_experiment1_quality_metadata,2,3,1
50,kazllm,issai/LLama-3.1-KazLLM-1.0-8B,1,ok,direct_json,12,12,True,5,7,12,5,12,5,5,True,True,saved_experiment1_quality_metadata,4,1,1
50,kazllm,issai/LLama-3.1-KazLLM-1.0-8B,2,ok,extracted_json_array,12,12,True,1,11,12,1,12,1,1,True,True,saved_experiment1_quality_metadata,1,0,1
50,kazllm,issai/LLama-3.1-KazLLM-1.0-8B,3,ok,direct_json,12,12,True,3,9,12,3,12,3,3,True,True,saved_experiment1_quality_metadata,2,1,1
50,kazllm,issai/LLama-3.1-KazLLM-1.0-8B,4,ok,direct_json,12,12,True,8,4,11,7,12,8,7,True,True,saved_experiment1_quality_metadata,1,6,1
50,kazllm,issai/LLama-3.1-KazLLM-1.0-8B,5,ok,direct_json,13,12,False,2,11,13,2,13,2,2,True,True,saved_experiment1_quality_metadata,1,1,1
51,kazllm,issai/LLama-3.1-KazLLM-1.0-8B,1,ok,extracted_json_array,12,12,True,2,10,12,2,12,2,2,True,True,saved_experiment1_quality_metadata,1,1,1
51,kazllm,issai/LLama-3.1-KazLLM-1.0-8B,2,ok,direct_json,12,12,True,1,11,12,1,12,1,1,True,True,saved_experiment1_quality_metadata,1,0,1
51,kazllm,issai/LLama-3.1-KazLLM-1.0-8B,3,ok,extracted_json_array,12,12,True,2,10,12,2,12,2,2,True,True,saved_experiment1_quality_metadata,1,1,2
51,kazllm,issai/LLama-3.1-KazLLM-1.0-8B,4,ok,direct_json,13,12,False,3,10,13,3,13,3,3,True,True,saved_experiment1_quality_metadata,1,2,1
51,kazllm,issai/LLama-3.1-KazLLM-1.0-8B,5,ok,direct_json,13,12,False,5,8,13,5,13,5,5,True,True,saved_experiment1_quality_metadata,1,4,1
52,kazllm,issai/LLama-3.1-KazLLM-1.0-8B,1,ok,extracted_json_array,12,12,True,3,9,6,2,12,3,2,True,True,saved_experiment1_quality_metadata,2,0,1
52,kazllm,issai/LLama-3.1-KazLLM-1.0-8B,2,ok,direct_json,13,12,False,1,12,13,1,13,1,1,True,True,saved_experiment1_quality_metadata,1,0,1
52,kazllm,issai/LLama-3.1-KazLLM-1.0-8B,3,ok,direct_json,12,12,True,4,8,12,4,12,4,4,True,True,saved_experiment1_quality_metadata,2,2,2
52,kazllm,issai/LLama-3.1-KazLLM-1.0-8B,4,ok,direct_json,12,12,True,4,8,10,2,12,4,2,True,True,saved_experiment1_quality_metadata,1,1,1
52,kazllm,issai/LLama-3.1-KazLLM-1.0-8B,5,ok,extracted_json_array,12,12,True,4,8,7,3,12,4,3,True,True,saved_experiment1_quality_metadata,2,1,2
53,kazllm,issai/LLama-3.1-KazLLM-1.0-8B,1,ok,direct_json,12,12,True,5,7,12,5,12,5,5,True,True,saved_experiment1_quality_metadata,1,4,1
53,kazllm,issai/LLama-3.1-KazLLM-1.0-8B,2,ok,direct_json,12,12,True,4,8,12,4,12,4,4,True,True,saved_experiment1_quality_metadata,2,2,2
53,kazllm,issai/LLama-3.1-KazLLM-1.0-8B,3,ok,direct_json,12,12,True,3,9,12,3,12,3,3,True,True,saved_experiment1_quality_metadata,2,1,1
53,kazllm,issai/LLama-3.1-KazLLM-1.0-8B,4,ok,direct_json,12,12,True,6,6,12,6,12,6,6,True,True,saved_experiment1_quality_metadata,6,0,1
53,kazllm,issai/LLama-3.1-KazLLM-1.0-8B,5,ok,direct_json,12,12,True,1,11,12,1,12,1,1,True,True,saved_experiment1_quality_metadata,1,0,1
54,kazllm,issai/LLama-3.1-KazLLM-1.0-8B,1,ok,direct_json,12,12,True,6,6,12,6,12,6,6,True,True,saved_experiment1_quality_metadata,3,3,1
54,kazllm,issai/LLama-3.1-KazLLM-1.0-8B,2,ok,direct_json,12,12,True,4,8,11,3,12,4,3,True,True,saved_experiment1_quality_metadata,2,1,1
54,kazllm,issai/LLama-3.1-KazLLM-1.0-8B,3,ok,extracted_json_array,12,12,True,2,10,12,2,12,2,2,True,True,saved_experiment1_quality_metadata,2,0,1
54,kazllm,issai/LLama-3.1-KazLLM-1.0-8B,4,ok,extracted_json_array,12,12,True,8,4,12,8,12,8,8,True,True,saved_experiment1_quality_metadata,2,6,1
54,kazllm,issai/LLama-3.1-KazLLM-1.0-8B,5,ok,direct_json,12,12,True,3,9,12,3,12,3,3,True,True,saved_experiment1_quality_metadata,3,0,1
55,kazllm,issai/LLama-3.1-KazLLM-1.0-8B,1,ok,direct_json,13,12,False,9,4,13,9,13,9,9,True,True,saved_experiment1_quality_metadata,1,8,1
55,kazllm,issai/LLama-3.1-KazLLM-1.0-8B,2,ok,direct_json,12,12,True,3,9,11,2,12,3,2,True,True,saved_experiment1_quality_metadata,1,1,1
55,kazllm,issai/LLama-3.1-KazLLM-1.0-8B,3,ok,direct_json,12,12,True,5,7,12,5,12,5,5,True,True,saved_experiment1_quality_metadata,1,4,1
55,kazllm,issai/LLama-3.1-KazLLM-1.0-8B,4,ok,direct_json,12,12,True,3,9,12,3,12,3,3,True,True,saved_experiment1_quality_metadata,1,2,1
55,kazllm,issai/LLama-3.1-KazLLM-1.0-8B,5,ok,direct_json,12,12,True,4,8,11,3,12,4,3,True,True,saved_experiment1_quality_metadata,1,2,1
56,kazllm,issai/LLama-3.1-KazLLM-1.0-8B,1,ok,direct_json,12,12,True,9,3,12,9,12,9,9,True,True,saved_experiment1_quality_metadata,1,8,1
56,kazllm,issai/LLama-3.1-KazLLM-1.0-8B,2,ok,direct_json,12,12,True,3,9,12,3,12,3,3,True,True,saved_experiment1_quality_metadata,1,2,1
56,kazllm,issai/LLama-3.1-KazLLM-1.0-8B,3,ok,extracted_json_array,12,12,True,2,10,12,2,12,2,2,True,True,saved_experiment1_quality_metadata,1,1,1
56,kazllm,issai/LLama-3.1-KazLLM-1.0-8B,4,ok,direct_json,12,12,True,6,6,12,6,12,6,6,True,True,saved_experiment1_quality_metadata,3,3,1
56,kazllm,issai/LLama-3.1-KazLLM-1.0-8B,5,ok,extracted_json_array,13,12,False,2,11,13,2,13,2,2,True,True,saved_experiment1_quality_metadata,2,0,1
57,kazllm,issai/LLama-3.1-KazLLM-1.0-8B,1,ok,direct_json,13,12,False,7,6,13,7,13,7,7,True,True,saved_experiment1_quality_metadata,3,4,1
57,kazllm,issai/LLama-3.1-KazLLM-1.0-8B,2,ok,direct_json,12,12,True,6,6,12,6,12,6,6,True,True,saved_experiment1_quality_metadata,2,4,1
57,kazllm,issai/LLama-3.1-KazLLM-1.0-8B,3,ok,extracted_json_array,12,12,True,2,10,11,1,12,2,1,True,True,saved_experiment1_quality_metadata,1,0,1
57,kazllm,issai/LLama-3.1-KazLLM-1.0-8B,4,ok,direct_json,12,12,True,6,6,12,6,12,6,6,True,True,saved_experiment1_quality_metadata,1,5,1
57,kazllm,issai/LLama-3.1-KazLLM-1.0-8B,5,ok,direct_json,12,12,True,4,8,12,4,12,4,4,True,True,saved_experiment1_quality_metadata,2,2,1
58,kazllm,issai/LLama-3.1-KazLLM-1.0-8B,1,ok,direct_json,13,12,False,2,11,7,1,13,2,1,True,True,saved_experiment1_quality_metadata,1,0,1
58,kazllm,issai/LLama-3.1-KazLLM-1.0-8B,2,ok,extracted_json_array,13,12,False,2,11,12,1,13,2,1,True,True,saved_experiment1_quality_metadata,1,0,1
58,kazllm,issai/LLama-3.1-KazLLM-1.0-8B,3,ok,extracted_json_array,12,12,True,7,5,12,7,12,7,7,True,True,saved_experiment1_quality_metadata,1,6,1
58,kazllm,issai/LLama-3.1-KazLLM-1.0-8B,4,ok,direct_json,12,12,True,2,10,12,2,12,2,2,True,True,saved_experiment1_quality_metadata,1,1,1
58,kazllm,issai/LLama-3.1-KazLLM-1.0-8B,5,ok,direct_json,12,12,True,2,10,12,2,12,2,2,True,True,saved_experiment1_quality_metadata,1,1,1
59,kazllm,issai/LLama-3.1-KazLLM-1.0-8B,1,ok,direct_json,13,12,False,7,6,13,7,13,7,7,True,True,saved_experiment1_quality_metadata,4,3,1
59,kazllm,issai/LLama-3.1-KazLLM-1.0-8B,2,ok,direct_json,12,12,True,4,8,12,4,12,4,4,True,True,saved_experiment1_quality_metadata,3,1,1
59,kazllm,issai/LLama-3.1-KazLLM-1.0-8B,3,ok,direct_json,12,12,True,5,7,12,5,12,5,5,True,True,saved_experiment1_quality_metadata,2,3,1
59,kazllm,issai/LLama-3.1-KazLLM-1.0-8B,4,ok,direct_json,12,12,True,3,9,2,2,12,3,2,True,True,saved_experiment1_quality_metadata,2,0,1
59,kazllm,issai/LLama-3.1-KazLLM-1.0-8B,5,ok,direct_json,12,12,True,6,6,12,6,12,6,6,True,True,saved_experiment1_quality_metadata,4,2,1
6,kazllm,issai/LLama-3.1-KazLLM-1.0-8B,1,ok,direct_json,12,12,True,6,6,12,6,12,6,6,True,True,saved_experiment1_quality_metadata,2,4,1
6,kazllm,issai/LLama-3.1-KazLLM-1.0-8B,2,ok,extracted_json_array,12,12,True,7,5,12,7,12,7,7,True,True,saved_experiment1_quality_metadata,3,4,2
6,kazllm,issai/LLama-3.1-KazLLM-1.0-8B,3,ok,direct_json,12,12,True,9,3,12,9,12,9,9,True,True,saved_experiment1_quality_metadata,3,6,1
6,kazllm,issai/LLama-3.1-KazLLM-1.0-8B,4,ok,extracted_json_array,13,12,False,3,10,2,2,13,3,2,True,True,saved_experiment1_quality_metadata,1,1,1
6,kazllm,issai/LLama-3.1-KazLLM-1.0-8B,5,ok,extracted_json_array,12,12,True,7,5,11,6,12,7,6,True,True,saved_experiment1_quality_metadata,1,5,1
60,kazllm,issai/LLama-3.1-KazLLM-1.0-8B,1,ok,direct_json,12,12,True,7,5,12,7,12,7,7,True,True,saved_experiment1_quality_metadata,3,4,1
60,kazllm,issai/LLama-3.1-KazLLM-1.0-8B,2,ok,direct_json,13,12,False,3,10,13,3,13,3,3,True,True,saved_experiment1_quality_metadata,1,2,1
60,kazllm,issai/LLama-3.1-KazLLM-1.0-8B,3,ok,direct_json,12,12,True,3,9,12,3,12,3,3,True,True,saved_experiment1_quality_metadata,2,1,1
60,kazllm,issai/LLama-3.1-KazLLM-1.0-8B,4,ok,direct_json,12,12,True,7,5,12,7,12,7,7,True,True,saved_experiment1_quality_metadata,1,6,1
60,kazllm,issai/LLama-3.1-KazLLM-1.0-8B,5,ok,direct_json,12,12,True,2,10,12,2,12,2,2,True,True,saved_experiment1_quality_metadata,1,1,1
61,kazllm,issai/LLama-3.1-KazLLM-1.0-8B,1,ok,extracted_json_object,12,12,True,2,10,12,2,12,2,2,True,True,saved_experiment1_quality_metadata,1,1,1
61,kazllm,issai/LLama-3.1-KazLLM-1.0-8B,2,ok,extracted_json_array,12,12,True,2,10,12,2,12,2,2,True,True,saved_experiment1_quality_metadata,1,1,2
61,kazllm,issai/LLama-3.1-KazLLM-1.0-8B,3,ok,extracted_json_array,12,12,True,4,8,12,4,12,4,4,True,True,saved_experiment1_quality_metadata,2,2,1
61,kazllm,issai/LLama-3.1-KazLLM-1.0-8B,4,ok,extracted_json_array,12,12,True,8,4,11,7,12,8,7,True,True,saved_experiment1_quality_metadata,4,3,2
61,kazllm,issai/LLama-3.1-KazLLM-1.0-8B,5,ok,direct_json,12,12,True,6,6,12,6,12,6,6,True,True,saved_experiment1_quality_metadata,3,3,1
62,kazllm,issai/LLama-3.1-KazLLM-1.0-8B,1,ok,extracted_json_array,12,12,True,11,1,12,11,12,11,11,True,True,saved_experiment1_quality_metadata,1,10,1
62,kazllm,issai/LLama-3.1-KazLLM-1.0-8B,2,ok,direct_json,12,12,True,3,9,12,3,12,3,3,True,True,saved_experiment1_quality_metadata,1,2,1
62,kazllm,issai/LLama-3.1-KazLLM-1.0-8B,3,ok,direct_json,12,12,True,10,2,12,10,12,10,10,True,True,saved_experiment1_quality_metadata,3,7,1
62,kazllm,issai/LLama-3.1-KazLLM-1.0-8B,4,ok,direct_json,12,12,True,7,5,12,7,12,7,7,True,True,saved_experiment1_quality_metadata,5,2,1
62,kazllm,issai/LLama-3.1-KazLLM-1.0-8B,5,ok,direct_json,12,12,True,8,4,12,8,12,8,8,True,True,saved_experiment1_quality_metadata,5,3,1
63,kazllm,issai/LLama-3.1-KazLLM-1.0-8B,1,ok,extracted_json_array,12,12,True,5,7,9,4,12,5,4,True,True,saved_experiment1_quality_metadata,4,0,1
63,kazllm,issai/LLama-3.1-KazLLM-1.0-8B,2,ok,extracted_json_array,13,12,False,9,4,13,9,13,9,9,True,True,saved_experiment1_quality_metadata,4,5,1
63,kazllm,issai/LLama-3.1-KazLLM-1.0-8B,3,ok,direct_json,12,12,True,7,5,10,6,12,7,6,True,True,saved_experiment1_quality_metadata,5,1,1
63,kazllm,issai/LLama-3.1-KazLLM-1.0-8B,4,ok,extracted_json_array,12,12,True,5,7,10,4,12,5,4,True,True,saved_experiment1_quality_metadata,3,1,1
63,kazllm,issai/LLama-3.1-KazLLM-1.0-8B,5,ok,direct_json,14,12,False,5,9,14,5,14,5,5,True,True,saved_experiment1_quality_metadata,4,1,1
64,kazllm,issai/LLama-3.1-KazLLM-1.0-8B,1,ok,direct_json,12,12,True,5,7,12,5,12,5,5,True,True,saved_experiment1_quality_metadata,4,1,1
64,kazllm,issai/LLama-3.1-KazLLM-1.0-8B,2,ok,direct_json,12,12,True,6,6,12,6,12,6,6,True,True,saved_experiment1_quality_metadata,2,4,1
64,kazllm,issai/LLama-3.1-KazLLM-1.0-8B,3,ok,direct_json,12,12,True,6,6,11,5,12,6,5,True,True,saved_experiment1_quality_metadata,2,3,1
64,kazllm,issai/LLama-3.1-KazLLM-1.0-8B,4,ok,direct_json,12,12,True,9,3,12,9,12,9,9,True,True,saved_experiment1_quality_metadata,3,6,1
64,kazllm,issai/LLama-3.1-KazLLM-1.0-8B,5,ok,direct_json,12,12,True,3,9,12,3,12,3,3,True,True,saved_experiment1_quality_metadata,2,1,1
65,kazllm,issai/LLama-3.1-KazLLM-1.0-8B,1,ok,direct_json,12,12,True,11,1,12,11,12,11,11,True,True,saved_experiment1_quality_metadata,6,5,1
65,kazllm,issai/LLama-3.1-KazLLM-1.0-8B,2,ok,direct_json,12,12,True,7,5,7,5,12,7,5,True,True,saved_experiment1_quality_metadata,3,2,1
65,kazllm,issai/LLama-3.1-KazLLM-1.0-8B,3,ok,extracted_json_array,12,12,True,4,8,12,4,12,4,4,True,True,saved_experiment1_quality_metadata,4,0,1
65,kazllm,issai/LLama-3.1-KazLLM-1.0-8B,4,ok,code_fence_json,12,12,True,6,6,8,5,12,6,5,True,True,saved_experiment1_quality_metadata,2,3,1
65,kazllm,issai/LLama-3.1-KazLLM-1.0-8B,5,ok,extracted_json_array,12,12,True,6,6,12,6,12,6,6,True,True,saved_experiment1_quality_metadata,3,3,1
66,kazllm,issai/LLama-3.1-KazLLM-1.0-8B,1,ok,direct_json,12,12,True,12,0,12,12,12,12,12,True,True,saved_experiment1_quality_metadata,5,7,1
66,kazllm,issai/LLama-3.1-KazLLM-1.0-8B,2,ok,extracted_json_array,12,12,True,3,9,7,2,12,3,2,True,True,saved_experiment1_quality_metadata,2,0,1
66,kazllm,issai/LLama-3.1-KazLLM-1.0-8B,3,ok,direct_json,12,12,True,7,5,12,7,12,7,7,True,True,saved_experiment1_quality_metadata,3,4,1
66,kazllm,issai/LLama-3.1-KazLLM-1.0-8B,4,ok,direct_json,12,12,True,8,4,12,8,12,8,8,True,True,saved_experiment1_quality_metadata,3,5,1
66,kazllm,issai/LLama-3.1-KazLLM-1.0-8B,5,ok,extracted_json_array,12,12,True,2,10,1,1,12,2,1,True,True,saved_experiment1_quality_metadata,1,0,1
67,kazllm,issai/LLama-3.1-KazLLM-1.0-8B,1,ok,extracted_json_array,12,12,True,9,3,12,9,12,9,9,True,True,saved_experiment1_quality_metadata,2,7,1
67,kazllm,issai/LLama-3.1-KazLLM-1.0-8B,2,ok,direct_json,12,12,True,6,6,10,5,12,6,5,True,True,saved_experiment1_quality_metadata,3,2,1
67,kazllm,issai/LLama-3.1-KazLLM-1.0-8B,3,ok,direct_json,13,12,False,5,8,13,5,13,5,5,True,True,saved_experiment1_quality_metadata,2,3,2
67,kazllm,issai/LLama-3.1-KazLLM-1.0-8B,4,ok,direct_json,12,12,True,8,4,12,8,12,8,8,True,True,saved_experiment1_quality_metadata,2,6,1
67,kazllm,issai/LLama-3.1-KazLLM-1.0-8B,5,ok,extracted_json_array,13,12,False,2,11,13,2,13,2,2,True,True,saved_experiment1_quality_metadata,2,0,1
68,kazllm,issai/LLama-3.1-KazLLM-1.0-8B,1,ok,extracted_json_array,12,12,True,10,2,11,9,12,10,9,True,True,saved_experiment1_quality_metadata,6,3,1
68,kazllm,issai/LLama-3.1-KazLLM-1.0-8B,2,ok,direct_json,12,12,True,8,4,12,8,12,8,8,True,True,saved_experiment1_quality_metadata,3,5,1
68,kazllm,issai/LLama-3.1-KazLLM-1.0-8B,3,ok,direct_json,12,12,True,5,7,12,5,12,5,5,True,True,saved_experiment1_quality_metadata,2,3,1
68,kazllm,issai/LLama-3.1-KazLLM-1.0-8B,4,ok,extracted_json_array,12,12,True,8,4,12,8,12,8,8,True,True,saved_experiment1_quality_metadata,2,6,1
68,kazllm,issai/LLama-3.1-KazLLM-1.0-8B,5,ok,direct_json,12,12,True,4,8,12,4,12,4,4,True,True,saved_experiment1_quality_metadata,1,3,1
69,kazllm,issai/LLama-3.1-KazLLM-1.0-8B,1,ok,direct_json,12,12,True,4,8,12,4,12,4,4,True,True,saved_experiment1_quality_metadata,2,2,1
69,kazllm,issai/LLama-3.1-KazLLM-1.0-8B,2,ok,direct_json,12,12,True,9,3,12,9,12,9,9,True,True,saved_experiment1_quality_metadata,3,6,1
69,kazllm,issai/LLama-3.1-KazLLM-1.0-8B,3,ok,extracted_json_array,12,12,True,6,6,12,6,12,6,6,True,True,saved_experiment1_quality_metadata,3,3,1
69,kazllm,issai/LLama-3.1-KazLLM-1.0-8B,4,ok,direct_json,12,12,True,11,1,11,10,12,11,10,True,True,saved_experiment1_quality_metadata,3,7,1
69,kazllm,issai/LLama-3.1-KazLLM-1.0-8B,5,ok,extracted_json_array,12,12,True,4,8,12,4,12,4,4,True,True,saved_experiment1_quality_metadata,3,1,1
7,kazllm,issai/LLama-3.1-KazLLM-1.0-8B,1,ok,direct_json,13,12,False,5,8,13,5,13,5,5,True,True,saved_experiment1_quality_metadata,2,3,1
7,kazllm,issai/LLama-3.1-KazLLM-1.0-8B,2,ok,extracted_json_array,12,12,True,8,4,12,8,12,8,8,True,True,saved_experiment1_quality_metadata,2,6,1
7,kazllm,issai/LLama-3.1-KazLLM-1.0-8B,3,ok,extracted_json_array,12,12,True,6,6,12,6,12,6,6,True,True,saved_experiment1_quality_metadata,2,4,1
7,kazllm,issai/LLama-3.1-KazLLM-1.0-8B,4,ok,direct_json,13,12,False,6,7,13,6,13,6,6,True,True,saved_experiment1_quality_metadata,2,4,1
7,kazllm,issai/LLama-3.1-KazLLM-1.0-8B,5,ok,direct_json,12,12,True,6,6,12,6,12,6,6,True,True,saved_experiment1_quality_metadata,2,4,1
70,kazllm,issai/LLama-3.1-KazLLM-1.0-8B,1,ok,direct_json,12,12,True,4,8,8,3,12,4,3,True,True,saved_experiment1_quality_metadata,3,0,1
70,kazllm,issai/LLama-3.1-KazLLM-1.0-8B,2,ok,extracted_json_array,12,12,True,9,3,12,9,12,9,9,True,True,saved_experiment1_quality_metadata,2,7,2
70,kazllm,issai/LLama-3.1-KazLLM-1.0-8B,3,ok,direct_json,12,12,True,6,6,12,6,12,6,6,True,True,saved_experiment1_quality_metadata,4,2,1
70,kazllm,issai/LLama-3.1-KazLLM-1.0-8B,4,ok,direct_json,12,12,True,3,9,12,3,12,3,3,True,True,saved_experiment1_quality_metadata,2,1,1
70,kazllm,issai/LLama-3.1-KazLLM-1.0-8B,5,ok,direct_json,12,12,True,2,10,1,1,12,2,1,True,True,saved_experiment1_quality_metadata,1,0,1
71,kazllm,issai/LLama-3.1-KazLLM-1.0-8B,1,ok,extracted_json_array,12,12,True,3,9,12,3,12,3,3,True,True,saved_experiment1_quality_metadata,2,1,1
71,kazllm,issai/LLama-3.1-KazLLM-1.0-8B,2,ok,direct_json,15,12,False,2,13,15,2,15,2,2,True,True,saved_experiment1_quality_metadata,2,0,1
71,kazllm,issai/LLama-3.1-KazLLM-1.0-8B,3,ok,direct_json,12,12,True,1,11,12,1,12,1,1,True,True,saved_experiment1_quality_metadata,1,0,1
71,kazllm,issai/LLama-3.1-KazLLM-1.0-8B,4,ok,direct_json,13,12,False,4,9,13,4,13,4,4,True,True,saved_experiment1_quality_metadata,1,3,1
71,kazllm,issai/LLama-3.1-KazLLM-1.0-8B,5,ok,direct_json,13,12,False,3,10,13,3,13,3,3,True,True,saved_experiment1_quality_metadata,1,2,1
72,kazllm,issai/LLama-3.1-KazLLM-1.0-8B,1,ok,direct_json,12,12,True,2,10,11,1,12,2,1,True,True,saved_experiment1_quality_metadata,1,0,1
72,kazllm,issai/LLama-3.1-KazLLM-1.0-8B,2,ok,extracted_json_array,12,12,True,5,7,12,5,12,5,5,True,True,saved_experiment1_quality_metadata,2,3,1
72,kazllm,issai/LLama-3.1-KazLLM-1.0-8B,4,ok,extracted_json_array,13,12,False,6,7,12,5,13,6,5,True,True,saved_experiment1_quality_metadata,1,4,1
72,kazllm,issai/LLama-3.1-KazLLM-1.0-8B,5,ok,extracted_json_array,12,12,True,2,10,7,1,12,2,1,True,True,saved_experiment1_quality_metadata,1,0,1
73,kazllm,issai/LLama-3.1-KazLLM-1.0-8B,1,ok,extracted_json_array,12,12,True,2,10,12,2,12,2,2,True,True,saved_experiment1_quality_metadata,1,1,1
73,kazllm,issai/LLama-3.1-KazLLM-1.0-8B,2,ok,direct_json,13,12,False,5,8,13,5,13,5,5,True,True,saved_experiment1_quality_metadata,1,4,1
73,kazllm,issai/LLama-3.1-KazLLM-1.0-8B,3,ok,extracted_json_array,12,12,True,2,10,12,2,12,2,2,True,True,saved_experiment1_quality_metadata,1,1,1
73,kazllm,issai/LLama-3.1-KazLLM-1.0-8B,4,ok,direct_json,13,12,False,2,11,13,2,13,2,2,True,True,saved_experiment1_quality_metadata,1,1,1
73,kazllm,issai/LLama-3.1-KazLLM-1.0-8B,5,ok,direct_json,12,12,True,5,7,12,5,12,5,5,True,True,saved_experiment1_quality_metadata,1,4,1
74,kazllm,issai/LLama-3.1-KazLLM-1.0-8B,1,ok,direct_json,12,12,True,10,2,11,9,12,10,9,True,True,saved_experiment1_quality_metadata,1,8,2
74,kazllm,issai/LLama-3.1-KazLLM-1.0-8B,2,ok,extracted_json_array,13,12,False,3,10,13,3,13,3,3,True,True,saved_experiment1_quality_metadata,1,2,1
74,kazllm,issai/LLama-3.1-KazLLM-1.0-8B,3,ok,extracted_json_array,12,12,True,8,4,12,8,12,8,8,True,True,saved_experiment1_quality_metadata,5,3,1
74,kazllm,issai/LLama-3.1-KazLLM-1.0-8B,4,ok,extracted_json_array,13,12,False,6,7,13,6,13,6,6,True,True,saved_experiment1_quality_metadata,3,3,1
74,kazllm,issai/LLama-3.1-KazLLM-1.0-8B,5,ok,direct_json,14,12,False,2,12,14,2,14,2,2,True,True,saved_experiment1_quality_metadata,1,1,1
75,kazllm,issai/LLama-3.1-KazLLM-1.0-8B,1,ok,direct_json,13,12,False,13,0,12,12,13,13,12,True,True,saved_experiment1_quality_metadata,4,8,1
75,kazllm,issai/LLama-3.1-KazLLM-1.0-8B,2,ok,extracted_json_array,12,12,True,8,4,12,8,12,8,8,True,True,saved_experiment1_quality_metadata,5,3,1
75,kazllm,issai/LLama-3.1-KazLLM-1.0-8B,3,ok,direct_json,12,12,True,5,7,12,5,12,5,5,True,True,saved_experiment1_quality_metadata,2,3,1
75,kazllm,issai/LLama-3.1-KazLLM-1.0-8B,4,ok,direct_json,12,12,True,5,7,9,4,12,5,4,True,True,saved_experiment1_quality_metadata,3,1,1
75,kazllm,issai/LLama-3.1-KazLLM-1.0-8B,5,ok,direct_json,12,12,True,6,6,12,6,12,6,6,True,True,saved_experiment1_quality_metadata,3,3,1
76,kazllm,issai/LLama-3.1-KazLLM-1.0-8B,1,ok,direct_json,12,12,True,5,7,7,4,12,5,4,True,True,saved_experiment1_quality_metadata,1,3,1
76,kazllm,issai/LLama-3.1-KazLLM-1.0-8B,2,ok,extracted_json_array,12,12,True,2,10,3,1,12,2,1,True,True,saved_experiment1_quality_metadata,1,0,1
76,kazllm,issai/LLama-3.1-KazLLM-1.0-8B,3,ok,direct_json,12,12,True,2,10,12,2,12,2,2,True,True,saved_experiment1_quality_metadata,1,1,2
76,kazllm,issai/LLama-3.1-KazLLM-1.0-8B,4,ok,direct_json,13,12,False,3,10,13,3,13,3,3,True,True,saved_experiment1_quality_metadata,1,2,1
76,kazllm,issai/LLama-3.1-KazLLM-1.0-8B,5,ok,direct_json,12,12,True,5,7,11,4,12,5,4,True,True,saved_experiment1_quality_metadata,1,3,1
77,kazllm,issai/LLama-3.1-KazLLM-1.0-8B,1,ok,direct_json,12,12,True,7,5,12,7,12,7,7,True,True,saved_experiment1_quality_metadata,1,6,1
77,kazllm,issai/LLama-3.1-KazLLM-1.0-8B,2,ok,extracted_json_array,12,12,True,7,5,12,7,12,7,7,True,True,saved_experiment1_quality_metadata,1,6,1
77,kazllm,issai/LLama-3.1-KazLLM-1.0-8B,3,ok,extracted_json_array,12,12,True,7,5,12,7,12,7,7,True,True,saved_experiment1_quality_metadata,1,6,1
77,kazllm,issai/LLama-3.1-KazLLM-1.0-8B,4,ok,direct_json,13,12,False,5,8,13,5,13,5,5,True,True,saved_experiment1_quality_metadata,1,4,1
77,kazllm,issai/LLama-3.1-KazLLM-1.0-8B,5,ok,direct_json,12,12,True,6,6,12,6,12,6,6,True,True,saved_experiment1_quality_metadata,1,5,1
78,kazllm,issai/LLama-3.1-KazLLM-1.0-8B,1,ok,extracted_json_array,12,12,True,3,9,11,2,12,3,2,True,True,saved_experiment1_quality_metadata,1,1,1
78,kazllm,issai/LLama-3.1-KazLLM-1.0-8B,2,ok,extracted_json_array,13,12,False,4,9,13,4,13,4,4,True,True,saved_experiment1_quality_metadata,1,3,1
78,kazllm,issai/LLama-3.1-KazLLM-1.0-8B,3,ok,extracted_json_array,12,12,True,3,9,12,3,12,3,3,True,True,saved_experiment1_quality_metadata,3,0,1
78,kazllm,issai/LLama-3.1-KazLLM-1.0-8B,4,ok,direct_json,12,12,True,5,7,10,4,12,5,4,True,True,saved_experiment1_quality_metadata,2,2,1
78,kazllm,issai/LLama-3.1-KazLLM-1.0-8B,5,ok,direct_json,14,12,False,1,13,14,1,14,1,1,True,True,saved_experiment1_quality_metadata,1,0,1
79,kazllm,issai/LLama-3.1-KazLLM-1.0-8B,1,ok,direct_json,12,12,True,5,7,12,5,12,5,5,True,True,saved_experiment1_quality_metadata,2,3,1
79,kazllm,issai/LLama-3.1-KazLLM-1.0-8B,2,ok,direct_json,12,12,True,7,5,12,7,12,7,7,True,True,saved_experiment1_quality_metadata,2,5,1
79,kazllm,issai/LLama-3.1-KazLLM-1.0-8B,3,ok,extracted_json_array,12,12,True,6,6,12,6,12,6,6,True,True,saved_experiment1_quality_metadata,2,4,1
79,kazllm,issai/LLama-3.1-KazLLM-1.0-8B,4,ok,direct_json,12,12,True,3,9,12,3,12,3,3,True,True,saved_experiment1_quality_metadata,1,2,1
79,kazllm,issai/LLama-3.1-KazLLM-1.0-8B,5,ok,direct_json,13,12,False,7,6,13,7,13,7,7,True,True,saved_experiment1_quality_metadata,2,5,1
8,kazllm,issai/LLama-3.1-KazLLM-1.0-8B,1,ok,direct_json,12,12,True,4,8,12,4,12,4,4,True,True,saved_experiment1_quality_metadata,2,2,2
8,kazllm,issai/LLama-3.1-KazLLM-1.0-8B,2,ok,extracted_json_array,12,12,True,6,6,12,6,12,6,6,True,True,saved_experiment1_quality_metadata,1,5,1
8,kazllm,issai/LLama-3.1-KazLLM-1.0-8B,3,ok,direct_json,13,12,False,4,9,13,4,13,4,4,True,True,saved_experiment1_quality_metadata,2,2,1
8,kazllm,issai/LLama-3.1-KazLLM-1.0-8B,4,ok,direct_json,13,12,False,3,10,12,2,13,3,2,True,True,saved_experiment1_quality_metadata,1,1,1
8,kazllm,issai/LLama-3.1-KazLLM-1.0-8B,5,ok,direct_json,12,12,True,2,10,6,1,12,2,1,True,True,saved_experiment1_quality_metadata,1,0,2
80,kazllm,issai/LLama-3.1-KazLLM-1.0-8B,1,ok,direct_json,12,12,True,4,8,12,4,12,4,4,True,True,saved_experiment1_quality_metadata,3,1,1
80,kazllm,issai/LLama-3.1-KazLLM-1.0-8B,2,ok,extracted_json_array,13,12,False,2,11,13,2,13,2,2,True,True,saved_experiment1_quality_metadata,1,1,1
80,kazllm,issai/LLama-3.1-KazLLM-1.0-8B,3,ok,extracted_json_array,12,12,True,6,6,12,6,12,6,6,True,True,saved_experiment1_quality_metadata,4,2,1
80,kazllm,issai/LLama-3.1-KazLLM-1.0-8B,4,ok,direct_json,13,12,False,5,8,13,5,13,5,5,True,True,saved_experiment1_quality_metadata,1,4,1
80,kazllm,issai/LLama-3.1-KazLLM-1.0-8B,5,ok,direct_json,13,12,False,6,7,13,6,13,6,6,True,True,saved_experiment1_quality_metadata,3,3,1
81,kazllm,issai/LLama-3.1-KazLLM-1.0-8B,1,ok,extracted_json_array,12,12,True,11,1,12,11,12,11,11,True,True,saved_experiment1_quality_metadata,3,8,1
81,kazllm,issai/LLama-3.1-KazLLM-1.0-8B,2,ok,direct_json,12,12,True,8,4,12,8,12,8,8,True,True,saved_experiment1_quality_metadata,2,6,1
81,kazllm,issai/LLama-3.1-KazLLM-1.0-8B,3,ok,direct_json,12,12,True,7,5,12,7,12,7,7,True,True,saved_experiment1_quality_metadata,2,5,1
81,kazllm,issai/LLama-3.1-KazLLM-1.0-8B,4,ok,direct_json,12,12,True,12,0,11,11,12,12,11,True,True,saved_experiment1_quality_metadata,2,9,1
81,kazllm,issai/LLama-3.1-KazLLM-1.0-8B,5,ok,direct_json,12,12,True,6,6,12,6,12,6,6,True,True,saved_experiment1_quality_metadata,1,5,1
82,kazllm,issai/LLama-3.1-KazLLM-1.0-8B,1,ok,direct_json,12,12,True,7,5,11,6,12,7,6,True,True,saved_experiment1_quality_metadata,2,4,1
82,kazllm,issai/LLama-3.1-KazLLM-1.0-8B,2,ok,direct_json,12,12,True,6,6,12,6,12,6,6,True,True,saved_experiment1_quality_metadata,2,4,2
82,kazllm,issai/LLama-3.1-KazLLM-1.0-8B,3,ok,extracted_json_array,12,12,True,3,9,11,2,12,3,2,True,True,saved_experiment1_quality_metadata,1,1,2
82,kazllm,issai/LLama-3.1-KazLLM-1.0-8B,4,ok,extracted_json_array,12,12,True,1,11,12,1,12,1,1,True,True,saved_experiment1_quality_metadata,1,0,1
82,kazllm,issai/LLama-3.1-KazLLM-1.0-8B,5,ok,extracted_json_array,12,12,True,7,5,12,7,12,7,7,True,True,saved_experiment1_quality_metadata,1,6,1
83,kazllm,issai/LLama-3.1-KazLLM-1.0-8B,1,ok,extracted_json_array,12,12,True,7,5,12,7,12,7,7,True,True,saved_experiment1_quality_metadata,2,5,1
83,kazllm,issai/LLama-3.1-KazLLM-1.0-8B,2,ok,extracted_json_array,13,12,False,6,7,11,5,13,6,5,True,True,saved_experiment1_quality_metadata,1,4,1
83,kazllm,issai/LLama-3.1-KazLLM-1.0-8B,3,ok,direct_json,12,12,True,6,6,12,6,12,6,6,True,True,saved_experiment1_quality_metadata,1,5,1
83,kazllm,issai/LLama-3.1-KazLLM-1.0-8B,4,ok,direct_json,12,12,True,6,6,11,5,12,6,5,True,True,saved_experiment1_quality_metadata,1,4,1
83,kazllm,issai/LLama-3.1-KazLLM-1.0-8B,5,ok,direct_json,12,12,True,5,7,12,5,12,5,5,True,True,saved_experiment1_quality_metadata,1,4,1
84,kazllm,issai/LLama-3.1-KazLLM-1.0-8B,1,ok,extracted_json_array,12,12,True,4,8,12,4,12,4,4,True,True,saved_experiment1_quality_metadata,1,3,1
84,kazllm,issai/LLama-3.1-KazLLM-1.0-8B,2,ok,direct_json,12,12,True,3,9,12,3,12,3,3,True,True,saved_experiment1_quality_metadata,1,2,1
84,kazllm,issai/LLama-3.1-KazLLM-1.0-8B,4,ok,extracted_json_array,12,12,True,2,10,10,1,12,2,1,True,True,saved_experiment1_quality_metadata,1,0,1
84,kazllm,issai/LLama-3.1-KazLLM-1.0-8B,5,ok,direct_json,12,12,True,2,10,11,1,12,2,1,True,True,saved_experiment1_quality_metadata,1,0,2
85,kazllm,issai/LLama-3.1-KazLLM-1.0-8B,1,ok,direct_json,12,12,True,5,7,12,5,12,5,5,True,True,saved_experiment1_quality_metadata,1,4,1
85,kazllm,issai/LLama-3.1-KazLLM-1.0-8B,2,ok,extracted_json_array,12,12,True,4,8,12,4,12,4,4,True,True,saved_experiment1_quality_metadata,1,3,2
85,kazllm,issai/LLama-3.1-KazLLM-1.0-8B,3,ok,extracted_json_array,12,12,True,7,5,12,7,12,7,7,True,True,saved_experiment1_quality_metadata,3,4,1
85,kazllm,issai/LLama-3.1-KazLLM-1.0-8B,4,ok,direct_json,13,12,False,4,9,13,4,13,4,4,True,True,saved_experiment1_quality_metadata,1,3,1
85,kazllm,issai/LLama-3.1-KazLLM-1.0-8B,5,ok,direct_json,12,12,True,8,4,12,8,12,8,8,True,True,saved_experiment1_quality_metadata,1,7,1
86,kazllm,issai/LLama-3.1-KazLLM-1.0-8B,1,ok,direct_json,12,12,True,6,6,12,6,12,6,6,True,True,saved_experiment1_quality_metadata,1,5,2
86,kazllm,issai/LLama-3.1-KazLLM-1.0-8B,2,ok,extracted_json_array,12,12,True,6,6,9,5,12,6,5,True,True,saved_experiment1_quality_metadata,1,4,1
86,kazllm,issai/LLama-3.1-KazLLM-1.0-8B,3,ok,direct_json,12,12,True,5,7,12,5,12,5,5,True,True,saved_experiment1_quality_metadata,1,4,2
86,kazllm,issai/LLama-3.1-KazLLM-1.0-8B,4,ok,extracted_json_array,12,12,True,6,6,12,6,12,6,6,True,True,saved_experiment1_quality_metadata,2,4,1
86,kazllm,issai/LLama-3.1-KazLLM-1.0-8B,5,ok,extracted_json_array,12,12,True,11,1,12,11,12,11,11,True,True,saved_experiment1_quality_metadata,1,10,1
87,kazllm,issai/LLama-3.1-KazLLM-1.0-8B,1,ok,direct_json,12,12,True,3,9,12,3,12,3,3,True,True,saved_experiment1_quality_metadata,1,2,1
87,kazllm,issai/LLama-3.1-KazLLM-1.0-8B,2,ok,direct_json,12,12,True,3,9,6,2,12,3,2,True,True,saved_experiment1_quality_metadata,1,1,1
87,kazllm,issai/LLama-3.1-KazLLM-1.0-8B,3,ok,extracted_json_array,11,12,False,6,5,8,5,11,6,5,True,True,saved_experiment1_quality_metadata,1,4,2
87,kazllm,issai/LLama-3.1-KazLLM-1.0-8B,4,ok,extracted_json_array,12,12,True,3,9,2,2,12,3,2,True,True,saved_experiment1_quality_metadata,1,1,2
87,kazllm,issai/LLama-3.1-KazLLM-1.0-8B,5,ok,direct_json,12,12,True,9,3,12,9,12,9,9,True,True,saved_experiment1_quality_metadata,1,8,1
88,kazllm,issai/LLama-3.1-KazLLM-1.0-8B,1,ok,direct_json,13,12,False,4,9,3,3,13,4,3,True,True,saved_experiment1_quality_metadata,2,1,1
88,kazllm,issai/LLama-3.1-KazLLM-1.0-8B,2,ok,direct_json,12,12,True,4,8,12,4,12,4,4,True,True,saved_experiment1_quality_metadata,1,3,1
88,kazllm,issai/LLama-3.1-KazLLM-1.0-8B,3,ok,extracted_json_array,13,12,False,2,11,13,2,13,2,2,True,True,saved_experiment1_quality_metadata,2,0,2
88,kazllm,issai/LLama-3.1-KazLLM-1.0-8B,4,ok,direct_json,12,12,True,4,8,3,3,12,4,3,True,True,saved_experiment1_quality_metadata,1,2,2
88,kazllm,issai/LLama-3.1-KazLLM-1.0-8B,5,ok,direct_json,12,12,True,3,9,6,2,12,3,2,True,True,saved_experiment1_quality_metadata,1,1,1
89,kazllm,issai/LLama-3.1-KazLLM-1.0-8B,1,ok,extracted_json_array,12,12,True,6,6,12,6,12,6,6,True,True,saved_experiment1_quality_metadata,2,4,1
89,kazllm,issai/LLama-3.1-KazLLM-1.0-8B,2,ok,direct_json,12,12,True,8,4,12,8,12,8,8,True,True,saved_experiment1_quality_metadata,2,6,1
89,kazllm,issai/LLama-3.1-KazLLM-1.0-8B,3,ok,direct_json,12,12,True,3,9,12,3,12,3,3,True,True,saved_experiment1_quality_metadata,1,2,1
89,kazllm,issai/LLama-3.1-KazLLM-1.0-8B,4,ok,extracted_json_array,12,12,True,5,7,11,4,12,5,4,True,True,saved_experiment1_quality_metadata,2,2,2
89,kazllm,issai/LLama-3.1-KazLLM-1.0-8B,5,ok,direct_json,12,12,True,3,9,12,3,12,3,3,True,True,saved_experiment1_quality_metadata,2,1,1
9,kazllm,issai/LLama-3.1-KazLLM-1.0-8B,1,ok,extracted_json_array,12,12,True,4,8,9,3,12,4,3,True,True,saved_experiment1_quality_metadata,1,2,1
9,kazllm,issai/LLama-3.1-KazLLM-1.0-8B,2,ok,direct_json,12,12,True,12,0,11,11,12,12,11,True,True,saved_experiment1_quality_metadata,4,7,2
9,kazllm,issai/LLama-3.1-KazLLM-1.0-8B,3,ok,extracted_json_array,12,12,True,6,6,12,6,12,6,6,True,True,saved_experiment1_quality_metadata,1,5,1
9,kazllm,issai/LLama-3.1-KazLLM-1.0-8B,4,ok,direct_json,12,12,True,2,10,12,2,12,2,2,True,True,saved_experiment1_quality_metadata,1,1,1
9,kazllm,issai/LLama-3.1-KazLLM-1.0-8B,5,ok,extracted_json_array,12,12,True,4,8,12,4,12,4,4,True,True,saved_experiment1_quality_metadata,1,3,1
90,kazllm,issai/LLama-3.1-KazLLM-1.0-8B,1,ok,direct_json,12,12,True,2,10,6,1,12,2,1,True,True,saved_experiment1_quality_metadata,1,0,1
90,kazllm,issai/LLama-3.1-KazLLM-1.0-8B,2,ok,direct_json,12,12,True,6,6,6,5,12,6,5,True,True,saved_experiment1_quality_metadata,2,3,1
90,kazllm,issai/LLama-3.1-KazLLM-1.0-8B,3,ok,extracted_json_array,12,12,True,8,4,11,7,12,8,7,True,True,saved_experiment1_quality_metadata,1,6,1
90,kazllm,issai/LLama-3.1-KazLLM-1.0-8B,4,ok,direct_json,12,12,True,3,9,12,3,12,3,3,True,True,saved_experiment1_quality_metadata,1,2,1
90,kazllm,issai/LLama-3.1-KazLLM-1.0-8B,5,ok,direct_json,12,12,True,6,6,9,5,12,6,5,True,True,saved_experiment1_quality_metadata,2,3,1
91,kazllm,issai/LLama-3.1-KazLLM-1.0-8B,1,ok,direct_json,13,12,False,4,9,13,4,13,4,4,True,True,saved_experiment1_quality_metadata,1,3,1
91,kazllm,issai/LLama-3.1-KazLLM-1.0-8B,2,ok,extracted_json_array,12,12,True,4,8,12,4,12,4,4,True,True,saved_experiment1_quality_metadata,1,3,1
91,kazllm,issai/LLama-3.1-KazLLM-1.0-8B,3,ok,extracted_json_array,12,12,True,4,8,11,3,12,4,3,True,True,saved_experiment1_quality_metadata,1,2,1
91,kazllm,issai/LLama-3.1-KazLLM-1.0-8B,4,ok,extracted_json_array,12,12,True,3,9,11,2,12,3,2,True,True,saved_experiment1_quality_metadata,1,1,1
91,kazllm,issai/LLama-3.1-KazLLM-1.0-8B,5,ok,direct_json,12,12,True,2,10,12,2,12,2,2,True,True,saved_experiment1_quality_metadata,1,1,1
92,kazllm,issai/LLama-3.1-KazLLM-1.0-8B,1,ok,extracted_json_array,12,12,True,2,10,12,2,12,2,2,True,True,saved_experiment1_quality_metadata,1,1,1
92,kazllm,issai/LLama-3.1-KazLLM-1.0-8B,2,ok,direct_json,14,12,False,5,9,14,5,14,5,5,True,True,saved_experiment1_quality_metadata,1,4,1
92,kazllm,issai/LLama-3.1-KazLLM-1.0-8B,3,ok,direct_json,12,12,True,2,10,12,2,12,2,2,True,True,saved_experiment1_quality_metadata,1,1,1
92,kazllm,issai/LLama-3.1-KazLLM-1.0-8B,4,ok,extracted_json_array,12,12,True,1,11,12,1,12,1,1,True,True,saved_experiment1_quality_metadata,1,0,1
92,kazllm,issai/LLama-3.1-KazLLM-1.0-8B,5,ok,direct_json,12,12,True,4,8,11,3,12,4,3,True,True,saved_experiment1_quality_metadata,1,2,1
93,kazllm,issai/LLama-3.1-KazLLM-1.0-8B,1,ok,direct_json,12,12,True,6,6,12,6,12,6,6,True,True,saved_experiment1_quality_metadata,1,5,1
93,kazllm,issai/LLama-3.1-KazLLM-1.0-8B,2,ok,direct_json,12,12,True,2,10,12,2,12,2,2,True,True,saved_experiment1_quality_metadata,1,1,1
93,kazllm,issai/LLama-3.1-KazLLM-1.0-8B,3,ok,extracted_json_array,15,12,False,3,12,15,3,15,3,3,True,True,saved_experiment1_quality_metadata,1,2,1
93,kazllm,issai/LLama-3.1-KazLLM-1.0-8B,4,ok,direct_json,12,12,True,4,8,12,4,12,4,4,True,True,saved_experiment1_quality_metadata,1,3,1
93,kazllm,issai/LLama-3.1-KazLLM-1.0-8B,5,ok,direct_json,12,12,True,7,5,12,7,12,7,7,True,True,saved_experiment1_quality_metadata,1,6,1
94,kazllm,issai/LLama-3.1-KazLLM-1.0-8B,1,ok,direct_json,12,12,True,12,0,12,12,12,12,12,True,True,saved_experiment1_quality_metadata,1,11,1
94,kazllm,issai/LLama-3.1-KazLLM-1.0-8B,2,ok,extracted_json_array,12,12,True,6,6,12,6,12,6,6,True,True,saved_experiment1_quality_metadata,1,5,1
94,kazllm,issai/LLama-3.1-KazLLM-1.0-8B,3,ok,extracted_json_array,12,12,True,2,10,12,2,12,2,2,True,True,saved_experiment1_quality_metadata,1,1,1
94,kazllm,issai/LLama-3.1-KazLLM-1.0-8B,4,ok,extracted_json_array,12,12,True,4,8,12,4,12,4,4,True,True,saved_experiment1_quality_metadata,1,3,1
94,kazllm,issai/LLama-3.1-KazLLM-1.0-8B,5,ok,direct_json,12,12,True,3,9,12,3,12,3,3,True,True,saved_experiment1_quality_metadata,1,2,1
95,kazllm,issai/LLama-3.1-KazLLM-1.0-8B,1,ok,direct_json,12,12,True,6,6,12,6,12,6,6,True,True,saved_experiment1_quality_metadata,2,4,1
95,kazllm,issai/LLama-3.1-KazLLM-1.0-8B,2,ok,direct_json,12,12,True,6,6,12,6,12,6,6,True,True,saved_experiment1_quality_metadata,1,5,1
95,kazllm,issai/LLama-3.1-KazLLM-1.0-8B,3,ok,direct_json,12,12,True,8,4,12,8,12,8,8,True,True,saved_experiment1_quality_metadata,1,7,2
95,kazllm,issai/LLama-3.1-KazLLM-1.0-8B,4,ok,direct_json,12,12,True,2,10,6,1,12,2,1,True,True,saved_experiment1_quality_metadata,1,0,1
95,kazllm,issai/LLama-3.1-KazLLM-1.0-8B,5,ok,extracted_json_array,12,12,True,5,7,12,5,12,5,5,True,True,saved_experiment1_quality_metadata,1,4,1
96,kazllm,issai/LLama-3.1-KazLLM-1.0-8B,1,ok,extracted_json_array,12,12,True,5,7,12,5,12,5,5,True,True,saved_experiment1_quality_metadata,2,3,1
96,kazllm,issai/LLama-3.1-KazLLM-1.0-8B,2,ok,direct_json,13,12,False,2,11,13,2,13,2,2,True,True,saved_experiment1_quality_metadata,1,1,1
96,kazllm,issai/LLama-3.1-KazLLM-1.0-8B,3,ok,extracted_json_array,12,12,True,7,5,12,7,12,7,7,True,True,saved_experiment1_quality_metadata,2,5,1
96,kazllm,issai/LLama-3.1-KazLLM-1.0-8B,4,ok,direct_json,12,12,True,9,3,12,9,12,9,9,True,True,saved_experiment1_quality_metadata,1,8,1
96,kazllm,issai/LLama-3.1-KazLLM-1.0-8B,5,ok,extracted_json_array,12,12,True,6,6,12,6,12,6,6,True,True,saved_experiment1_quality_metadata,3,3,1
97,kazllm,issai/LLama-3.1-KazLLM-1.0-8B,1,ok,extracted_json_array,12,12,True,2,10,12,2,12,2,2,True,True,saved_experiment1_quality_metadata,1,1,1
97,kazllm,issai/LLama-3.1-KazLLM-1.0-8B,2,ok,direct_json,12,12,True,9,3,12,9,12,9,9,True,True,saved_experiment1_quality_metadata,3,6,1
97,kazllm,issai/LLama-3.1-KazLLM-1.0-8B,3,ok,direct_json,13,12,False,4,9,13,4,13,4,4,True,True,saved_experiment1_quality_metadata,2,2,1
97,kazllm,issai/LLama-3.1-KazLLM-1.0-8B,4,ok,direct_json,12,12,True,2,10,12,2,12,2,2,True,True,saved_experiment1_quality_metadata,2,0,1
97,kazllm,issai/LLama-3.1-KazLLM-1.0-8B,5,ok,direct_json,13,12,False,3,10,13,3,13,3,3,True,True,saved_experiment1_quality_metadata,2,1,1
98,kazllm,issai/LLama-3.1-KazLLM-1.0-8B,1,ok,direct_json,13,12,False,5,8,13,5,13,5,5,True,True,saved_experiment1_quality_metadata,2,3,1
98,kazllm,issai/LLama-3.1-KazLLM-1.0-8B,2,ok,extracted_json_array,12,12,True,7,5,12,7,12,7,7,True,True,saved_experiment1_quality_metadata,1,6,1
98,kazllm,issai/LLama-3.1-KazLLM-1.0-8B,3,ok,direct_json,12,12,True,4,8,12,4,12,4,4,True,True,saved_experiment1_quality_metadata,1,3,1
98,kazllm,issai/LLama-3.1-KazLLM-1.0-8B,4,ok,extracted_json_array,12,12,True,7,5,12,7,12,7,7,True,True,saved_experiment1_quality_metadata,1,6,1
98,kazllm,issai/LLama-3.1-KazLLM-1.0-8B,5,ok,direct_json,13,12,False,5,8,13,5,13,5,5,True,True,saved_experiment1_quality_metadata,1,4,1
99,kazllm,issai/LLama-3.1-KazLLM-1.0-8B,1,ok,direct_json,15,12,False,4,11,15,4,15,4,4,True,True,saved_experiment1_quality_metadata,2,2,1
99,kazllm,issai/LLama-3.1-KazLLM-1.0-8B,2,ok,direct_json,11,12,False,3,8,11,3,11,3,3,True,True,saved_experiment1_quality_metadata,1,2,2
99,kazllm,issai/LLama-3.1-KazLLM-1.0-8B,3,ok,direct_json,12,12,True,3,9,12,3,12,3,3,True,True,saved_experiment1_quality_metadata,1,2,1
99,kazllm,issai/LLama-3.1-KazLLM-1.0-8B,4,ok,direct_json,12,12,True,8,4,12,8,12,8,8,True,True,saved_experiment1_quality_metadata,2,6,1
99,kazllm,issai/LLama-3.1-KazLLM-1.0-8B,5,ok,direct_json,12,12,True,4,8,9,3,12,4,3,True,True,saved_experiment1_quality_metadata,1,2,1
