source_id,provider,model_id,condition,n_observations,n_success,success_rate,complete_five_outputs,unique_rate,distinct_1,distinct_2,semantic_diversity,self_bleu,mean_fidelity,quality_pass_rate
1,kazllm,issai/LLama-3.1-KazLLM-1.0-8B,B0_baseline,5,5,1.0,True,0.6,0.35555555555555557,0.45,0.057868342846632004,0.8029857301088874,0.966825270652771,0.4
1,kazllm,issai/LLama-3.1-KazLLM-1.0-8B,B1_multi_candidate_random,5,5,1.0,True,0.4,0.2682926829268293,0.3055555555555556,0.0660497397184372,0.9154700538379252,0.946615743637085,1.0
1,kazllm,issai/LLama-3.1-KazLLM-1.0-8B,B2_quality_filtered_random,5,5,1.0,True,0.4,0.2682926829268293,0.3055555555555556,0.0660497397184372,0.9154700538379252,0.946615743637085,1.0
1,kazllm,issai/LLama-3.1-KazLLM-1.0-8B,B3_full_kazdiv,5,5,1.0,True,0.8,0.2857142857142857,0.4594594594594595,0.0867522805929184,0.8742086371045247,0.9435271739959716,1.0
1,llama,NousResearch/Meta-Llama-3.1-8B-Instruct,B0_baseline,5,5,1.0,True,1.0,0.5555555555555556,0.8057142857142857,0.32367339730262756,0.37642129311753775,0.7490088820457459,0.4
1,llama,NousResearch/Meta-Llama-3.1-8B-Instruct,B1_multi_candidate_random,5,5,1.0,True,1.0,0.5,0.6410256410256411,0.16527390480041504,0.6401788223964643,0.9048913598060608,0.8
1,llama,NousResearch/Meta-Llama-3.1-8B-Instruct,B2_quality_filtered_random,5,5,1.0,True,1.0,0.5813953488372093,0.7631578947368421,0.2231227457523346,0.47076367613915887,0.86019948720932,1.0
1,llama,NousResearch/Meta-Llama-3.1-8B-Instruct,B3_full_kazdiv,5,5,1.0,True,1.0,0.4878048780487805,0.6666666666666666,0.19157271087169647,0.6497754250402661,0.8700896620750427,1.0
2,kazllm,issai/LLama-3.1-KazLLM-1.0-8B,B0_baseline,5,5,1.0,True,0.8,0.42592592592592593,0.5306122448979592,0.053092438727617264,0.7167059408943433,0.9715396642684937,0.6
2,kazllm,issai/LLama-3.1-KazLLM-1.0-8B,B1_multi_candidate_random,5,5,1.0,True,1.0,0.28,0.37777777777777777,0.0477108433842659,0.9019960159204453,0.9698029160499573,1.0
2,kazllm,issai/LLama-3.1-KazLLM-1.0-8B,B2_quality_filtered_random,5,5,1.0,True,1.0,0.2857142857142857,0.4090909090909091,0.07450704276561737,0.9007267747292419,0.9568866133689881,1.0
2,kazllm,issai/LLama-3.1-KazLLM-1.0-8B,B3_full_kazdiv,5,5,1.0,True,1.0,0.3877551020408163,0.5227272727272727,0.08838894963264465,0.7951083119313147,0.9535209894180298,1.0
2,llama,NousResearch/Meta-Llama-3.1-8B-Instruct,B0_baseline,5,5,1.0,True,1.0,0.46511627906976744,0.6578947368421053,0.18226972222328186,0.65059317523502,0.893370521068573,1.0
2,llama,NousResearch/Meta-Llama-3.1-8B-Instruct,B1_multi_candidate_random,5,5,1.0,True,1.0,0.5294117647058824,0.717391304347826,0.19287852942943573,0.5331275576701977,0.8863309860229492,1.0
2,llama,NousResearch/Meta-Llama-3.1-8B-Instruct,B2_quality_filtered_random,5,5,1.0,True,1.0,0.5,0.6666666666666666,0.217106893658638,0.5489559798433633,0.8665907979011536,1.0
2,llama,NousResearch/Meta-Llama-3.1-8B-Instruct,B3_full_kazdiv,5,5,1.0,True,1.0,0.47058823529411764,0.6521739130434783,0.1516958773136139,0.592551149213541,0.9100960850715637,1.0
3,kazllm,issai/LLama-3.1-KazLLM-1.0-8B,B0_baseline,5,5,1.0,True,0.8,0.3157894736842105,0.5151515151515151,0.07548929750919342,0.7816953189139729,0.9538243532180786,0.6
3,kazllm,issai/LLama-3.1-KazLLM-1.0-8B,B1_multi_candidate_random,5,5,1.0,True,1.0,0.4444444444444444,0.6774193548387096,0.10163233429193497,0.6186392562140289,0.9334271311759949,1.0
3,kazllm,issai/LLama-3.1-KazLLM-1.0-8B,B2_quality_filtered_random,5,5,1.0,True,1.0,0.3333333333333333,0.5806451612903226,0.07300323992967606,0.7663586688095585,0.9514882802963257,1.0
3,kazllm,issai/LLama-3.1-KazLLM-1.0-8B,B3_full_kazdiv,5,5,1.0,True,1.0,0.41025641025641024,0.6470588235294118,0.09575114399194717,0.6792476853413532,0.943008303642273,1.0
3,llama,NousResearch/Meta-Llama-3.1-8B-Instruct,B0_baseline,5,5,1.0,True,1.0,0.2597402597402597,0.4444444444444444,0.13153906166553497,0.7149646520330144,0.9033492922782898,0.8
3,llama,NousResearch/Meta-Llama-3.1-8B-Instruct,B1_multi_candidate_random,5,5,1.0,True,1.0,0.5636363636363636,0.82,0.17171154916286469,0.4411851966872967,0.8718156933784484,1.0
3,llama,NousResearch/Meta-Llama-3.1-8B-Instruct,B2_quality_filtered_random,5,5,1.0,True,1.0,0.5714285714285714,0.8181818181818182,0.15924134850502014,0.44207990410052245,0.8967601776123046,1.0
3,llama,NousResearch/Meta-Llama-3.1-8B-Instruct,B3_full_kazdiv,5,5,1.0,True,1.0,0.6938775510204082,0.8636363636363636,0.1763657182455063,0.25051344329195074,0.8844332933425904,1.0
4,kazllm,issai/LLama-3.1-KazLLM-1.0-8B,B0_baseline,5,5,1.0,True,1.0,0.3076923076923077,0.425531914893617,0.08010287582874298,0.8342174627707841,0.9515816926956177,1.0
4,kazllm,issai/LLama-3.1-KazLLM-1.0-8B,B1_multi_candidate_random,5,5,1.0,True,1.0,0.4423076923076923,0.5319148936170213,0.09716720134019852,0.7131747363799221,0.9334306836128234,0.8
4,kazllm,issai/LLama-3.1-KazLLM-1.0-8B,B2_quality_filtered_random,5,5,1.0,True,1.0,0.48936170212765956,0.6190476190476191,0.13226214051246643,0.6192830037831994,0.9104000687599182,1.0
4,kazllm,issai/LLama-3.1-KazLLM-1.0-8B,B3_full_kazdiv,5,5,1.0,True,1.0,0.4791666666666667,0.627906976744186,0.13786807656288147,0.594153344320576,0.9222384810447692,1.0
4,llama,NousResearch/Meta-Llama-3.1-8B-Instruct,B0_baseline,5,5,1.0,True,0.8,0.3835616438356164,0.5147058823529411,0.12102488428354263,0.6957795085196252,0.9229902863502503,0.8
4,llama,NousResearch/Meta-Llama-3.1-8B-Instruct,B1_multi_candidate_random,5,5,1.0,True,1.0,0.6666666666666666,0.8478260869565217,0.20713849365711212,0.4164621464523835,0.8597379326820374,0.8
4,llama,NousResearch/Meta-Llama-3.1-8B-Instruct,B2_quality_filtered_random,5,5,1.0,True,1.0,0.6379310344827587,0.8679245283018868,0.18294191360473633,0.3932828994043962,0.8880859851837158,1.0
4,llama,NousResearch/Meta-Llama-3.1-8B-Instruct,B3_full_kazdiv,5,5,1.0,True,1.0,0.6166666666666667,0.8,0.18460726737976074,0.44466341025305456,0.8682801246643066,1.0
5,kazllm,issai/LLama-3.1-KazLLM-1.0-8B,B0_baseline,5,5,1.0,True,1.0,0.5909090909090909,0.6666666666666666,0.27005964517593384,0.5967774794740379,0.81206134557724,0.8
5,kazllm,issai/LLama-3.1-KazLLM-1.0-8B,B1_multi_candidate_random,5,5,1.0,True,1.0,0.5555555555555556,0.75,0.12652499973773956,0.478099667027218,0.9216542363166809,1.0
5,kazllm,issai/LLama-3.1-KazLLM-1.0-8B,B2_quality_filtered_random,5,5,1.0,True,1.0,0.4782608695652174,0.6097560975609756,0.10004085302352905,0.5789704628994397,0.926085603237152,1.0
5,kazllm,issai/LLama-3.1-KazLLM-1.0-8B,B3_full_kazdiv,5,5,1.0,True,1.0,0.5238095238095238,0.7027027027027027,0.11457358300685883,0.5132341204052885,0.9314750790596008,1.0
5,llama,NousResearch/Meta-Llama-3.1-8B-Instruct,B0_baseline,5,5,1.0,True,1.0,0.3709677419354839,0.5087719298245614,0.1075098067522049,0.6605095709907648,0.9390455722808838,0.6
5,llama,NousResearch/Meta-Llama-3.1-8B-Instruct,B1_multi_candidate_random,5,5,1.0,True,1.0,0.5128205128205128,0.7941176470588235,0.20770207047462463,0.5261636970179496,0.8754460096359253,0.8
5,llama,NousResearch/Meta-Llama-3.1-8B-Instruct,B2_quality_filtered_random,5,5,1.0,True,1.0,0.6,0.8,0.2233939915895462,0.4382998003737857,0.8557956337928772,1.0
5,llama,NousResearch/Meta-Llama-3.1-8B-Instruct,B3_full_kazdiv,5,5,1.0,True,1.0,0.6052631578947368,0.8181818181818182,0.18408581614494324,0.43493105733624854,0.8861396431922912,1.0
6,kazllm,issai/LLama-3.1-KazLLM-1.0-8B,B0_baseline,5,5,1.0,True,0.6,0.2962962962962963,0.3877551020408163,0.03572510555386543,0.8667810369265844,0.9818115592002868,0.4
6,kazllm,issai/LLama-3.1-KazLLM-1.0-8B,B1_multi_candidate_random,5,5,1.0,True,0.8,0.36538461538461536,0.44680851063829785,0.08601176738739014,0.789442241213546,0.946735954284668,0.6
6,kazllm,issai/LLama-3.1-KazLLM-1.0-8B,B2_quality_filtered_random,5,5,1.0,True,1.0,0.35185185185185186,0.5306122448979592,0.08646056056022644,0.7812038321784407,0.9464413285255432,1.0
6,kazllm,issai/LLama-3.1-KazLLM-1.0-8B,B3_full_kazdiv,5,5,1.0,True,1.0,0.37037037037037035,0.5918367346938775,0.09170566499233246,0.6848317938683331,0.9397793292999268,1.0
6,llama,NousResearch/Meta-Llama-3.1-8B-Instruct,B0_baseline,5,5,1.0,True,1.0,0.3114754098360656,0.48214285714285715,0.11207298189401627,0.691183369348362,0.9306897521018982,0.6
6,llama,NousResearch/Meta-Llama-3.1-8B-Instruct,B1_multi_candidate_random,5,5,1.0,True,1.0,0.5892857142857143,0.8823529411764706,0.15790903568267822,0.3143684038510201,0.8990316271781922,1.0
6,llama,NousResearch/Meta-Llama-3.1-8B-Instruct,B2_quality_filtered_random,5,5,1.0,True,1.0,0.5873015873015873,0.8103448275862069,0.1654282510280609,0.39629925328786597,0.8893523812294006,1.0
6,llama,NousResearch/Meta-Llama-3.1-8B-Instruct,B3_full_kazdiv,5,5,1.0,True,1.0,0.543859649122807,0.7692307692307693,0.13612684607505798,0.4709139468947347,0.8984370708465577,1.0
7,kazllm,issai/LLama-3.1-KazLLM-1.0-8B,B0_baseline,5,5,1.0,True,0.8,0.26785714285714285,0.3333333333333333,0.02355819381773472,0.9245625744897417,0.9882426738739014,0.6
7,kazllm,issai/LLama-3.1-KazLLM-1.0-8B,B1_multi_candidate_random,5,5,1.0,True,1.0,0.5094339622641509,0.625,0.13173127174377441,0.6030096618511743,0.907301151752472,1.0
7,kazllm,issai/LLama-3.1-KazLLM-1.0-8B,B2_quality_filtered_random,5,5,1.0,True,1.0,0.46,0.6888888888888889,0.12226669490337372,0.6263805070352004,0.8968720316886902,1.0
7,kazllm,issai/LLama-3.1-KazLLM-1.0-8B,B3_full_kazdiv,5,5,1.0,True,1.0,0.5098039215686274,0.6956521739130435,0.14552275836467743,0.5950431429515106,0.9025038957595826,1.0
7,llama,NousResearch/Meta-Llama-3.1-8B-Instruct,B0_baseline,5,5,1.0,True,1.0,0.38095238095238093,0.5569620253164557,0.16354811191558838,0.553159633791443,0.8757805824279785,1.0
7,llama,NousResearch/Meta-Llama-3.1-8B-Instruct,B1_multi_candidate_random,5,5,1.0,True,1.0,0.47058823529411764,0.7391304347826086,0.20538505911827087,0.5350526794021635,0.8734257221221924,1.0
7,llama,NousResearch/Meta-Llama-3.1-8B-Instruct,B2_quality_filtered_random,5,5,1.0,True,1.0,0.4528301886792453,0.6666666666666666,0.16075675189495087,0.5407911192550143,0.9050846815109252,1.0
7,llama,NousResearch/Meta-Llama-3.1-8B-Instruct,B3_full_kazdiv,5,5,1.0,True,1.0,0.3877551020408163,0.6590909090909091,0.15114164352416992,0.5928739526057961,0.9092685103416442,1.0
8,kazllm,issai/LLama-3.1-KazLLM-1.0-8B,B0_baseline,5,5,1.0,True,0.8,0.3064516129032258,0.3684210526315789,0.05915132164955139,0.8512729951892876,0.9715819835662842,0.6
8,kazllm,issai/LLama-3.1-KazLLM-1.0-8B,B1_multi_candidate_random,5,5,1.0,True,1.0,0.40350877192982454,0.5,0.1213066428899765,0.7642771864382676,0.9318708896636962,0.8
8,kazllm,issai/LLama-3.1-KazLLM-1.0-8B,B2_quality_filtered_random,5,5,1.0,True,1.0,0.5272727272727272,0.64,0.11393563449382782,0.5770001354948094,0.926242184638977,1.0
8,kazllm,issai/LLama-3.1-KazLLM-1.0-8B,B3_full_kazdiv,5,5,1.0,True,1.0,0.43636363636363634,0.54,0.10674287378787994,0.6929811343302179,0.9213709473609925,1.0
8,llama,NousResearch/Meta-Llama-3.1-8B-Instruct,B0_baseline,5,5,1.0,True,1.0,0.23591549295774647,0.3727598566308244,0.11941007524728775,0.491396483727946,0.883726167678833,0.2
8,llama,NousResearch/Meta-Llama-3.1-8B-Instruct,B1_multi_candidate_random,5,5,1.0,True,1.0,0.5094339622641509,0.6041666666666666,0.1868944615125656,0.5992708999719463,0.8805344223976135,1.0
8,llama,NousResearch/Meta-Llama-3.1-8B-Instruct,B2_quality_filtered_random,5,5,1.0,True,1.0,0.4727272727272727,0.62,0.1684235781431198,0.6131449225344611,0.8804927587509155,1.0
8,llama,NousResearch/Meta-Llama-3.1-8B-Instruct,B3_full_kazdiv,5,5,1.0,True,1.0,0.5471698113207547,0.6666666666666666,0.16618062555789948,0.5709115137716438,0.8816016554832459,1.0
9,kazllm,issai/LLama-3.1-KazLLM-1.0-8B,B0_baseline,5,5,1.0,True,1.0,0.26666666666666666,0.34545454545454546,0.019508833065629005,0.8707664790987012,0.9888718128204346,0.8
9,kazllm,issai/LLama-3.1-KazLLM-1.0-8B,B1_multi_candidate_random,5,5,1.0,True,1.0,0.373134328358209,0.5161290322580645,0.10348312556743622,0.7941336385612028,0.9451461791992187,0.8
9,kazllm,issai/LLama-3.1-KazLLM-1.0-8B,B2_quality_filtered_random,5,5,1.0,True,1.0,0.373134328358209,0.5,0.11645819991827011,0.7983568721022463,0.9363010406494141,1.0
9,kazllm,issai/LLama-3.1-KazLLM-1.0-8B,B3_full_kazdiv,5,5,1.0,True,0.8,0.3333333333333333,0.43103448275862066,0.07560659199953079,0.8144743218152122,0.9568079113960266,1.0
9,llama,NousResearch/Meta-Llama-3.1-8B-Instruct,B0_baseline,5,5,1.0,True,1.0,0.3978494623655914,0.6136363636363636,0.22303760051727295,0.5181425659064443,0.8357802033424377,0.6
9,llama,NousResearch/Meta-Llama-3.1-8B-Instruct,B1_multi_candidate_random,5,5,1.0,True,1.0,0.4461538461538462,0.5666666666666667,0.1426849514245987,0.6338194982883955,0.9200614213943481,1.0
9,llama,NousResearch/Meta-Llama-3.1-8B-Instruct,B2_quality_filtered_random,5,5,1.0,True,1.0,0.47619047619047616,0.7586206896551724,0.16166889667510986,0.49025083022977717,0.9060349225997925,1.0
9,llama,NousResearch/Meta-Llama-3.1-8B-Instruct,B3_full_kazdiv,5,5,1.0,True,1.0,0.5333333333333333,0.6909090909090909,0.23056916892528534,0.5205599677024606,0.865782618522644,1.0
10,kazllm,issai/LLama-3.1-KazLLM-1.0-8B,B0_baseline,5,5,1.0,True,1.0,0.4418604651162791,0.631578947368421,0.05452127009630203,0.6472282960902555,0.962196683883667,1.0
10,kazllm,issai/LLama-3.1-KazLLM-1.0-8B,B1_multi_candidate_random,5,5,1.0,True,1.0,0.40540540540540543,0.65625,0.06319250166416168,0.6912893464483232,0.9473168134689331,1.0
10,kazllm,issai/LLama-3.1-KazLLM-1.0-8B,B2_quality_filtered_random,5,5,1.0,True,1.0,0.5897435897435898,0.8235294117647058,0.11604686826467514,0.41761971014194044,0.9184459567070007,1.0
10,kazllm,issai/LLama-3.1-KazLLM-1.0-8B,B3_full_kazdiv,5,5,1.0,True,1.0,0.40540540540540543,0.59375,0.08663512021303177,0.6588222404515444,0.9439021110534668,1.0
10,llama,NousResearch/Meta-Llama-3.1-8B-Instruct,B0_baseline,5,5,1.0,True,1.0,0.4852941176470588,0.6825396825396826,0.22676828503608704,0.4363482183451263,0.8210891366004944,0.6
10,llama,NousResearch/Meta-Llama-3.1-8B-Instruct,B1_multi_candidate_random,5,5,1.0,True,1.0,0.6,0.8857142857142857,0.11599014699459076,0.3636876568803074,0.911356246471405,1.0
10,llama,NousResearch/Meta-Llama-3.1-8B-Instruct,B2_quality_filtered_random,5,5,1.0,True,1.0,0.6739130434782609,0.8536585365853658,0.18049411475658417,0.3175036924348761,0.8857381701469421,1.0
10,llama,NousResearch/Meta-Llama-3.1-8B-Instruct,B3_full_kazdiv,5,5,1.0,True,1.0,0.5957446808510638,0.8333333333333334,0.1594403237104416,0.39222198185119994,0.8997231483459472,1.0
11,kazllm,issai/LLama-3.1-KazLLM-1.0-8B,B0_baseline,5,5,1.0,True,1.0,0.4788732394366197,0.6060606060606061,0.16886869072914124,0.5722482911432525,0.9027408242225647,0.8
11,kazllm,issai/LLama-3.1-KazLLM-1.0-8B,B1_multi_candidate_random,5,5,1.0,True,0.8,0.37777777777777777,0.4,0.06621462106704712,0.8054348441694401,0.9403049349784851,0.6
11,kazllm,issai/LLama-3.1-KazLLM-1.0-8B,B2_quality_filtered_random,5,5,1.0,True,1.0,0.37209302325581395,0.47368421052631576,0.08249838650226593,0.7517912546497325,0.9309304237365723,1.0
11,kazllm,issai/LLama-3.1-KazLLM-1.0-8B,B3_full_kazdiv,5,5,1.0,True,1.0,0.4782608695652174,0.6341463414634146,0.14608320593833923,0.6155427508095828,0.9062959432601929,1.0
11,llama,NousResearch/Meta-Llama-3.1-8B-Instruct,B0_baseline,5,5,1.0,True,1.0,0.42857142857142855,0.6486486486486487,0.1149800568819046,0.6630972506774688,0.9248823523521423,0.8
11,llama,NousResearch/Meta-Llama-3.1-8B-Instruct,B1_multi_candidate_random,5,5,1.0,True,1.0,0.5384615384615384,0.8235294117647058,0.19547399878501892,0.49696722493261136,0.8827402830123902,1.0
11,llama,NousResearch/Meta-Llama-3.1-8B-Instruct,B2_quality_filtered_random,5,5,1.0,True,1.0,0.7058823529411765,0.9310344827586207,0.2145669013261795,0.25434615448770276,0.8433159708976745,1.0
11,llama,NousResearch/Meta-Llama-3.1-8B-Instruct,B3_full_kazdiv,5,5,1.0,True,1.0,0.5789473684210527,0.7878787878787878,0.18540871143341064,0.4110959656154802,0.8853412866592407,1.0
12,kazllm,issai/LLama-3.1-KazLLM-1.0-8B,B0_baseline,5,5,1.0,True,1.0,0.3979591836734694,0.4731182795698925,0.10421246290206909,0.7849957802232723,0.9445360541343689,0.6
12,kazllm,issai/LLama-3.1-KazLLM-1.0-8B,B1_multi_candidate_random,5,5,1.0,True,1.0,0.532258064516129,0.6842105263157895,0.0821230486035347,0.55941098388346,0.9519392132759095,1.0
12,kazllm,issai/LLama-3.1-KazLLM-1.0-8B,B2_quality_filtered_random,5,5,1.0,True,1.0,0.4576271186440678,0.5925925925925926,0.06252174079418182,0.66237029871363,0.9645162343978881,1.0
12,kazllm,issai/LLama-3.1-KazLLM-1.0-8B,B3_full_kazdiv,5,5,1.0,True,0.8,0.42105263157894735,0.5192307692307693,0.04352517053484917,0.7212591671211895,0.9766521692276001,1.0
12,llama,NousResearch/Meta-Llama-3.1-8B-Instruct,B0_baseline,5,5,1.0,True,1.0,0.18120805369127516,0.2708333333333333,0.06347617506980896,0.6642784462495231,0.9412970900535583,0.6
12,llama,NousResearch/Meta-Llama-3.1-8B-Instruct,B1_multi_candidate_random,5,5,1.0,True,1.0,0.5,0.6808510638297872,0.1562640219926834,0.5490894222305334,0.8950755953788757,1.0
12,llama,NousResearch/Meta-Llama-3.1-8B-Instruct,B2_quality_filtered_random,5,5,1.0,True,1.0,0.4782608695652174,0.6585365853658537,0.17429009079933167,0.5833259621775708,0.8832632064819336,1.0
12,llama,NousResearch/Meta-Llama-3.1-8B-Instruct,B3_full_kazdiv,5,5,1.0,True,1.0,0.45454545454545453,0.5897435897435898,0.15080849826335907,0.6798722481422279,0.90493825674057,1.0
13,kazllm,issai/LLama-3.1-KazLLM-1.0-8B,B0_baseline,5,5,1.0,True,1.0,0.4318181818181818,0.5897435897435898,0.09931893646717072,0.6917398564406764,0.9412375569343567,1.0
13,kazllm,issai/LLama-3.1-KazLLM-1.0-8B,B1_multi_candidate_random,5,5,1.0,True,1.0,0.35,0.6285714285714286,0.08094935119152069,0.6833915268824777,0.9508261561393738,1.0
13,kazllm,issai/LLama-3.1-KazLLM-1.0-8B,B2_quality_filtered_random,5,5,1.0,True,1.0,0.38095238095238093,0.6486486486486487,0.08781933039426804,0.6501177526001338,0.942347276210785,1.0
13,kazllm,issai/LLama-3.1-KazLLM-1.0-8B,B3_full_kazdiv,5,5,1.0,True,1.0,0.42857142857142855,0.5945945945945946,0.11688928306102753,0.6855157046239613,0.9398571491241455,1.0
13,llama,NousResearch/Meta-Llama-3.1-8B-Instruct,B0_baseline,5,5,1.0,True,1.0,0.3548387096774194,0.543859649122807,0.20351891219615936,0.6700892336195733,0.8604956030845642,0.8
13,llama,NousResearch/Meta-Llama-3.1-8B-Instruct,B1_multi_candidate_random,5,5,1.0,True,1.0,0.4222222222222222,0.575,0.11945197731256485,0.6952322726539524,0.9301104307174682,1.0
13,llama,NousResearch/Meta-Llama-3.1-8B-Instruct,B2_quality_filtered_random,5,5,1.0,True,1.0,0.4915254237288136,0.6296296296296297,0.16191677749156952,0.500610683445034,0.9033243536949158,1.0
13,llama,NousResearch/Meta-Llama-3.1-8B-Instruct,B3_full_kazdiv,5,5,1.0,True,1.0,0.5,0.717948717948718,0.1856878697872162,0.5431234840147429,0.8808608531951905,1.0
14,kazllm,issai/LLama-3.1-KazLLM-1.0-8B,B0_baseline,5,5,1.0,True,1.0,0.38636363636363635,0.5128205128205128,0.07263702899217606,0.7315876362039637,0.961396598815918,0.8
14,kazllm,issai/LLama-3.1-KazLLM-1.0-8B,B1_multi_candidate_random,5,5,1.0,True,1.0,0.42857142857142855,0.5675675675675675,0.08026589453220367,0.7534272586713239,0.9443553686141968,0.8
14,kazllm,issai/LLama-3.1-KazLLM-1.0-8B,B2_quality_filtered_random,5,5,1.0,True,1.0,0.4883720930232558,0.631578947368421,0.10969263315200806,0.6610243487877667,0.9261808395385742,1.0
14,kazllm,issai/LLama-3.1-KazLLM-1.0-8B,B3_full_kazdiv,5,5,1.0,True,1.0,0.4,0.5,0.0744367316365242,0.7803230825638414,0.9498097419738769,1.0
14,llama,NousResearch/Meta-Llama-3.1-8B-Instruct,B0_baseline,5,5,1.0,True,1.0,0.7171717171717171,0.8829787234042553,0.39868393540382385,0.25460794930935055,0.6656302809715271,0.2
14,llama,NousResearch/Meta-Llama-3.1-8B-Instruct,B1_multi_candidate_random,5,5,1.0,True,1.0,0.8571428571428571,0.972972972972973,0.3459737300872803,0.11055906291827307,0.7579540252685547,0.6
14,llama,NousResearch/Meta-Llama-3.1-8B-Instruct,B2_quality_filtered_random,5,5,1.0,True,1.0,0.6481481481481481,0.7755102040816326,0.20965060591697693,0.36670506553402216,0.8398934841156006,1.0
14,llama,NousResearch/Meta-Llama-3.1-8B-Instruct,B3_full_kazdiv,5,5,1.0,True,1.0,0.7450980392156863,0.9130434782608695,0.293940931558609,0.22218931022767716,0.7891408205032349,1.0
15,kazllm,issai/LLama-3.1-KazLLM-1.0-8B,B0_baseline,5,5,1.0,True,1.0,0.4807692307692308,0.7446808510638298,0.10865072160959244,0.5265316838114247,0.9312423467636108,0.8
15,kazllm,issai/LLama-3.1-KazLLM-1.0-8B,B1_multi_candidate_random,5,5,1.0,True,1.0,0.38,0.5777777777777777,0.12252625077962875,0.6619849272581104,0.9255255341529847,1.0
15,kazllm,issai/LLama-3.1-KazLLM-1.0-8B,B2_quality_filtered_random,5,5,1.0,True,1.0,0.37254901960784315,0.5652173913043478,0.1273980289697647,0.6792896691638031,0.9192910671234131,1.0
15,kazllm,issai/LLama-3.1-KazLLM-1.0-8B,B3_full_kazdiv,5,5,1.0,True,1.0,0.4,0.5777777777777777,0.11419572681188583,0.6627898256859363,0.9294891953468323,1.0
15,llama,NousResearch/Meta-Llama-3.1-8B-Instruct,B0_baseline,5,5,1.0,True,1.0,0.25,0.37333333333333335,0.14017382264137268,0.7239669274140532,0.9229583859443664,0.6
15,llama,NousResearch/Meta-Llama-3.1-8B-Instruct,B1_multi_candidate_random,5,5,1.0,True,1.0,0.4909090909090909,0.72,0.15636122226715088,0.5539096725373457,0.9072694778442383,1.0
15,llama,NousResearch/Meta-Llama-3.1-8B-Instruct,B2_quality_filtered_random,5,5,1.0,True,1.0,0.40350877192982454,0.6153846153846154,0.14916102588176727,0.5844547021746926,0.892455267906189,1.0
15,llama,NousResearch/Meta-Llama-3.1-8B-Instruct,B3_full_kazdiv,5,5,1.0,True,1.0,0.4117647058823529,0.5869565217391305,0.11437511444091797,0.7108465728210372,0.9283007383346558,1.0
16,kazllm,issai/LLama-3.1-KazLLM-1.0-8B,B0_baseline,5,5,1.0,True,0.8,0.3076923076923077,0.425531914893617,0.04609533026814461,0.8447175334970931,0.9770344138145447,0.6
16,kazllm,issai/LLama-3.1-KazLLM-1.0-8B,B1_multi_candidate_random,5,5,1.0,True,1.0,0.37037037037037035,0.5102040816326531,0.08902329206466675,0.7401144917613924,0.9401380896568299,1.0
16,kazllm,issai/LLama-3.1-KazLLM-1.0-8B,B2_quality_filtered_random,5,5,1.0,True,1.0,0.5081967213114754,0.6785714285714286,0.09843471646308899,0.5563915195022466,0.9426676988601684,1.0
16,kazllm,issai/LLama-3.1-KazLLM-1.0-8B,B3_full_kazdiv,5,5,1.0,True,1.0,0.36666666666666664,0.5454545454545454,0.10499684512615204,0.7620295771966561,0.9231772303581238,1.0
16,llama,NousResearch/Meta-Llama-3.1-8B-Instruct,B0_baseline,5,5,1.0,True,0.4,0.32558139534883723,0.34210526315789475,0.08336768299341202,0.8852802865422442,0.9026331901550293,1.0
16,llama,NousResearch/Meta-Llama-3.1-8B-Instruct,B1_multi_candidate_random,5,5,1.0,True,1.0,0.6545454545454545,0.8,0.17040474712848663,0.34281532691333255,0.8793538212776184,1.0
16,llama,NousResearch/Meta-Llama-3.1-8B-Instruct,B2_quality_filtered_random,5,5,1.0,True,1.0,0.54,0.7333333333333333,0.13060936331748962,0.49980454390293944,0.9120947241783142,1.0
16,llama,NousResearch/Meta-Llama-3.1-8B-Instruct,B3_full_kazdiv,5,5,1.0,True,1.0,0.6909090909090909,0.9,0.19685466587543488,0.227928236159536,0.874791944026947,1.0
17,kazllm,issai/LLama-3.1-KazLLM-1.0-8B,B0_baseline,5,5,1.0,True,1.0,0.4482758620689655,0.5849056603773585,0.10596718639135361,0.6421133642580945,0.9272144556045532,0.8
17,kazllm,issai/LLama-3.1-KazLLM-1.0-8B,B1_multi_candidate_random,5,5,1.0,True,1.0,0.29310344827586204,0.39622641509433965,0.07621292024850845,0.8609619354413203,0.9308411717414856,1.0
17,kazllm,issai/LLama-3.1-KazLLM-1.0-8B,B2_quality_filtered_random,5,5,1.0,True,0.6,0.2413793103448276,0.2830188679245283,0.060128502547740936,0.9195832805290675,0.8964930295944213,1.0
17,kazllm,issai/LLama-3.1-KazLLM-1.0-8B,B3_full_kazdiv,5,5,1.0,True,0.8,0.29310344827586204,0.3584905660377358,0.07074859738349915,0.885250410734707,0.9210893392562867,1.0
17,llama,NousResearch/Meta-Llama-3.1-8B-Instruct,B0_baseline,5,5,1.0,True,1.0,0.379746835443038,0.5424836601307189,0.16939041018486023,0.6378628586367527,0.8938013553619385,0.8
17,llama,NousResearch/Meta-Llama-3.1-8B-Instruct,B1_multi_candidate_random,5,5,1.0,True,1.0,0.6101694915254238,0.7222222222222222,0.26362794637680054,0.39963971953206123,0.8381689548492431,0.8
17,llama,NousResearch/Meta-Llama-3.1-8B-Instruct,B2_quality_filtered_random,5,5,1.0,True,1.0,0.5272727272727272,0.68,0.18733012676239014,0.5234651928563946,0.8873077869415283,1.0
17,llama,NousResearch/Meta-Llama-3.1-8B-Instruct,B3_full_kazdiv,5,5,1.0,True,1.0,0.5172413793103449,0.6415094339622641,0.1866644322872162,0.5673357921792818,0.8940974712371826,1.0
18,kazllm,issai/LLama-3.1-KazLLM-1.0-8B,B0_baseline,5,5,1.0,True,1.0,0.42857142857142855,0.5689655172413793,0.115822434425354,0.6899812723409202,0.9258281946182251,0.8
18,kazllm,issai/LLama-3.1-KazLLM-1.0-8B,B1_multi_candidate_random,5,5,1.0,True,1.0,0.2923076923076923,0.43333333333333335,0.06967248767614365,0.8557837725073817,0.957923424243927,0.8
18,kazllm,issai/LLama-3.1-KazLLM-1.0-8B,B2_quality_filtered_random,5,5,1.0,True,1.0,0.2923076923076923,0.4166666666666667,0.08245107531547546,0.8719140214405622,0.9539808511734009,1.0
18,kazllm,issai/LLama-3.1-KazLLM-1.0-8B,B3_full_kazdiv,5,5,1.0,True,1.0,0.28125,0.4406779661016949,0.05779767036437988,0.8381776701854555,0.9571582317352295,1.0
18,llama,NousResearch/Meta-Llama-3.1-8B-Instruct,B0_baseline,5,5,1.0,True,1.0,0.32407407407407407,0.4563106796116505,0.17607381939888,0.6512174345114443,0.8894383192062378,0.8
18,llama,NousResearch/Meta-Llama-3.1-8B-Instruct,B1_multi_candidate_random,5,5,1.0,True,1.0,0.49122807017543857,0.6923076923076923,0.19089064002037048,0.5580336589543003,0.8507461667060852,0.8
18,llama,NousResearch/Meta-Llama-3.1-8B-Instruct,B2_quality_filtered_random,5,5,1.0,True,1.0,0.5757575757575758,0.6885245901639344,0.18244513869285583,0.502281270597099,0.8780212998390198,1.0
18,llama,NousResearch/Meta-Llama-3.1-8B-Instruct,B3_full_kazdiv,5,5,1.0,True,1.0,0.4857142857142857,0.6615384615384615,0.12558576464653015,0.5651353657334706,0.914959442615509,1.0
19,kazllm,issai/LLama-3.1-KazLLM-1.0-8B,B0_baseline,5,5,1.0,True,0.6,0.3137254901960784,0.41304347826086957,0.04234272241592407,0.8333898312143967,0.9767874956130982,0.4
19,kazllm,issai/LLama-3.1-KazLLM-1.0-8B,B1_multi_candidate_random,5,5,1.0,True,1.0,0.4074074074074074,0.5918367346938775,0.1517551839351654,0.6669447523817519,0.9014835476875305,1.0
19,kazllm,issai/LLama-3.1-KazLLM-1.0-8B,B2_quality_filtered_random,5,5,1.0,True,1.0,0.3508771929824561,0.5192307692307693,0.13875338435173035,0.7236681362134323,0.9052513599395752,1.0
19,kazllm,issai/LLama-3.1-KazLLM-1.0-8B,B3_full_kazdiv,5,5,1.0,True,1.0,0.4107142857142857,0.5686274509803921,0.17507998645305634,0.6619920439045719,0.8928312540054322,1.0
19,llama,NousResearch/Meta-Llama-3.1-8B-Instruct,B0_baseline,5,5,1.0,True,0.8,0.373134328358209,0.5483870967741935,0.17620718479156494,0.6907316940624992,0.8859447717666626,0.8
19,llama,NousResearch/Meta-Llama-3.1-8B-Instruct,B1_multi_candidate_random,4,4,1.0,False,1.0,0.5272727272727272,0.6862745098039216,0.26846516132354736,0.45199634739651195,0.8476840555667877,0.75
19,llama,NousResearch/Meta-Llama-3.1-8B-Instruct,B2_quality_filtered_random,4,4,1.0,False,1.0,0.4489795918367347,0.5777777777777777,0.23934990167617798,0.7187113133761964,0.8494984656572342,1.0
19,llama,NousResearch/Meta-Llama-3.1-8B-Instruct,B3_full_kazdiv,5,4,0.8,False,1.0,0.5957446808510638,0.7441860465116279,0.17724518477916718,0.5047986769957449,0.8999958038330078,1.0
20,kazllm,issai/LLama-3.1-KazLLM-1.0-8B,B0_baseline,5,5,1.0,True,0.8,0.30612244897959184,0.38636363636363635,0.026928741484880447,0.8456135409557433,0.98222416639328,1.0
20,kazllm,issai/LLama-3.1-KazLLM-1.0-8B,B1_multi_candidate_random,5,5,1.0,True,1.0,0.39215686274509803,0.5869565217391305,0.1298753172159195,0.7424975182523591,0.8807016253471375,1.0
20,kazllm,issai/LLama-3.1-KazLLM-1.0-8B,B2_quality_filtered_random,5,5,1.0,True,1.0,0.38,0.6,0.13505858182907104,0.7458393398013842,0.8701263666152954,1.0
20,kazllm,issai/LLama-3.1-KazLLM-1.0-8B,B3_full_kazdiv,5,5,1.0,True,1.0,0.52,0.7555555555555555,0.17803741991519928,0.5476355391163679,0.8610141396522522,1.0
20,llama,NousResearch/Meta-Llama-3.1-8B-Instruct,B0_baseline,5,5,1.0,True,1.0,0.5522388059701493,0.7903225806451613,0.23253293335437775,0.3678226562682147,0.8584952235221863,0.8
20,llama,NousResearch/Meta-Llama-3.1-8B-Instruct,B1_multi_candidate_random,5,5,1.0,True,1.0,0.6170212765957447,0.8571428571428571,0.238480806350708,0.4309088161433749,0.8265038728713989,0.8
20,llama,NousResearch/Meta-Llama-3.1-8B-Instruct,B2_quality_filtered_random,5,5,1.0,True,1.0,0.6170212765957447,0.8809523809523809,0.2134767472743988,0.3274003106849134,0.8295828938484192,1.0
20,llama,NousResearch/Meta-Llama-3.1-8B-Instruct,B3_full_kazdiv,5,5,1.0,True,1.0,0.6481481481481481,0.7755102040816326,0.21044500172138214,0.4211889802406521,0.8157670140266419,1.0
21,kazllm,issai/LLama-3.1-KazLLM-1.0-8B,B0_baseline,5,5,1.0,True,1.0,0.3090909090909091,0.36,0.09623749554157257,0.9117376196997176,0.93797847032547,0.8
21,kazllm,issai/LLama-3.1-KazLLM-1.0-8B,B1_multi_candidate_random,5,5,1.0,True,1.0,0.4166666666666667,0.5818181818181818,0.0760694220662117,0.6831745517798418,0.9343913197517395,1.0
21,kazllm,issai/LLama-3.1-KazLLM-1.0-8B,B2_quality_filtered_random,5,5,1.0,True,1.0,0.36666666666666664,0.5454545454545454,0.05843560770153999,0.721243130767307,0.94874267578125,1.0
21,kazllm,issai/LLama-3.1-KazLLM-1.0-8B,B3_full_kazdiv,5,5,1.0,True,1.0,0.3090909090909091,0.46,0.052778225392103195,0.8213807660671251,0.9524139046669007,1.0
21,llama,NousResearch/Meta-Llama-3.1-8B-Instruct,B0_baseline,5,5,1.0,True,1.0,0.3655913978494624,0.5227272727272727,0.14827923476696014,0.6091110265366554,0.8766628861427307,0.8
21,llama,NousResearch/Meta-Llama-3.1-8B-Instruct,B1_multi_candidate_random,5,5,1.0,True,1.0,0.453125,0.6440677966101694,0.15614497661590576,0.6054474593366571,0.8867497205734253,0.8
21,llama,NousResearch/Meta-Llama-3.1-8B-Instruct,B2_quality_filtered_random,5,5,1.0,True,1.0,0.5245901639344263,0.6785714285714286,0.1879309117794037,0.4980461434924516,0.8822483539581298,1.0
21,llama,NousResearch/Meta-Llama-3.1-8B-Instruct,B3_full_kazdiv,5,5,1.0,True,1.0,0.515625,0.6949152542372882,0.1622239053249359,0.5847351133634768,0.8861375451087952,1.0
22,kazllm,issai/LLama-3.1-KazLLM-1.0-8B,B0_baseline,5,5,1.0,True,1.0,0.46153846153846156,0.5666666666666667,0.11104042828083038,0.720113310162829,0.944419002532959,0.6
22,kazllm,issai/LLama-3.1-KazLLM-1.0-8B,B1_multi_candidate_random,5,5,1.0,True,0.8,0.35714285714285715,0.47058823529411764,0.09060585498809814,0.7847702625733328,0.9520341992378235,1.0
22,kazllm,issai/LLama-3.1-KazLLM-1.0-8B,B2_quality_filtered_random,5,5,1.0,True,0.6,0.32727272727272727,0.42,0.0808744877576828,0.8322900473375112,0.9557847738265991,1.0
22,kazllm,issai/LLama-3.1-KazLLM-1.0-8B,B3_full_kazdiv,5,5,1.0,True,1.0,0.42592592592592593,0.6530612244897959,0.1351098269224167,0.6052840969105422,0.9175704002380372,1.0
22,llama,NousResearch/Meta-Llama-3.1-8B-Instruct,B0_baseline,5,5,1.0,True,1.0,0.45569620253164556,0.6351351351351351,0.20828863978385925,0.5311100088185317,0.8433666944503784,0.8
22,llama,NousResearch/Meta-Llama-3.1-8B-Instruct,B1_multi_candidate_random,5,5,1.0,True,1.0,0.6274509803921569,0.8043478260869565,0.18949289619922638,0.4134471605834199,0.8682693123817444,1.0
22,llama,NousResearch/Meta-Llama-3.1-8B-Instruct,B2_quality_filtered_random,5,5,1.0,True,1.0,0.6595744680851063,0.8333333333333334,0.2151443511247635,0.3149901435246247,0.8304156184196472,1.0
22,llama,NousResearch/Meta-Llama-3.1-8B-Instruct,B3_full_kazdiv,5,5,1.0,True,1.0,0.5333333333333333,0.725,0.16092513501644135,0.4874245419974795,0.8960082292556762,1.0
23,kazllm,issai/LLama-3.1-KazLLM-1.0-8B,B0_baseline,5,5,1.0,True,1.0,0.4727272727272727,0.68,0.08824492990970612,0.580542755593256,0.9469340443611145,1.0
23,kazllm,issai/LLama-3.1-KazLLM-1.0-8B,B1_multi_candidate_random,5,5,1.0,True,1.0,0.41379310344827586,0.5660377358490566,0.07609102874994278,0.7259332281306763,0.9534552216529846,0.8
23,kazllm,issai/LLama-3.1-KazLLM-1.0-8B,B2_quality_filtered_random,5,5,1.0,True,1.0,0.39285714285714285,0.5882352941176471,0.07631312310695648,0.7473981956022389,0.9544148921966553,1.0
23,kazllm,issai/LLama-3.1-KazLLM-1.0-8B,B3_full_kazdiv,5,5,1.0,True,1.0,0.5172413793103449,0.7547169811320755,0.12323401123285294,0.5349071904824193,0.9253413558006287,1.0
23,llama,NousResearch/Meta-Llama-3.1-8B-Instruct,B0_baseline,5,5,1.0,True,0.8,0.27941176470588236,0.36507936507936506,0.06963567435741425,0.8390784521940707,0.9491358637809754,1.0
23,llama,NousResearch/Meta-Llama-3.1-8B-Instruct,B1_multi_candidate_random,5,5,1.0,True,1.0,0.5942028985507246,0.859375,0.2063438445329666,0.23588952005219815,0.873170006275177,0.8
23,llama,NousResearch/Meta-Llama-3.1-8B-Instruct,B2_quality_filtered_random,5,5,1.0,True,1.0,0.671875,0.864406779661017,0.20078110694885254,0.2674377030529055,0.8751903653144837,1.0
23,llama,NousResearch/Meta-Llama-3.1-8B-Instruct,B3_full_kazdiv,5,5,1.0,True,1.0,0.5384615384615384,0.7659574468085106,0.14351364970207214,0.4900628072620961,0.9109903573989868,1.0
24,kazllm,issai/LLama-3.1-KazLLM-1.0-8B,B0_baseline,5,5,1.0,True,1.0,0.5,0.7192982456140351,0.10566838085651398,0.5599302649421001,0.9237319707870484,1.0
24,kazllm,issai/LLama-3.1-KazLLM-1.0-8B,B1_multi_candidate_random,5,5,1.0,True,1.0,0.46774193548387094,0.631578947368421,0.15044037997722626,0.6466039433669419,0.8914097428321839,1.0
24,kazllm,issai/LLama-3.1-KazLLM-1.0-8B,B2_quality_filtered_random,5,5,1.0,True,1.0,0.48214285714285715,0.7450980392156863,0.16178765892982483,0.5289345967150074,0.9010292649269104,1.0
24,kazllm,issai/LLama-3.1-KazLLM-1.0-8B,B3_full_kazdiv,5,5,1.0,True,1.0,0.5409836065573771,0.7142857142857143,0.17395839095115662,0.4835213447684247,0.8869245290756226,1.0
24,llama,NousResearch/Meta-Llama-3.1-8B-Instruct,B0_baseline,5,5,1.0,True,1.0,0.5652173913043478,0.71875,0.2378515750169754,0.5153961457964268,0.8296884179115296,0.8
24,llama,NousResearch/Meta-Llama-3.1-8B-Instruct,B1_multi_candidate_random,5,5,1.0,True,1.0,0.5384615384615384,0.7833333333333333,0.17889663577079773,0.5323620569713821,0.8770594358444214,1.0
24,llama,NousResearch/Meta-Llama-3.1-8B-Instruct,B2_quality_filtered_random,5,5,1.0,True,1.0,0.5538461538461539,0.8166666666666667,0.18566259741783142,0.4193296927452246,0.8840456604957581,1.0
24,llama,NousResearch/Meta-Llama-3.1-8B-Instruct,B3_full_kazdiv,5,5,1.0,True,1.0,0.5263157894736842,0.8269230769230769,0.14895696938037872,0.4421422728618748,0.9058851599693298,1.0
25,kazllm,issai/LLama-3.1-KazLLM-1.0-8B,B0_baseline,5,5,1.0,True,0.8,0.25,0.3333333333333333,0.01739143207669258,0.9023450530548811,0.9899366617202758,0.6
25,kazllm,issai/LLama-3.1-KazLLM-1.0-8B,B1_multi_candidate_random,5,5,1.0,True,1.0,0.3220338983050847,0.46296296296296297,0.07094548642635345,0.7987789362020153,0.9563890814781189,0.8
25,kazllm,issai/LLama-3.1-KazLLM-1.0-8B,B2_quality_filtered_random,5,5,1.0,True,1.0,0.38181818181818183,0.54,0.07245873659849167,0.7237926778085856,0.9568451881408692,1.0
25,kazllm,issai/LLama-3.1-KazLLM-1.0-8B,B3_full_kazdiv,5,5,1.0,True,1.0,0.3090909090909091,0.5,0.09154210984706879,0.7466162479743513,0.9484406113624573,1.0
25,llama,NousResearch/Meta-Llama-3.1-8B-Instruct,B0_baseline,5,5,1.0,True,1.0,0.4528301886792453,0.5833333333333334,0.2204904556274414,0.7020753177704797,0.8759081363677979,1.0
25,llama,NousResearch/Meta-Llama-3.1-8B-Instruct,B1_multi_candidate_random,5,5,1.0,True,1.0,0.4482758620689655,0.5849056603773585,0.11131121963262558,0.6580643588517666,0.9171488046646118,1.0
25,llama,NousResearch/Meta-Llama-3.1-8B-Instruct,B2_quality_filtered_random,5,5,1.0,True,1.0,0.4074074074074074,0.6326530612244898,0.11633484065532684,0.6416135733397917,0.9185072302818298,1.0
25,llama,NousResearch/Meta-Llama-3.1-8B-Instruct,B3_full_kazdiv,5,5,1.0,True,1.0,0.35185185185185186,0.5102040816326531,0.11949741840362549,0.7258067515510219,0.9053107619285583,1.0
26,kazllm,issai/LLama-3.1-KazLLM-1.0-8B,B0_baseline,5,5,1.0,True,1.0,0.43333333333333335,0.6545454545454545,0.06763992458581924,0.6931308907269549,0.9127721071243287,1.0
26,kazllm,issai/LLama-3.1-KazLLM-1.0-8B,B1_multi_candidate_random,5,5,1.0,True,1.0,0.5245901639344263,0.7142857142857143,0.12068865448236465,0.5522270714380436,0.8969225525856018,1.0
26,kazllm,issai/LLama-3.1-KazLLM-1.0-8B,B2_quality_filtered_random,5,5,1.0,True,1.0,0.43333333333333335,0.6727272727272727,0.11259341239929199,0.6196696240170094,0.9116243124008179,1.0
26,kazllm,issai/LLama-3.1-KazLLM-1.0-8B,B3_full_kazdiv,5,5,1.0,True,1.0,0.4482758620689655,0.6792452830188679,0.09809817373752594,0.6540698288684159,0.9403445482254028,1.0
26,llama,NousResearch/Meta-Llama-3.1-8B-Instruct,B0_baseline,5,5,1.0,True,1.0,0.4,0.5538461538461539,0.16507141292095184,0.636646001948443,0.8947755098342896,1.0
26,llama,NousResearch/Meta-Llama-3.1-8B-Instruct,B1_multi_candidate_random,5,5,1.0,True,1.0,0.6153846153846154,0.85,0.19087445735931396,0.3395297394584586,0.8654481172561646,1.0
26,llama,NousResearch/Meta-Llama-3.1-8B-Instruct,B2_quality_filtered_random,5,5,1.0,True,1.0,0.6666666666666666,0.8571428571428571,0.1462228000164032,0.2996555864921282,0.8837281227111816,1.0
26,llama,NousResearch/Meta-Llama-3.1-8B-Instruct,B3_full_kazdiv,5,5,1.0,True,1.0,0.6595744680851063,0.8809523809523809,0.1667441427707672,0.26441025100011045,0.8934359788894654,1.0
27,kazllm,issai/LLama-3.1-KazLLM-1.0-8B,B0_baseline,5,5,1.0,True,1.0,0.3090909090909091,0.5,0.050209902226924896,0.8164403981583395,0.9577555537223816,1.0
27,kazllm,issai/LLama-3.1-KazLLM-1.0-8B,B1_multi_candidate_random,5,5,1.0,True,1.0,0.36363636363636365,0.54,0.081915944814682,0.7312878707226516,0.9446335196495056,1.0
27,kazllm,issai/LLama-3.1-KazLLM-1.0-8B,B2_quality_filtered_random,5,5,1.0,True,1.0,0.3269230769230769,0.48936170212765956,0.05162973329424858,0.7967058186574218,0.9627728700637818,1.0
27,kazllm,issai/LLama-3.1-KazLLM-1.0-8B,B3_full_kazdiv,5,5,1.0,True,1.0,0.35714285714285715,0.5294117647058824,0.04685768485069275,0.7552390422078453,0.9700841903686523,1.0
27,llama,NousResearch/Meta-Llama-3.1-8B-Instruct,B0_baseline,5,5,1.0,True,0.8,0.3333333333333333,0.453125,0.09698386490345001,0.7349512920811717,0.9461786627769471,0.4
27,llama,NousResearch/Meta-Llama-3.1-8B-Instruct,B1_multi_candidate_random,5,5,1.0,True,1.0,0.5555555555555556,0.7068965517241379,0.2168419063091278,0.5085828868233295,0.8519379258155823,0.8
27,llama,NousResearch/Meta-Llama-3.1-8B-Instruct,B2_quality_filtered_random,5,5,1.0,True,1.0,0.5161290322580645,0.7368421052631579,0.1412099301815033,0.47594264500362027,0.9057060956954956,1.0
27,llama,NousResearch/Meta-Llama-3.1-8B-Instruct,B3_full_kazdiv,5,5,1.0,True,1.0,0.5806451612903226,0.7719298245614035,0.16296429932117462,0.4179004719929176,0.9013852596282959,1.0
28,kazllm,issai/LLama-3.1-KazLLM-1.0-8B,B0_baseline,5,5,1.0,True,0.8,0.3333333333333333,0.41818181818181815,0.10427999496459961,0.8745486858400762,0.9294090032577514,0.6
28,kazllm,issai/LLama-3.1-KazLLM-1.0-8B,B1_multi_candidate_random,5,5,1.0,True,0.8,0.43636363636363634,0.6,0.11247770488262177,0.6554269009070797,0.9371351480484009,0.6
28,kazllm,issai/LLama-3.1-KazLLM-1.0-8B,B2_quality_filtered_random,5,5,1.0,True,1.0,0.4,0.62,0.09390623867511749,0.7300246117726278,0.9390845417976379,1.0
28,kazllm,issai/LLama-3.1-KazLLM-1.0-8B,B3_full_kazdiv,5,5,1.0,True,1.0,0.39622641509433965,0.6041666666666666,0.12806212902069092,0.702665545578997,0.922238004207611,1.0
28,llama,NousResearch/Meta-Llama-3.1-8B-Instruct,B0_baseline,5,5,1.0,True,0.8,0.5909090909090909,0.7213114754098361,0.27673643827438354,0.547635080771929,0.8143762350082397,0.6
28,llama,NousResearch/Meta-Llama-3.1-8B-Instruct,B1_multi_candidate_random,5,5,1.0,True,1.0,0.576271186440678,0.7592592592592593,0.28863468766212463,0.4058133403020895,0.784984803199768,0.6
28,llama,NousResearch/Meta-Llama-3.1-8B-Instruct,B2_quality_filtered_random,5,5,1.0,True,1.0,0.578125,0.7966101694915254,0.20523707568645477,0.4305819157741239,0.8548362374305725,1.0
28,llama,NousResearch/Meta-Llama-3.1-8B-Instruct,B3_full_kazdiv,5,5,1.0,True,1.0,0.5272727272727272,0.74,0.21533271670341492,0.5495876758827659,0.8325640916824341,1.0
29,kazllm,issai/LLama-3.1-KazLLM-1.0-8B,B0_baseline,5,5,1.0,True,0.8,0.3559322033898305,0.42592592592592593,0.05248142033815384,0.8105964240037421,0.9707058310508728,0.6
29,kazllm,issai/LLama-3.1-KazLLM-1.0-8B,B1_multi_candidate_random,5,5,1.0,True,1.0,0.43548387096774194,0.5614035087719298,0.11759082227945328,0.7060749805322526,0.9186926126480103,1.0
29,kazllm,issai/LLama-3.1-KazLLM-1.0-8B,B2_quality_filtered_random,5,5,1.0,True,1.0,0.40625,0.4745762711864407,0.07528787851333618,0.7422461794731888,0.9501100778579712,1.0
29,kazllm,issai/LLama-3.1-KazLLM-1.0-8B,B3_full_kazdiv,5,5,1.0,True,1.0,0.38333333333333336,0.4727272727272727,0.10479363054037094,0.7667770394632678,0.931853985786438,1.0
29,llama,NousResearch/Meta-Llama-3.1-8B-Instruct,B0_baseline,5,5,1.0,True,1.0,0.3918918918918919,0.5507246376811594,0.2022809088230133,0.6892652548685654,0.8713761925697326,0.8
29,llama,NousResearch/Meta-Llama-3.1-8B-Instruct,B1_multi_candidate_random,4,4,1.0,False,1.0,0.7272727272727273,0.85,0.22300350666046143,0.3136515494021854,0.838162750005722,1.0
29,llama,NousResearch/Meta-Llama-3.1-8B-Instruct,B2_quality_filtered_random,4,4,1.0,False,1.0,0.6274509803921569,0.8085106382978723,0.1619921177625656,0.43762038873966697,0.8823292106389999,1.0
29,llama,NousResearch/Meta-Llama-3.1-8B-Instruct,B3_full_kazdiv,5,4,0.8,False,1.0,0.5681818181818182,0.725,0.18739409744739532,0.5521056323419196,0.8797210454940796,1.0
30,kazllm,issai/LLama-3.1-KazLLM-1.0-8B,B0_baseline,5,5,1.0,True,1.0,0.5517241379310345,0.7169811320754716,0.20845690369606018,0.4999228322220615,0.8513871431350708,1.0
30,kazllm,issai/LLama-3.1-KazLLM-1.0-8B,B1_multi_candidate_random,5,5,1.0,True,1.0,0.4897959183673469,0.6818181818181818,0.15730008482933044,0.614501248389186,0.8452236771583557,0.8
30,kazllm,issai/LLama-3.1-KazLLM-1.0-8B,B2_quality_filtered_random,5,5,1.0,True,1.0,0.5454545454545454,0.72,0.10560739040374756,0.48528499972347044,0.8748443603515625,1.0
30,kazllm,issai/LLama-3.1-KazLLM-1.0-8B,B3_full_kazdiv,5,5,1.0,True,1.0,0.47058823529411764,0.6086956521739131,0.12548446655273438,0.6351127886938236,0.8888777971267701,1.0
30,llama,NousResearch/Meta-Llama-3.1-8B-Instruct,B0_baseline,5,5,1.0,True,1.0,0.543859649122807,0.6730769230769231,0.2120315283536911,0.5919741626578812,0.8298986434936524,0.6
30,llama,NousResearch/Meta-Llama-3.1-8B-Instruct,B1_multi_candidate_random,5,5,1.0,True,1.0,0.726027397260274,0.8529411764705882,0.24917197227478027,0.2961933455599638,0.7590737342834473,0.4
30,llama,NousResearch/Meta-Llama-3.1-8B-Instruct,B2_quality_filtered_random,5,5,1.0,True,1.0,0.696969696969697,0.8688524590163934,0.20570635795593262,0.287151755389078,0.809239661693573,1.0
30,llama,NousResearch/Meta-Llama-3.1-8B-Instruct,B3_full_kazdiv,5,5,1.0,True,1.0,0.6379310344827587,0.8113207547169812,0.20404371619224548,0.3571867443054816,0.808683705329895,1.0
31,kazllm,issai/LLama-3.1-KazLLM-1.0-8B,B0_baseline,5,5,1.0,True,1.0,0.4583333333333333,0.6046511627906976,0.11752314865589142,0.6482261442667594,0.9322279453277588,0.8
31,kazllm,issai/LLama-3.1-KazLLM-1.0-8B,B1_multi_candidate_random,5,5,1.0,True,1.0,0.5185185185185185,0.6938775510204082,0.1803421676158905,0.540316389415185,0.889804208278656,1.0
31,kazllm,issai/LLama-3.1-KazLLM-1.0-8B,B2_quality_filtered_random,5,5,1.0,True,1.0,0.4482758620689655,0.5849056603773585,0.1472357213497162,0.6806647868186599,0.8945338726043701,1.0
31,kazllm,issai/LLama-3.1-KazLLM-1.0-8B,B3_full_kazdiv,5,5,1.0,True,1.0,0.3684210526315789,0.4807692307692308,0.11624866724014282,0.7765532072458463,0.8946537375450134,1.0
31,llama,NousResearch/Meta-Llama-3.1-8B-Instruct,B0_baseline,5,5,1.0,True,1.0,0.5084745762711864,0.6481481481481481,0.20765992999076843,0.6063810856512106,0.8713021397590637,0.8
31,llama,NousResearch/Meta-Llama-3.1-8B-Instruct,B1_multi_candidate_random,5,5,1.0,True,1.0,0.4782608695652174,0.609375,0.1131160706281662,0.4878655249947438,0.9206159830093383,0.8
31,llama,NousResearch/Meta-Llama-3.1-8B-Instruct,B2_quality_filtered_random,5,5,1.0,True,1.0,0.48214285714285715,0.6078431372549019,0.08822866529226303,0.6371037821704137,0.9136142134666443,1.0
31,llama,NousResearch/Meta-Llama-3.1-8B-Instruct,B3_full_kazdiv,5,5,1.0,True,1.0,0.56,0.6444444444444445,0.15267518162727356,0.5308835981967659,0.9122053623199463,1.0
32,kazllm,issai/LLama-3.1-KazLLM-1.0-8B,B0_baseline,5,5,1.0,True,0.6,0.42,0.4888888888888889,0.07154493033885956,0.7243675408687322,0.9617338061332703,0.4
32,kazllm,issai/LLama-3.1-KazLLM-1.0-8B,B1_multi_candidate_random,5,5,1.0,True,1.0,0.4423076923076923,0.6595744680851063,0.08725955337285995,0.6804912729538588,0.9491377592086792,1.0
32,kazllm,issai/LLama-3.1-KazLLM-1.0-8B,B2_quality_filtered_random,5,5,1.0,True,1.0,0.39215686274509803,0.5434782608695652,0.05972859263420105,0.7767845070453318,0.9631518483161926,1.0
32,kazllm,issai/LLama-3.1-KazLLM-1.0-8B,B3_full_kazdiv,5,5,1.0,True,1.0,0.3,0.4,0.03351079300045967,0.9068058680133493,0.9795961976051331,1.0
32,llama,NousResearch/Meta-Llama-3.1-8B-Instruct,B0_baseline,5,5,1.0,True,1.0,0.5087719298245614,0.6153846153846154,0.25238946080207825,0.5672799614429688,0.826681935787201,0.8
32,llama,NousResearch/Meta-Llama-3.1-8B-Instruct,B1_multi_candidate_random,5,5,1.0,True,1.0,0.5952380952380952,0.8378378378378378,0.1950336992740631,0.3651615923840688,0.8399688839912415,0.8
32,llama,NousResearch/Meta-Llama-3.1-8B-Instruct,B2_quality_filtered_random,5,5,1.0,True,1.0,0.525,0.6857142857142857,0.1744483858346939,0.5403121682729738,0.8508692622184754,1.0
32,llama,NousResearch/Meta-Llama-3.1-8B-Instruct,B3_full_kazdiv,5,5,1.0,True,1.0,0.55,0.7428571428571429,0.23389628529548645,0.5222579050939475,0.8265620112419129,1.0
33,kazllm,issai/LLama-3.1-KazLLM-1.0-8B,B0_baseline,5,5,1.0,True,0.8,0.43478260869565216,0.5365853658536586,0.11870455741882324,0.7343371803218337,0.9292882561683655,0.6
33,kazllm,issai/LLama-3.1-KazLLM-1.0-8B,B1_multi_candidate_random,5,5,1.0,True,1.0,0.44,0.5111111111111111,0.09837886691093445,0.7304594263235904,0.940808641910553,1.0
33,kazllm,issai/LLama-3.1-KazLLM-1.0-8B,B2_quality_filtered_random,5,5,1.0,True,1.0,0.5272727272727272,0.64,0.14594516158103943,0.5540416263380308,0.910845959186554,1.0
33,kazllm,issai/LLama-3.1-KazLLM-1.0-8B,B3_full_kazdiv,5,5,1.0,True,0.8,0.5,0.6170212765957447,0.12951909005641937,0.6930292713907362,0.9289236664772034,1.0
33,llama,NousResearch/Meta-Llama-3.1-8B-Instruct,B0_baseline,5,5,1.0,True,1.0,0.36764705882352944,0.4444444444444444,0.11885569989681244,0.6974913841424307,0.9257452845573425,0.8
33,llama,NousResearch/Meta-Llama-3.1-8B-Instruct,B1_multi_candidate_random,5,5,1.0,True,1.0,0.47540983606557374,0.5892857142857143,0.18504175543785095,0.5344792859585695,0.8745015263557434,1.0
33,llama,NousResearch/Meta-Llama-3.1-8B-Instruct,B2_quality_filtered_random,5,5,1.0,True,1.0,0.5,0.6888888888888889,0.17931707203388214,0.5368792148691334,0.8858439326286316,1.0
33,llama,NousResearch/Meta-Llama-3.1-8B-Instruct,B3_full_kazdiv,5,5,1.0,True,1.0,0.5272727272727272,0.6,0.19292882084846497,0.5541206178738042,0.8836471915245057,1.0
34,kazllm,issai/LLama-3.1-KazLLM-1.0-8B,B0_baseline,5,5,1.0,True,1.0,0.45098039215686275,0.6956521739130435,0.12970906496047974,0.5874121997939914,0.8800835132598877,1.0
34,kazllm,issai/LLama-3.1-KazLLM-1.0-8B,B1_multi_candidate_random,5,5,1.0,True,1.0,0.28,0.4888888888888889,0.06641627103090286,0.8352444679508597,0.9611552476882934,0.8
34,kazllm,issai/LLama-3.1-KazLLM-1.0-8B,B2_quality_filtered_random,5,5,1.0,True,1.0,0.4074074074074074,0.5918367346938775,0.1049555093050003,0.6873646820545151,0.8784432888031006,1.0
34,kazllm,issai/LLama-3.1-KazLLM-1.0-8B,B3_full_kazdiv,5,5,1.0,True,1.0,0.3333333333333333,0.5102040816326531,0.09644484519958496,0.8075778923291802,0.920625627040863,1.0
34,llama,NousResearch/Meta-Llama-3.1-8B-Instruct,B0_baseline,5,5,1.0,True,1.0,0.5942028985507246,0.703125,0.2892313599586487,0.5145941722445577,0.8357816934585571,0.8
34,llama,NousResearch/Meta-Llama-3.1-8B-Instruct,B1_multi_candidate_random,5,5,1.0,True,1.0,0.7962962962962963,0.9591836734693877,0.20744745433330536,0.1279643193069826,0.7929063200950622,0.8
34,llama,NousResearch/Meta-Llama-3.1-8B-Instruct,B2_quality_filtered_random,5,5,1.0,True,1.0,0.7368421052631579,0.9807692307692307,0.17693904042243958,0.12213602901963445,0.8256513357162476,1.0
34,llama,NousResearch/Meta-Llama-3.1-8B-Instruct,B3_full_kazdiv,5,5,1.0,True,1.0,0.7692307692307693,0.9361702127659575,0.17765235900878906,0.18425185546254683,0.8329624652862548,1.0
35,kazllm,issai/LLama-3.1-KazLLM-1.0-8B,B0_baseline,5,5,1.0,True,1.0,0.42857142857142855,0.6666666666666666,0.10302480310201645,0.6401767638699601,0.9437502980232239,0.8
35,kazllm,issai/LLama-3.1-KazLLM-1.0-8B,B1_multi_candidate_random,5,5,1.0,True,1.0,0.37037037037037035,0.46938775510204084,0.10740391910076141,0.75491291538149,0.935010027885437,0.8
35,kazllm,issai/LLama-3.1-KazLLM-1.0-8B,B2_quality_filtered_random,5,5,1.0,True,1.0,0.3220338983050847,0.4074074074074074,0.13968490064144135,0.7254369733782811,0.9138427615165711,1.0
35,kazllm,issai/LLama-3.1-KazLLM-1.0-8B,B3_full_kazdiv,5,5,1.0,True,1.0,0.32786885245901637,0.44642857142857145,0.13984745740890503,0.6832375143196137,0.9172500252723694,1.0
35,llama,NousResearch/Meta-Llama-3.1-8B-Instruct,B0_baseline,5,5,1.0,True,1.0,0.2235294117647059,0.275,0.1235782653093338,0.8604893919429705,0.924629557132721,0.6
35,llama,NousResearch/Meta-Llama-3.1-8B-Instruct,B1_multi_candidate_random,5,5,1.0,True,1.0,0.5,0.7272727272727273,0.21097347140312195,0.5598788381165593,0.8122254490852356,0.8
35,llama,NousResearch/Meta-Llama-3.1-8B-Instruct,B2_quality_filtered_random,5,5,1.0,True,1.0,0.5833333333333334,0.7674418604651163,0.253223717212677,0.40144274812236214,0.8065860986709594,1.0
35,llama,NousResearch/Meta-Llama-3.1-8B-Instruct,B3_full_kazdiv,5,5,1.0,True,1.0,0.5813953488372093,0.7631578947368421,0.2258957326412201,0.4114145136938049,0.8421948790550232,1.0
36,kazllm,issai/LLama-3.1-KazLLM-1.0-8B,B0_baseline,5,5,1.0,True,1.0,0.31746031746031744,0.5,0.04137697070837021,0.8135273955468924,0.9627450108528137,1.0
36,kazllm,issai/LLama-3.1-KazLLM-1.0-8B,B1_multi_candidate_random,5,5,1.0,True,1.0,0.3181818181818182,0.5409836065573771,0.052214186638593674,0.7607115537697656,0.9630903840065003,1.0
36,kazllm,issai/LLama-3.1-KazLLM-1.0-8B,B2_quality_filtered_random,5,5,1.0,True,1.0,0.38095238095238093,0.5689655172413793,0.057358406484127045,0.7079342549843456,0.9456122279167175,1.0
36,kazllm,issai/LLama-3.1-KazLLM-1.0-8B,B3_full_kazdiv,5,5,1.0,True,1.0,0.3125,0.4576271186440678,0.02955646440386772,0.7936478650829162,0.9802462458610535,1.0
36,llama,NousResearch/Meta-Llama-3.1-8B-Instruct,B0_baseline,5,5,1.0,True,1.0,0.5526315789473685,0.7605633802816901,0.20186741650104523,0.46851769982669217,0.8756075263023376,1.0
36,llama,NousResearch/Meta-Llama-3.1-8B-Instruct,B1_multi_candidate_random,5,5,1.0,True,1.0,0.5873015873015873,0.7413793103448276,0.26839908957481384,0.3708844876697352,0.7992288947105408,0.6
36,llama,NousResearch/Meta-Llama-3.1-8B-Instruct,B2_quality_filtered_random,5,5,1.0,True,1.0,0.5833333333333334,0.7454545454545455,0.17468012869358063,0.469655495255374,0.845142924785614,1.0
36,llama,NousResearch/Meta-Llama-3.1-8B-Instruct,B3_full_kazdiv,5,5,1.0,True,1.0,0.5806451612903226,0.6842105263157895,0.20566466450691223,0.39315196707397015,0.8429988980293274,1.0
37,kazllm,issai/LLama-3.1-KazLLM-1.0-8B,B0_baseline,5,5,1.0,True,0.8,0.32894736842105265,0.4507042253521127,0.032113850116729736,0.7905734125609172,0.9634901523590088,1.0
37,kazllm,issai/LLama-3.1-KazLLM-1.0-8B,B1_multi_candidate_random,5,5,1.0,True,1.0,0.35,0.4666666666666667,0.07289600372314453,0.8916683703720482,0.9269937396049499,1.0
37,kazllm,issai/LLama-3.1-KazLLM-1.0-8B,B2_quality_filtered_random,5,5,1.0,True,1.0,0.35,0.4666666666666667,0.08617501705884933,0.8995558690901572,0.914428174495697,1.0
37,kazllm,issai/LLama-3.1-KazLLM-1.0-8B,B3_full_kazdiv,5,5,1.0,True,1.0,0.35802469135802467,0.5,0.08081357926130295,0.848189539863837,0.9399778366088867,1.0
37,llama,NousResearch/Meta-Llama-3.1-8B-Instruct,B0_baseline,5,5,1.0,True,1.0,0.375,0.5066666666666667,0.1695214807987213,0.7087449871272916,0.8962050557136536,1.0
37,llama,NousResearch/Meta-Llama-3.1-8B-Instruct,B1_multi_candidate_random,5,5,1.0,True,1.0,0.6153846153846154,0.7808219178082192,0.2232879102230072,0.39314961414721744,0.8617903232574463,1.0
37,llama,NousResearch/Meta-Llama-3.1-8B-Instruct,B2_quality_filtered_random,5,5,1.0,True,1.0,0.6086956521739131,0.7701149425287356,0.22492694854736328,0.4079673206902118,0.8536553263664246,1.0
37,llama,NousResearch/Meta-Llama-3.1-8B-Instruct,B3_full_kazdiv,5,5,1.0,True,1.0,0.5853658536585366,0.7012987012987013,0.2179696261882782,0.4454562232937106,0.865222716331482,1.0
38,kazllm,issai/LLama-3.1-KazLLM-1.0-8B,B0_baseline,5,5,1.0,True,0.8,0.35555555555555557,0.5,0.10536868870258331,0.8031710636090995,0.9428935527801514,0.6
38,kazllm,issai/LLama-3.1-KazLLM-1.0-8B,B1_multi_candidate_random,5,5,1.0,True,1.0,0.425531914893617,0.5952380952380952,0.1368953287601471,0.691114753693766,0.9179633140563965,0.8
38,kazllm,issai/LLama-3.1-KazLLM-1.0-8B,B2_quality_filtered_random,5,5,1.0,True,1.0,0.4444444444444444,0.6,0.15659159421920776,0.6740028038106339,0.9093984723091125,1.0
38,kazllm,issai/LLama-3.1-KazLLM-1.0-8B,B3_full_kazdiv,5,5,1.0,True,1.0,0.46808510638297873,0.7142857142857143,0.16576820611953735,0.5340480553498641,0.8925175905227661,1.0
38,llama,NousResearch/Meta-Llama-3.1-8B-Instruct,B0_baseline,5,5,1.0,True,0.8,0.18867924528301888,0.27053140096618356,0.341857373714447,0.48276301105192065,0.7261730432510376,0.6
38,llama,NousResearch/Meta-Llama-3.1-8B-Instruct,B1_multi_candidate_random,5,5,1.0,True,1.0,0.7021276595744681,0.8333333333333334,0.222324401140213,0.3739944866018924,0.8469076752662659,1.0
38,llama,NousResearch/Meta-Llama-3.1-8B-Instruct,B2_quality_filtered_random,5,5,1.0,True,1.0,0.6382978723404256,0.8333333333333334,0.15844926238059998,0.3815547349995313,0.8927212476730346,1.0
38,llama,NousResearch/Meta-Llama-3.1-8B-Instruct,B3_full_kazdiv,5,5,1.0,True,1.0,0.5416666666666666,0.7441860465116279,0.1620068997144699,0.45605438083195454,0.8824414014816284,1.0
39,kazllm,issai/LLama-3.1-KazLLM-1.0-8B,B0_baseline,5,5,1.0,True,0.6,0.23636363636363636,0.28,0.0017072081100195646,0.9705605730844884,0.9987205862998962,0.4
39,kazllm,issai/LLama-3.1-KazLLM-1.0-8B,B1_multi_candidate_random,4,4,1.0,False,0.75,0.4318181818181818,0.525,0.08142799139022827,0.738458338481896,0.9553717523813248,1.0
39,kazllm,issai/LLama-3.1-KazLLM-1.0-8B,B2_quality_filtered_random,4,4,1.0,False,0.75,0.40476190476190477,0.47368421052631576,0.06838076561689377,0.7805681042943253,0.9630354344844818,1.0
39,kazllm,issai/LLama-3.1-KazLLM-1.0-8B,B3_full_kazdiv,5,4,0.8,False,0.75,0.3409090909090909,0.4,0.050256986171007156,0.9023975835216778,0.9717641174793243,1.0
39,llama,NousResearch/Meta-Llama-3.1-8B-Instruct,B0_baseline,5,5,1.0,True,1.0,0.37037037037037035,0.5102040816326531,0.07596872001886368,0.7105327625800373,0.9603735208511353,0.8
39,llama,NousResearch/Meta-Llama-3.1-8B-Instruct,B1_multi_candidate_random,5,5,1.0,True,1.0,0.5769230769230769,0.8085106382978723,0.17109034955501556,0.4596912505591481,0.8733447790145874,1.0
39,llama,NousResearch/Meta-Llama-3.1-8B-Instruct,B2_quality_filtered_random,5,5,1.0,True,1.0,0.6071428571428571,0.8235294117647058,0.16306345164775848,0.40579598172879316,0.8875259041786194,1.0
39,llama,NousResearch/Meta-Llama-3.1-8B-Instruct,B3_full_kazdiv,5,5,1.0,True,1.0,0.5254237288135594,0.7037037037037037,0.17235156893730164,0.5651367868054997,0.8962994813919067,1.0
40,kazllm,issai/LLama-3.1-KazLLM-1.0-8B,B0_baseline,5,5,1.0,True,1.0,0.5,0.6909090909090909,0.15157046914100647,0.5643285401787362,0.9012768626213074,1.0
40,kazllm,issai/LLama-3.1-KazLLM-1.0-8B,B1_multi_candidate_random,5,5,1.0,True,1.0,0.47368421052631576,0.6730769230769231,0.19753575325012207,0.6132374692418099,0.8656428217887878,1.0
40,kazllm,issai/LLama-3.1-KazLLM-1.0-8B,B2_quality_filtered_random,5,5,1.0,True,1.0,0.40350877192982454,0.5576923076923077,0.17393016815185547,0.7353707708054296,0.8810556292533874,1.0
40,kazllm,issai/LLama-3.1-KazLLM-1.0-8B,B3_full_kazdiv,5,5,1.0,True,1.0,0.38596491228070173,0.46153846153846156,0.14177611470222473,0.7923694195985984,0.8947361707687378,1.0
40,llama,NousResearch/Meta-Llama-3.1-8B-Instruct,B0_baseline,5,5,1.0,True,1.0,0.5521472392638037,0.7468354430379747,0.24310918152332306,0.6028212730423405,0.7695996403694153,0.8
40,llama,NousResearch/Meta-Llama-3.1-8B-Instruct,B1_multi_candidate_random,5,5,1.0,True,1.0,0.4852941176470588,0.6825396825396826,0.1879143863916397,0.45307022204918096,0.8188594579696655,0.8
40,llama,NousResearch/Meta-Llama-3.1-8B-Instruct,B2_quality_filtered_random,5,5,1.0,True,1.0,0.4507042253521127,0.6212121212121212,0.1836460381746292,0.4773208188390995,0.8611873269081116,1.0
40,llama,NousResearch/Meta-Llama-3.1-8B-Instruct,B3_full_kazdiv,5,5,1.0,True,1.0,0.41818181818181815,0.6,0.14549146592617035,0.6743305913271418,0.8327135920524598,1.0
41,kazllm,issai/LLama-3.1-KazLLM-1.0-8B,B0_baseline,5,5,1.0,True,1.0,0.375,0.5882352941176471,0.09685683995485306,0.6650473949004219,0.9372573971748352,1.0
41,kazllm,issai/LLama-3.1-KazLLM-1.0-8B,B1_multi_candidate_random,5,5,1.0,True,1.0,0.3620689655172414,0.5849056603773585,0.12011954933404922,0.7163299156414796,0.9202166676521302,1.0
41,kazllm,issai/LLama-3.1-KazLLM-1.0-8B,B2_quality_filtered_random,5,5,1.0,True,1.0,0.3898305084745763,0.6666666666666666,0.14554738998413086,0.6035768807574771,0.9170875549316406,1.0
41,kazllm,issai/LLama-3.1-KazLLM-1.0-8B,B3_full_kazdiv,5,5,1.0,True,1.0,0.3728813559322034,0.5370370370370371,0.12323474884033203,0.778648246198052,0.9332386136054993,1.0
41,llama,NousResearch/Meta-Llama-3.1-8B-Instruct,B0_baseline,5,5,1.0,True,0.8,0.5471698113207547,0.7708333333333334,0.23069949448108673,0.5734009343668849,0.8244164466857911,0.6
41,llama,NousResearch/Meta-Llama-3.1-8B-Instruct,B1_multi_candidate_random,5,5,1.0,True,1.0,0.5818181818181818,0.82,0.22351010143756866,0.43490301508781337,0.8491649270057678,1.0
41,llama,NousResearch/Meta-Llama-3.1-8B-Instruct,B2_quality_filtered_random,5,5,1.0,True,1.0,0.5862068965517241,0.8301886792452831,0.1970895528793335,0.4246196763908799,0.8767327904701233,1.0
41,llama,NousResearch/Meta-Llama-3.1-8B-Instruct,B3_full_kazdiv,5,5,1.0,True,1.0,0.55,0.7818181818181819,0.19542615115642548,0.45422759689462017,0.8696199059486389,1.0
42,kazllm,issai/LLama-3.1-KazLLM-1.0-8B,B0_baseline,5,5,1.0,True,0.4,0.2222222222222222,0.225,0.00014481545076705515,0.9763834207376394,0.9993533611297607,0.2
42,kazllm,issai/LLama-3.1-KazLLM-1.0-8B,B1_multi_candidate_random,5,5,1.0,True,1.0,0.3673469387755102,0.4772727272727273,0.06881757080554962,0.7567347566622432,0.964292335510254,1.0
42,kazllm,issai/LLama-3.1-KazLLM-1.0-8B,B2_quality_filtered_random,5,5,1.0,True,1.0,0.3673469387755102,0.4772727272727273,0.06881757080554962,0.7567347566622432,0.964292335510254,1.0
42,kazllm,issai/LLama-3.1-KazLLM-1.0-8B,B3_full_kazdiv,5,5,1.0,True,1.0,0.3673469387755102,0.4772727272727273,0.06881757080554962,0.7567347566622432,0.964292335510254,1.0
42,llama,NousResearch/Meta-Llama-3.1-8B-Instruct,B0_baseline,5,5,1.0,True,1.0,0.48484848484848486,0.6557377049180327,0.1991419494152069,0.599618395319853,0.8102956056594849,1.0
42,llama,NousResearch/Meta-Llama-3.1-8B-Instruct,B1_multi_candidate_random,5,5,1.0,True,1.0,0.5306122448979592,0.6590909090909091,0.14587213099002838,0.5664742088392296,0.8920443534851075,1.0
42,llama,NousResearch/Meta-Llama-3.1-8B-Instruct,B2_quality_filtered_random,5,5,1.0,True,1.0,0.5333333333333333,0.675,0.1129971519112587,0.5281353411822937,0.8897383093833924,1.0
42,llama,NousResearch/Meta-Llama-3.1-8B-Instruct,B3_full_kazdiv,5,5,1.0,True,1.0,0.4878048780487805,0.6666666666666666,0.12701578438282013,0.5239063404033131,0.9291171550750732,1.0
43,kazllm,issai/LLama-3.1-KazLLM-1.0-8B,B0_baseline,5,5,1.0,True,0.8,0.2807017543859649,0.38461538461538464,0.009215581230819225,0.9163352919811931,0.9946326375007629,0.6
43,kazllm,issai/LLama-3.1-KazLLM-1.0-8B,B1_multi_candidate_random,5,5,1.0,True,1.0,0.4262295081967213,0.5535714285714286,0.06779308617115021,0.67154270468988,0.9594311475753784,1.0
43,kazllm,issai/LLama-3.1-KazLLM-1.0-8B,B2_quality_filtered_random,5,5,1.0,True,1.0,0.3559322033898305,0.48148148148148145,0.05006594583392143,0.7760526379677783,0.9727109909057617,1.0
43,kazllm,issai/LLama-3.1-KazLLM-1.0-8B,B3_full_kazdiv,5,5,1.0,True,1.0,0.423728813559322,0.5370370370370371,0.1020674929022789,0.7156246605460884,0.9465567469596863,1.0
43,llama,NousResearch/Meta-Llama-3.1-8B-Instruct,B0_baseline,5,5,1.0,True,1.0,0.55,0.7466666666666667,0.2914418578147888,0.36695054653437353,0.7819340348243713,0.6
43,llama,NousResearch/Meta-Llama-3.1-8B-Instruct,B1_multi_candidate_random,5,5,1.0,True,1.0,0.5,0.7843137254901961,0.19147071242332458,0.5106804017702964,0.8605542421340943,1.0
43,llama,NousResearch/Meta-Llama-3.1-8B-Instruct,B2_quality_filtered_random,5,5,1.0,True,1.0,0.6451612903225806,0.8421052631578947,0.2373216152191162,0.35501254260807846,0.8341913104057312,1.0
43,llama,NousResearch/Meta-Llama-3.1-8B-Instruct,B3_full_kazdiv,5,5,1.0,True,1.0,0.6363636363636364,0.82,0.17461763322353363,0.40141335567942826,0.8766584992408752,1.0
44,kazllm,issai/LLama-3.1-KazLLM-1.0-8B,B0_baseline,5,5,1.0,True,0.4,0.22,0.24444444444444444,0.02392406389117241,0.9673320053068151,0.988293194770813,0.2
44,kazllm,issai/LLama-3.1-KazLLM-1.0-8B,B1_multi_candidate_random,5,5,1.0,True,0.8,0.375,0.4883720930232558,0.16907086968421936,0.7966091783079297,0.8748682975769043,1.0
44,kazllm,issai/LLama-3.1-KazLLM-1.0-8B,B2_quality_filtered_random,5,5,1.0,True,1.0,0.3469387755102041,0.4772727272727273,0.13723887503147125,0.7813234765850658,0.8613751888275146,1.0
44,kazllm,issai/LLama-3.1-KazLLM-1.0-8B,B3_full_kazdiv,5,5,1.0,True,1.0,0.36,0.5555555555555556,0.15651433169841766,0.7696584882810175,0.8921877264976501,1.0
44,llama,NousResearch/Meta-Llama-3.1-8B-Instruct,B0_baseline,5,5,1.0,True,1.0,0.34328358208955223,0.5,0.17839857935905457,0.7344734390049334,0.8520106434822082,1.0
44,llama,NousResearch/Meta-Llama-3.1-8B-Instruct,B1_multi_candidate_random,5,5,1.0,True,1.0,0.5531914893617021,0.6904761904761905,0.24977736175060272,0.5042241646133107,0.7892444372177124,0.6
44,llama,NousResearch/Meta-Llama-3.1-8B-Instruct,B2_quality_filtered_random,5,5,1.0,True,1.0,0.4666666666666667,0.6545454545454545,0.1859254539012909,0.5533395742516134,0.8566403388977051,1.0
44,llama,NousResearch/Meta-Llama-3.1-8B-Instruct,B3_full_kazdiv,5,5,1.0,True,1.0,0.4727272727272727,0.72,0.1974988728761673,0.5393476829429391,0.8777772665023804,1.0
45,kazllm,issai/LLama-3.1-KazLLM-1.0-8B,B0_baseline,5,5,1.0,True,0.8,0.30666666666666664,0.4142857142857143,0.08496834337711334,0.8159028747841719,0.9448086142539978,0.8
45,kazllm,issai/LLama-3.1-KazLLM-1.0-8B,B1_multi_candidate_random,5,5,1.0,True,1.0,0.32142857142857145,0.47058823529411764,0.0672985315322876,0.8056156659380422,0.960610318183899,1.0
45,kazllm,issai/LLama-3.1-KazLLM-1.0-8B,B2_quality_filtered_random,5,5,1.0,True,1.0,0.26785714285714285,0.37254901960784315,0.04007077217102051,0.8954703407471012,0.9758015275001526,1.0
45,kazllm,issai/LLama-3.1-KazLLM-1.0-8B,B3_full_kazdiv,5,5,1.0,True,1.0,0.2786885245901639,0.39285714285714285,0.08372562378644943,0.7983862882382302,0.9563197016716003,1.0
45,llama,NousResearch/Meta-Llama-3.1-8B-Instruct,B0_baseline,5,5,1.0,True,1.0,0.17647058823529413,0.272,0.20489192008972168,0.5608439299770449,0.8517484903335572,0.8
45,llama,NousResearch/Meta-Llama-3.1-8B-Instruct,B1_multi_candidate_random,5,5,1.0,True,1.0,0.5416666666666666,0.7906976744186046,0.21235795319080353,0.466704404246549,0.8398660182952881,1.0
45,llama,NousResearch/Meta-Llama-3.1-8B-Instruct,B2_quality_filtered_random,5,5,1.0,True,1.0,0.47619047619047616,0.7297297297297297,0.17518050968647003,0.5608266651491166,0.8605578780174256,1.0
45,llama,NousResearch/Meta-Llama-3.1-8B-Instruct,B3_full_kazdiv,5,5,1.0,True,1.0,0.5333333333333333,0.75,0.18664854764938354,0.4866990083596486,0.8661405444145203,1.0
46,kazllm,issai/LLama-3.1-KazLLM-1.0-8B,B0_baseline,5,5,1.0,True,0.4,0.24615384615384617,0.2833333333333333,0.032179784029722214,0.9270977818604486,0.9828848600387573,0.2
46,kazllm,issai/LLama-3.1-KazLLM-1.0-8B,B1_multi_candidate_random,5,5,1.0,True,0.8,0.25806451612903225,0.3157894736842105,0.11562901735305786,0.880951353211161,0.8504840135574341,1.0
46,kazllm,issai/LLama-3.1-KazLLM-1.0-8B,B2_quality_filtered_random,5,5,1.0,True,0.6,0.2727272727272727,0.36065573770491804,0.06922288239002228,0.8748606354811752,0.8388494849205017,1.0
46,kazllm,issai/LLama-3.1-KazLLM-1.0-8B,B3_full_kazdiv,5,5,1.0,True,0.6,0.24615384615384617,0.3,0.09740257263183594,0.9327877090748176,0.8587076663970947,1.0
46,llama,NousResearch/Meta-Llama-3.1-8B-Instruct,B0_baseline,5,5,1.0,True,1.0,0.32,0.4,0.12023856490850449,0.8200835335896274,0.9347174286842346,0.8
46,llama,NousResearch/Meta-Llama-3.1-8B-Instruct,B1_multi_candidate_random,5,5,1.0,True,1.0,0.7285714285714285,0.8615384615384616,0.25366243720054626,0.31582245443051127,0.8345245480537414,0.8
46,llama,NousResearch/Meta-Llama-3.1-8B-Instruct,B2_quality_filtered_random,5,5,1.0,True,1.0,0.5483870967741935,0.7017543859649122,0.15767700970172882,0.5415878369583027,0.9059975862503051,1.0
46,llama,NousResearch/Meta-Llama-3.1-8B-Instruct,B3_full_kazdiv,5,5,1.0,True,1.0,0.6666666666666666,0.78125,0.2596604824066162,0.46962125392260756,0.8465209245681763,1.0
47,kazllm,issai/LLama-3.1-KazLLM-1.0-8B,B0_baseline,5,5,1.0,True,0.8,0.3392857142857143,0.47058823529411764,0.0699109435081482,0.852431741393359,0.9613078594207763,0.6
47,kazllm,issai/LLama-3.1-KazLLM-1.0-8B,B1_multi_candidate_random,5,5,1.0,True,0.8,0.39622641509433965,0.5208333333333334,0.12146449089050293,0.7013544790935423,0.8924760103225708,1.0
47,kazllm,issai/LLama-3.1-KazLLM-1.0-8B,B2_quality_filtered_random,5,5,1.0,True,0.8,0.32142857142857145,0.45098039215686275,0.0981111079454422,0.8412283517071432,0.9321208953857422,1.0
47,kazllm,issai/LLama-3.1-KazLLM-1.0-8B,B3_full_kazdiv,5,5,1.0,True,1.0,0.40384615384615385,0.6170212765957447,0.14643311500549316,0.6305051799551047,0.9005566239356995,1.0
47,llama,NousResearch/Meta-Llama-3.1-8B-Instruct,B0_baseline,5,5,1.0,True,1.0,0.28865979381443296,0.391304347826087,0.13475605845451355,0.7159831697684672,0.9237668991088868,0.4
47,llama,NousResearch/Meta-Llama-3.1-8B-Instruct,B1_multi_candidate_random,5,5,1.0,True,1.0,0.6181818181818182,0.86,0.1814630627632141,0.3510521559030734,0.8955072879791259,1.0
47,llama,NousResearch/Meta-Llama-3.1-8B-Instruct,B2_quality_filtered_random,5,5,1.0,True,1.0,0.625,0.813953488372093,0.21756775677204132,0.41124982525644027,0.8490194797515869,1.0
47,llama,NousResearch/Meta-Llama-3.1-8B-Instruct,B3_full_kazdiv,5,5,1.0,True,1.0,0.5925925925925926,0.7959183673469388,0.2001522332429886,0.43978212005756456,0.8727147817611695,1.0
48,kazllm,issai/LLama-3.1-KazLLM-1.0-8B,B0_baseline,5,5,1.0,True,1.0,0.3469387755102041,0.4318181818181818,0.08387544751167297,0.8596559544542913,0.9477389454841614,0.8
48,kazllm,issai/LLama-3.1-KazLLM-1.0-8B,B1_multi_candidate_random,5,5,1.0,True,1.0,0.40384615384615385,0.5957446808510638,0.11622109264135361,0.6577540374992683,0.9334062933921814,0.8
48,kazllm,issai/LLama-3.1-KazLLM-1.0-8B,B2_quality_filtered_random,5,5,1.0,True,1.0,0.39285714285714285,0.5686274509803921,0.153176948428154,0.6539264361775149,0.9026690125465393,1.0
48,kazllm,issai/LLama-3.1-KazLLM-1.0-8B,B3_full_kazdiv,5,5,1.0,True,1.0,0.36,0.5555555555555556,0.17912940680980682,0.7051251298120451,0.8813342928886414,1.0
48,llama,NousResearch/Meta-Llama-3.1-8B-Instruct,B0_baseline,5,5,1.0,True,1.0,0.4714285714285714,0.5692307692307692,0.1815027892589569,0.6912100208515058,0.9020240545272827,0.6
48,llama,NousResearch/Meta-Llama-3.1-8B-Instruct,B1_multi_candidate_random,5,5,1.0,True,1.0,0.5238095238095238,0.7567567567567568,0.235957533121109,0.5248484485379699,0.8409037709236145,0.8
48,llama,NousResearch/Meta-Llama-3.1-8B-Instruct,B2_quality_filtered_random,5,5,1.0,True,1.0,0.41304347826086957,0.6097560975609756,0.19841021299362183,0.6790688970476131,0.8689790964126587,1.0
48,llama,NousResearch/Meta-Llama-3.1-8B-Instruct,B3_full_kazdiv,5,5,1.0,True,1.0,0.6122448979591837,0.7727272727272727,0.231662780046463,0.45340468351086194,0.8410772442817688,1.0
49,kazllm,issai/LLama-3.1-KazLLM-1.0-8B,B0_baseline,5,5,1.0,True,1.0,0.40425531914893614,0.5952380952380952,0.11219976097345352,0.718154185821013,0.9161492347717285,1.0
49,kazllm,issai/LLama-3.1-KazLLM-1.0-8B,B1_multi_candidate_random,5,5,1.0,True,1.0,0.4,0.6222222222222222,0.09832844883203506,0.7063452094759268,0.8795621752738952,1.0
49,kazllm,issai/LLama-3.1-KazLLM-1.0-8B,B2_quality_filtered_random,5,5,1.0,True,1.0,0.42857142857142855,0.6363636363636364,0.09394143521785736,0.6467404101281335,0.899250841140747,1.0
49,kazllm,issai/LLama-3.1-KazLLM-1.0-8B,B3_full_kazdiv,5,5,1.0,True,1.0,0.46,0.6888888888888889,0.10807318985462189,0.6127705169292341,0.9042200326919556,1.0
49,llama,NousResearch/Meta-Llama-3.1-8B-Instruct,B0_baseline,5,5,1.0,True,1.0,0.3958333333333333,0.5813953488372093,0.08188751339912415,0.6535869069392322,0.9546219944953919,1.0
49,llama,NousResearch/Meta-Llama-3.1-8B-Instruct,B1_multi_candidate_random,5,5,1.0,True,1.0,0.44680851063829785,0.6190476190476191,0.11801128089427948,0.6303842799669488,0.932808768749237,0.8
49,llama,NousResearch/Meta-Llama-3.1-8B-Instruct,B2_quality_filtered_random,5,5,1.0,True,1.0,0.48,0.6666666666666666,0.14720852673053741,0.5959496395436158,0.9155644297599792,1.0
49,llama,NousResearch/Meta-Llama-3.1-8B-Instruct,B3_full_kazdiv,5,5,1.0,True,1.0,0.47058823529411764,0.6086956521739131,0.14231349527835846,0.6787162819379668,0.9236013293266296,1.0
50,kazllm,issai/LLama-3.1-KazLLM-1.0-8B,B0_baseline,5,5,1.0,True,1.0,0.28888888888888886,0.375,0.06654387712478638,0.8515467633619146,0.9596354007720947,0.8
50,kazllm,issai/LLama-3.1-KazLLM-1.0-8B,B1_multi_candidate_random,5,5,1.0,True,1.0,0.4375,0.6744186046511628,0.13459424674510956,0.5707490069431049,0.9149774670600891,1.0
50,kazllm,issai/LLama-3.1-KazLLM-1.0-8B,B2_quality_filtered_random,5,5,1.0,True,1.0,0.4166666666666667,0.6511627906976745,0.12014293670654297,0.6088097564453117,0.9141262412071228,1.0
50,kazllm,issai/LLama-3.1-KazLLM-1.0-8B,B3_full_kazdiv,5,5,1.0,True,0.8,0.3829787234042553,0.5714285714285714,0.1294286996126175,0.7041558752396769,0.9166662573814393,1.0
50,llama,NousResearch/Meta-Llama-3.1-8B-Instruct,B0_baseline,5,5,1.0,True,1.0,0.6041666666666666,0.7906976744186046,0.17578832805156708,0.45929174029365044,0.8981405258178711,1.0
50,llama,NousResearch/Meta-Llama-3.1-8B-Instruct,B1_multi_candidate_random,5,5,1.0,True,1.0,0.7169811320754716,0.875,0.2626773416996002,0.26924672341666445,0.8282090187072754,1.0
50,llama,NousResearch/Meta-Llama-3.1-8B-Instruct,B2_quality_filtered_random,5,5,1.0,True,1.0,0.5454545454545454,0.76,0.22929143905639648,0.36547066107114734,0.8451018929481506,1.0
50,llama,NousResearch/Meta-Llama-3.1-8B-Instruct,B3_full_kazdiv,5,5,1.0,True,1.0,0.6382978723404256,0.8333333333333334,0.2862425744533539,0.34779767815234575,0.8062486052513123,1.0
51,kazllm,issai/LLama-3.1-KazLLM-1.0-8B,B0_baseline,5,5,1.0,True,0.4,0.21666666666666667,0.21818181818181817,0.009578848257660866,0.9825741858350554,0.9947462320327759,0.2
51,kazllm,issai/LLama-3.1-KazLLM-1.0-8B,B1_multi_candidate_random,5,5,1.0,True,1.0,0.2542372881355932,0.2962962962962963,0.05981551483273506,0.9477224493065639,0.956633698940277,1.0
51,kazllm,issai/LLama-3.1-KazLLM-1.0-8B,B2_quality_filtered_random,5,5,1.0,True,1.0,0.23728813559322035,0.2777777777777778,0.05890899896621704,0.9897366596101028,0.9603004813194275,1.0
51,kazllm,issai/LLama-3.1-KazLLM-1.0-8B,B3_full_kazdiv,5,5,1.0,True,0.6,0.22950819672131148,0.26785714285714285,0.049607615917921066,0.9706434663567609,0.9680147051811219,1.0
51,llama,NousResearch/Meta-Llama-3.1-8B-Instruct,B0_baseline,5,5,1.0,True,1.0,0.28205128205128205,0.3972602739726027,0.15307871997356415,0.6405210516264255,0.9148672699928284,0.6
51,llama,NousResearch/Meta-Llama-3.1-8B-Instruct,B1_multi_candidate_random,5,5,1.0,True,1.0,0.5,0.6666666666666666,0.1841042935848236,0.5329068071621235,0.8666451811790467,1.0
51,llama,NousResearch/Meta-Llama-3.1-8B-Instruct,B2_quality_filtered_random,5,5,1.0,True,1.0,0.5,0.6976744186046512,0.2327447384595871,0.5539721178978712,0.8198777198791504,1.0
51,llama,NousResearch/Meta-Llama-3.1-8B-Instruct,B3_full_kazdiv,5,5,1.0,True,1.0,0.5178571428571429,0.7450980392156863,0.21403685212135315,0.5372722603165357,0.8415814638137817,1.0
52,kazllm,issai/LLama-3.1-KazLLM-1.0-8B,B0_baseline,5,5,1.0,True,0.6,0.2972972972972973,0.375,0.029671598225831985,0.866655843041616,0.9859673261642456,0.4
52,kazllm,issai/LLama-3.1-KazLLM-1.0-8B,B1_multi_candidate_random,5,5,1.0,True,0.8,0.4473684210526316,0.6060606060606061,0.18461593985557556,0.6878928164254334,0.8943493604660034,0.8
52,kazllm,issai/LLama-3.1-KazLLM-1.0-8B,B2_quality_filtered_random,5,5,1.0,True,0.8,0.43243243243243246,0.625,0.11430449783802032,0.6545520895786913,0.9426911830902099,1.0
52,kazllm,issai/LLama-3.1-KazLLM-1.0-8B,B3_full_kazdiv,5,5,1.0,True,0.8,0.39473684210526316,0.5151515151515151,0.10539142787456512,0.7459827160225718,0.946420431137085,1.0
52,llama,NousResearch/Meta-Llama-3.1-8B-Instruct,B0_baseline,5,5,1.0,True,1.0,0.6410256410256411,0.8823529411764706,0.2096233069896698,0.35737229257480907,0.8439491510391235,0.8
52,llama,NousResearch/Meta-Llama-3.1-8B-Instruct,B1_multi_candidate_random,5,5,1.0,True,1.0,0.7777777777777778,0.9354838709677419,0.23956796526908875,0.21505532106447323,0.8359302401542663,0.8
52,llama,NousResearch/Meta-Llama-3.1-8B-Instruct,B2_quality_filtered_random,5,5,1.0,True,1.0,0.6585365853658537,0.9166666666666666,0.2572628855705261,0.22102020574515707,0.8492165207862854,1.0
52,llama,NousResearch/Meta-Llama-3.1-8B-Instruct,B3_full_kazdiv,5,5,1.0,True,1.0,0.7441860465116279,0.9473684210526315,0.17404046654701233,0.17046034097182144,0.8698678851127625,1.0
53,kazllm,issai/LLama-3.1-KazLLM-1.0-8B,B0_baseline,5,5,1.0,True,1.0,0.29545454545454547,0.41025641025641024,0.04263860732316971,0.8420879351871751,0.9755891919136047,0.8
53,kazllm,issai/LLama-3.1-KazLLM-1.0-8B,B1_multi_candidate_random,5,5,1.0,True,1.0,0.55,0.7428571428571429,0.10920439660549164,0.491253242264173,0.9147877931594849,1.0
53,kazllm,issai/LLama-3.1-KazLLM-1.0-8B,B2_quality_filtered_random,5,5,1.0,True,1.0,0.5238095238095238,0.7027027027027027,0.10379715263843536,0.5529321698670987,0.9179949760437012,1.0
53,kazllm,issai/LLama-3.1-KazLLM-1.0-8B,B3_full_kazdiv,5,5,1.0,True,1.0,0.5,0.7027027027027027,0.10062482208013535,0.5788904413964437,0.9308361172676086,1.0
53,llama,NousResearch/Meta-Llama-3.1-8B-Instruct,B0_baseline,5,5,1.0,True,1.0,0.43478260869565216,0.5609756097560976,0.09058097004890442,0.69948310830487,0.9482672452926636,0.8
53,llama,NousResearch/Meta-Llama-3.1-8B-Instruct,B1_multi_candidate_random,5,5,1.0,True,1.0,0.5333333333333333,0.725,0.164669468998909,0.6108959687297236,0.8942947506904602,1.0
53,llama,NousResearch/Meta-Llama-3.1-8B-Instruct,B2_quality_filtered_random,5,5,1.0,True,1.0,0.4782608695652174,0.6829268292682927,0.07079698890447617,0.5619418666809082,0.9478674054145813,1.0
53,llama,NousResearch/Meta-Llama-3.1-8B-Instruct,B3_full_kazdiv,5,5,1.0,True,1.0,0.5625,0.813953488372093,0.15589328110218048,0.41280441469146734,0.9037367701530457,1.0
54,kazllm,issai/LLama-3.1-KazLLM-1.0-8B,B0_baseline,5,5,1.0,True,0.8,0.38461538461538464,0.5106382978723404,0.0892152190208435,0.8143645764494793,0.9244467139244079,1.0
54,kazllm,issai/LLama-3.1-KazLLM-1.0-8B,B1_multi_candidate_random,5,5,1.0,True,0.8,0.3888888888888889,0.4897959183673469,0.132669597864151,0.7597565896363603,0.8751597285270691,1.0
54,kazllm,issai/LLama-3.1-KazLLM-1.0-8B,B2_quality_filtered_random,5,5,1.0,True,1.0,0.42105263157894735,0.5384615384615384,0.13172046840190887,0.7155472548765485,0.9063030481338501,1.0
54,kazllm,issai/LLama-3.1-KazLLM-1.0-8B,B3_full_kazdiv,5,5,1.0,True,0.8,0.3333333333333333,0.43478260869565216,0.1342114359140396,0.8080004428745621,0.8756956934928894,1.0
54,llama,NousResearch/Meta-Llama-3.1-8B-Instruct,B0_baseline,5,5,1.0,True,1.0,0.4307692307692308,0.6166666666666667,0.14795410633087158,0.7133338614843892,0.8877630352973938,0.6
54,llama,NousResearch/Meta-Llama-3.1-8B-Instruct,B1_multi_candidate_random,5,5,1.0,True,1.0,0.5555555555555556,0.7551020408163265,0.22628161311149597,0.5487322572669948,0.8447630763053894,0.8
54,llama,NousResearch/Meta-Llama-3.1-8B-Instruct,B2_quality_filtered_random,5,5,1.0,True,1.0,0.5714285714285714,0.803921568627451,0.15150174498558044,0.4682391125365687,0.89781174659729,1.0
54,llama,NousResearch/Meta-Llama-3.1-8B-Instruct,B3_full_kazdiv,5,5,1.0,True,1.0,0.543859649122807,0.7307692307692307,0.1476622074842453,0.5710920244950518,0.8877833485603333,1.0
55,kazllm,issai/LLama-3.1-KazLLM-1.0-8B,B0_baseline,5,5,1.0,True,0.8,0.3,0.35555555555555557,0.02011287771165371,0.8709393563992631,0.9890758156776428,0.8
55,kazllm,issai/LLama-3.1-KazLLM-1.0-8B,B1_multi_candidate_random,5,5,1.0,True,1.0,0.3958333333333333,0.5581395348837209,0.04342271760106087,0.7890938872750987,0.9731129765510559,1.0
55,kazllm,issai/LLama-3.1-KazLLM-1.0-8B,B2_quality_filtered_random,5,5,1.0,True,1.0,0.40816326530612246,0.6363636363636364,0.049453068524599075,0.6966551665017421,0.9689185857772827,1.0
55,kazllm,issai/LLama-3.1-KazLLM-1.0-8B,B3_full_kazdiv,5,5,1.0,True,1.0,0.375,0.5116279069767442,0.03320073336362839,0.8574896049460993,0.9798677206039429,1.0
55,llama,NousResearch/Meta-Llama-3.1-8B-Instruct,B0_baseline,5,5,1.0,True,1.0,0.5949367088607594,0.7702702702702703,0.246450275182724,0.5046518057804963,0.7449699759483337,0.6
55,llama,NousResearch/Meta-Llama-3.1-8B-Instruct,B1_multi_candidate_random,5,5,1.0,True,1.0,0.5217391304347826,0.75,0.11605222523212433,0.5685705933231819,0.9345448970794678,1.0
55,llama,NousResearch/Meta-Llama-3.1-8B-Instruct,B2_quality_filtered_random,5,5,1.0,True,1.0,0.5333333333333333,0.7818181818181819,0.10542809963226318,0.4828443791020204,0.9401954531669616,1.0
55,llama,NousResearch/Meta-Llama-3.1-8B-Instruct,B3_full_kazdiv,5,5,1.0,True,1.0,0.48333333333333334,0.6545454545454545,0.12354733794927597,0.5937411977607634,0.9361270666122437,1.0
56,kazllm,issai/LLama-3.1-KazLLM-1.0-8B,B0_baseline,5,5,1.0,True,0.4,0.28,0.3111111111111111,0.10242538154125214,0.9032795558988644,0.9480833888053894,0.0
56,kazllm,issai/LLama-3.1-KazLLM-1.0-8B,B1_multi_candidate_random,5,5,1.0,True,1.0,0.35185185185185186,0.5714285714285714,0.09147851169109344,0.8024565588879187,0.9019044041633606,1.0
56,kazllm,issai/LLama-3.1-KazLLM-1.0-8B,B2_quality_filtered_random,5,5,1.0,True,1.0,0.4,0.7,0.1326315850019455,0.6493775774046783,0.8879064917564392,1.0
56,kazllm,issai/LLama-3.1-KazLLM-1.0-8B,B3_full_kazdiv,5,5,1.0,True,1.0,0.35185185185185186,0.5306122448979592,0.05761992186307907,0.7795602077627984,0.9242069005966187,1.0
56,llama,NousResearch/Meta-Llama-3.1-8B-Instruct,B0_baseline,5,5,1.0,True,1.0,0.5645161290322581,0.7368421052631579,0.23257312178611755,0.5475965240969205,0.8322662234306335,0.6
56,llama,NousResearch/Meta-Llama-3.1-8B-Instruct,B1_multi_candidate_random,5,5,1.0,True,1.0,0.5689655172413793,0.7924528301886793,0.2780165672302246,0.414566635306156,0.7970065951347352,0.6
56,llama,NousResearch/Meta-Llama-3.1-8B-Instruct,B2_quality_filtered_random,5,5,1.0,True,1.0,0.6,0.8,0.26282167434692383,0.414906519997052,0.7850078225135804,1.0
56,llama,NousResearch/Meta-Llama-3.1-8B-Instruct,B3_full_kazdiv,5,5,1.0,True,1.0,0.603448275862069,0.8113207547169812,0.23812024295330048,0.40764033668632116,0.8226688385009766,1.0
57,kazllm,issai/LLama-3.1-KazLLM-1.0-8B,B0_baseline,5,5,1.0,True,1.0,0.3,0.4,0.021906191483139992,0.900306581933695,0.9781670928001404,0.8
57,kazllm,issai/LLama-3.1-KazLLM-1.0-8B,B1_multi_candidate_random,5,5,1.0,True,1.0,0.42592592592592593,0.673469387755102,0.07347910106182098,0.6273149975094483,0.9509334564208984,1.0
57,kazllm,issai/LLama-3.1-KazLLM-1.0-8B,B2_quality_filtered_random,5,5,1.0,True,1.0,0.4339622641509434,0.6458333333333334,0.06105651333928108,0.6516992483416895,0.9442739367485047,1.0
57,kazllm,issai/LLama-3.1-KazLLM-1.0-8B,B3_full_kazdiv,5,5,1.0,True,1.0,0.46153846153846156,0.723404255319149,0.10449763387441635,0.5997433372507397,0.9397974729537963,1.0
57,llama,NousResearch/Meta-Llama-3.1-8B-Instruct,B0_baseline,5,5,1.0,True,1.0,0.4909090909090909,0.7,0.1755765974521637,0.5432022669692149,0.9062130451202393,1.0
57,llama,NousResearch/Meta-Llama-3.1-8B-Instruct,B1_multi_candidate_random,5,5,1.0,True,1.0,0.7272727272727273,0.92,0.22653818130493164,0.23161724686432614,0.8511954426765442,0.8
57,llama,NousResearch/Meta-Llama-3.1-8B-Instruct,B2_quality_filtered_random,5,5,1.0,True,1.0,0.6065573770491803,0.8214285714285714,0.11903758347034454,0.373478971006433,0.9086435198783874,1.0
57,llama,NousResearch/Meta-Llama-3.1-8B-Instruct,B3_full_kazdiv,5,5,1.0,True,1.0,0.6304347826086957,0.8780487804878049,0.2141488492488861,0.3032929993143002,0.851601529121399,1.0
58,kazllm,issai/LLama-3.1-KazLLM-1.0-8B,B0_baseline,5,5,1.0,True,1.0,0.3584905660377358,0.5416666666666666,0.08863703906536102,0.757151711909092,0.9446250677108765,0.8
58,kazllm,issai/LLama-3.1-KazLLM-1.0-8B,B1_multi_candidate_random,5,5,1.0,True,0.8,0.26785714285714285,0.37254901960784315,0.0396222248673439,0.8855662583914816,0.9752116084098816,0.8
58,kazllm,issai/LLama-3.1-KazLLM-1.0-8B,B2_quality_filtered_random,5,5,1.0,True,1.0,0.30357142857142855,0.47058823529411764,0.04167383164167404,0.8230576350006057,0.957914662361145,1.0
58,kazllm,issai/LLama-3.1-KazLLM-1.0-8B,B3_full_kazdiv,5,5,1.0,True,0.6,0.25,0.3137254901960784,0.03858448192477226,0.9456438162508839,0.9655462622642517,1.0
58,llama,NousResearch/Meta-Llama-3.1-8B-Instruct,B0_baseline,5,5,1.0,True,1.0,0.3,0.3684210526315789,0.1925996094942093,0.7185238229691326,0.8427111864089966,0.8
58,llama,NousResearch/Meta-Llama-3.1-8B-Instruct,B1_multi_candidate_random,5,5,1.0,True,1.0,0.5964912280701754,0.8269230769230769,0.11809587478637695,0.42625478437992576,0.9302482008934021,1.0
58,llama,NousResearch/Meta-Llama-3.1-8B-Instruct,B2_quality_filtered_random,5,5,1.0,True,1.0,0.68,0.8888888888888888,0.21760913729667664,0.3009190568327117,0.8605327010154724,1.0
58,llama,NousResearch/Meta-Llama-3.1-8B-Instruct,B3_full_kazdiv,5,5,1.0,True,1.0,0.6,0.86,0.138703390955925,0.40294752721789723,0.9155711770057678,1.0
59,kazllm,issai/LLama-3.1-KazLLM-1.0-8B,B0_baseline,5,5,1.0,True,0.6,0.25,0.3076923076923077,0.01687089167535305,0.9028500118356467,0.9904213309288025,0.4
59,kazllm,issai/LLama-3.1-KazLLM-1.0-8B,B1_multi_candidate_random,5,5,1.0,True,1.0,0.391304347826087,0.5609756097560976,0.08842533081769943,0.7589420596517027,0.951221513748169,1.0
59,kazllm,issai/LLama-3.1-KazLLM-1.0-8B,B2_quality_filtered_random,5,5,1.0,True,1.0,0.5,0.6585365853658537,0.16684365272521973,0.6658440759226141,0.8918164134025574,1.0
59,kazllm,issai/LLama-3.1-KazLLM-1.0-8B,B3_full_kazdiv,5,5,1.0,True,1.0,0.5,0.6585365853658537,0.16684365272521973,0.6658440759226141,0.8918164134025574,1.0
59,llama,NousResearch/Meta-Llama-3.1-8B-Instruct,B0_baseline,5,5,1.0,True,1.0,0.38235294117647056,0.5238095238095238,0.14876073598861694,0.6669105318811265,0.9081918716430664,0.8
59,llama,NousResearch/Meta-Llama-3.1-8B-Instruct,B1_multi_candidate_random,5,5,1.0,True,1.0,0.48936170212765956,0.7142857142857143,0.20165526866912842,0.5289541593679464,0.862338125705719,0.8
59,llama,NousResearch/Meta-Llama-3.1-8B-Instruct,B2_quality_filtered_random,5,5,1.0,True,1.0,0.4791666666666667,0.7441860465116279,0.13765673339366913,0.5088393817036858,0.9074149847030639,1.0
59,llama,NousResearch/Meta-Llama-3.1-8B-Instruct,B3_full_kazdiv,5,5,1.0,True,1.0,0.5111111111111111,0.825,0.2021893709897995,0.376052770501565,0.8692091703414917,1.0
60,kazllm,issai/LLama-3.1-KazLLM-1.0-8B,B0_baseline,5,5,1.0,True,0.8,0.32075471698113206,0.4375,0.04754924029111862,0.821269876471254,0.9764225959777832,0.6
60,kazllm,issai/LLama-3.1-KazLLM-1.0-8B,B1_multi_candidate_random,5,5,1.0,True,1.0,0.4339622641509434,0.6041666666666666,0.09413064271211624,0.6982985309561702,0.9444743156433105,1.0
60,kazllm,issai/LLama-3.1-KazLLM-1.0-8B,B2_quality_filtered_random,5,5,1.0,True,0.8,0.34615384615384615,0.48936170212765956,0.04126815125346184,0.8440237163668958,0.9738028168678283,1.0
60,kazllm,issai/LLama-3.1-KazLLM-1.0-8B,B3_full_kazdiv,5,5,1.0,True,0.8,0.32075471698113206,0.4375,0.043773673474788666,0.8775436230290319,0.9730759024620056,1.0
60,llama,NousResearch/Meta-Llama-3.1-8B-Instruct,B0_baseline,5,5,1.0,True,1.0,0.5462962962962963,0.6990291262135923,0.21703720092773438,0.5326018813791673,0.8558586239814758,0.4
60,llama,NousResearch/Meta-Llama-3.1-8B-Instruct,B1_multi_candidate_random,5,5,1.0,True,1.0,0.5737704918032787,0.7857142857142857,0.3027234673500061,0.3730368062354394,0.7646064996719361,0.6
60,llama,NousResearch/Meta-Llama-3.1-8B-Instruct,B2_quality_filtered_random,5,5,1.0,True,1.0,0.647887323943662,0.803030303030303,0.2615267038345337,0.3654676324574781,0.8385180234909058,1.0
60,llama,NousResearch/Meta-Llama-3.1-8B-Instruct,B3_full_kazdiv,5,5,1.0,True,1.0,0.6507936507936508,0.8103448275862069,0.2688472867012024,0.307769794189111,0.812868332862854,1.0
61,kazllm,issai/LLama-3.1-KazLLM-1.0-8B,B0_baseline,5,5,1.0,True,0.2,0.2,0.2,0.00015211105346679688,1.0,1.0,0.0
61,kazllm,issai/LLama-3.1-KazLLM-1.0-8B,B1_multi_candidate_random,5,5,1.0,True,1.0,0.41379310344827586,0.5849056603773585,0.10168963670730591,0.6741677329212243,0.9379387974739075,1.0
61,kazllm,issai/LLama-3.1-KazLLM-1.0-8B,B2_quality_filtered_random,5,5,1.0,True,1.0,0.39285714285714285,0.5686274509803921,0.04502110555768013,0.7424655325600577,0.97174973487854,1.0
61,kazllm,issai/LLama-3.1-KazLLM-1.0-8B,B3_full_kazdiv,5,5,1.0,True,1.0,0.39344262295081966,0.5535714285714286,0.09327082335948944,0.7061442596365624,0.928376579284668,1.0
61,llama,NousResearch/Meta-Llama-3.1-8B-Instruct,B0_baseline,5,5,1.0,True,1.0,0.5285714285714286,0.7384615384615385,0.1995237022638321,0.46680505037139214,0.7949668526649475,0.6
61,llama,NousResearch/Meta-Llama-3.1-8B-Instruct,B1_multi_candidate_random,5,5,1.0,True,1.0,0.5555555555555556,0.7586206896551724,0.19926667213439941,0.43891226065356637,0.7950432419776916,0.6
61,llama,NousResearch/Meta-Llama-3.1-8B-Instruct,B2_quality_filtered_random,5,5,1.0,True,1.0,0.5178571428571429,0.7843137254901961,0.2015286237001419,0.40282167248668177,0.8224828124046326,1.0
61,llama,NousResearch/Meta-Llama-3.1-8B-Instruct,B3_full_kazdiv,5,5,1.0,True,1.0,0.5172413793103449,0.6981132075471698,0.17050771415233612,0.5112354547690942,0.8192421078681946,1.0
62,kazllm,issai/LLama-3.1-KazLLM-1.0-8B,B0_baseline,5,5,1.0,True,1.0,0.32142857142857145,0.47058823529411764,0.07604149729013443,0.8491433816998949,0.937377643585205,0.8
62,kazllm,issai/LLama-3.1-KazLLM-1.0-8B,B1_multi_candidate_random,5,5,1.0,True,1.0,0.288135593220339,0.5,0.09862162917852402,0.7706060737764007,0.9055326223373413,1.0
62,kazllm,issai/LLama-3.1-KazLLM-1.0-8B,B2_quality_filtered_random,5,5,1.0,True,1.0,0.3793103448275862,0.5849056603773585,0.11567546427249908,0.687020487240136,0.8872543573379517,1.0
62,kazllm,issai/LLama-3.1-KazLLM-1.0-8B,B3_full_kazdiv,5,5,1.0,True,1.0,0.32786885245901637,0.5714285714285714,0.11493184417486191,0.7035914015102394,0.8914468169212342,1.0
62,llama,NousResearch/Meta-Llama-3.1-8B-Instruct,B0_baseline,5,5,1.0,True,1.0,0.4931506849315068,0.7352941176470589,0.2106829583644867,0.5677887235719911,0.7521494030952454,0.6
62,llama,NousResearch/Meta-Llama-3.1-8B-Instruct,B1_multi_candidate_random,5,5,1.0,True,1.0,0.3191489361702128,0.5714285714285714,0.16691705584526062,0.7562853005795014,0.8329939723014832,1.0
62,llama,NousResearch/Meta-Llama-3.1-8B-Instruct,B2_quality_filtered_random,5,5,1.0,True,1.0,0.46511627906976744,0.6578947368421053,0.22314199805259705,0.6192893055177378,0.8265655755996704,1.0
62,llama,NousResearch/Meta-Llama-3.1-8B-Instruct,B3_full_kazdiv,5,5,1.0,True,1.0,0.4897959183673469,0.7727272727272727,0.1988631933927536,0.4515674682331614,0.8425299763679505,1.0
63,kazllm,issai/LLama-3.1-KazLLM-1.0-8B,B0_baseline,5,5,1.0,True,1.0,0.423728813559322,0.5740740740740741,0.16962996125221252,0.6875014976164635,0.8921103477478027,0.8
63,kazllm,issai/LLama-3.1-KazLLM-1.0-8B,B1_multi_candidate_random,5,5,1.0,True,1.0,0.39705882352941174,0.5555555555555556,0.1511627584695816,0.7189836814714158,0.8908490777015686,1.0
63,kazllm,issai/LLama-3.1-KazLLM-1.0-8B,B2_quality_filtered_random,5,5,1.0,True,1.0,0.484375,0.6949152542372882,0.18769793212413788,0.5760454166299377,0.8736681699752807,1.0
63,kazllm,issai/LLama-3.1-KazLLM-1.0-8B,B3_full_kazdiv,5,5,1.0,True,1.0,0.53125,0.711864406779661,0.14591392874717712,0.5147821554873987,0.8934088826179505,1.0
63,llama,NousResearch/Meta-Llama-3.1-8B-Instruct,B0_baseline,5,5,1.0,True,1.0,0.3258426966292135,0.42857142857142855,0.15548336505889893,0.693617175350435,0.888582444190979,0.8
63,llama,NousResearch/Meta-Llama-3.1-8B-Instruct,B1_multi_candidate_random,5,5,1.0,True,1.0,0.45454545454545453,0.6229508196721312,0.19365663826465607,0.5928730102551509,0.8700721979141235,1.0
63,llama,NousResearch/Meta-Llama-3.1-8B-Instruct,B2_quality_filtered_random,5,5,1.0,True,1.0,0.3698630136986301,0.5588235294117647,0.18605570495128632,0.6255882167392154,0.8560631275177002,1.0
63,llama,NousResearch/Meta-Llama-3.1-8B-Instruct,B3_full_kazdiv,5,5,1.0,True,1.0,0.45161290322580644,0.631578947368421,0.18379895389080048,0.574186004876286,0.8745994448661805,1.0
64,kazllm,issai/LLama-3.1-KazLLM-1.0-8B,B0_baseline,5,5,1.0,True,0.6,0.32608695652173914,0.36585365853658536,0.031159842386841774,0.8560320790640592,0.985340929031372,0.4
64,kazllm,issai/LLama-3.1-KazLLM-1.0-8B,B1_multi_candidate_random,5,5,1.0,True,0.8,0.37209302325581395,0.5263157894736842,0.10337710380554199,0.7504219961209199,0.8983800292015076,1.0
64,kazllm,issai/LLama-3.1-KazLLM-1.0-8B,B2_quality_filtered_random,5,5,1.0,True,1.0,0.37777777777777777,0.525,0.09774181991815567,0.7514693808188196,0.8947097659111023,1.0
64,kazllm,issai/LLama-3.1-KazLLM-1.0-8B,B3_full_kazdiv,5,5,1.0,True,1.0,0.4,0.6,0.1267971694469452,0.6674143815337061,0.899056875705719,1.0
64,llama,NousResearch/Meta-Llama-3.1-8B-Instruct,B0_baseline,5,5,1.0,True,1.0,0.15048543689320387,0.23880597014925373,0.29244324564933777,0.5075471918573684,0.8053749680519104,0.6
64,llama,NousResearch/Meta-Llama-3.1-8B-Instruct,B1_multi_candidate_random,5,5,1.0,True,1.0,0.5116279069767442,0.7105263157894737,0.16040070354938507,0.5217948028298874,0.8803582906723022,1.0
64,llama,NousResearch/Meta-Llama-3.1-8B-Instruct,B2_quality_filtered_random,5,5,1.0,True,1.0,0.574468085106383,0.8333333333333334,0.16565600037574768,0.42190750834602353,0.8948860406875611,1.0
64,llama,NousResearch/Meta-Llama-3.1-8B-Instruct,B3_full_kazdiv,5,5,1.0,True,1.0,0.6326530612244898,0.8409090909090909,0.22214145958423615,0.3505907366649743,0.8352834701538085,1.0
65,kazllm,issai/LLama-3.1-KazLLM-1.0-8B,B0_baseline,5,5,1.0,True,1.0,0.4807692307692308,0.6808510638297872,0.09599162638187408,0.6222248530927026,0.9286828756332397,1.0
65,kazllm,issai/LLama-3.1-KazLLM-1.0-8B,B1_multi_candidate_random,5,5,1.0,True,1.0,0.45098039215686275,0.6521739130434783,0.16391706466674805,0.6131308612376057,0.8740881204605102,1.0
65,kazllm,issai/LLama-3.1-KazLLM-1.0-8B,B2_quality_filtered_random,5,5,1.0,True,1.0,0.5370370370370371,0.7142857142857143,0.1569790542125702,0.5627392371805501,0.8991785049438477,1.0
65,kazllm,issai/LLama-3.1-KazLLM-1.0-8B,B3_full_kazdiv,5,5,1.0,True,1.0,0.5185185185185185,0.6938775510204082,0.1545204371213913,0.5843252376955135,0.9049512624740601,1.0
65,llama,NousResearch/Meta-Llama-3.1-8B-Instruct,B0_baseline,5,5,1.0,True,1.0,0.34210526315789475,0.5492957746478874,0.11866700649261475,0.618359972897865,0.9247243523597717,0.8
65,llama,NousResearch/Meta-Llama-3.1-8B-Instruct,B1_multi_candidate_random,5,5,1.0,True,1.0,0.6964285714285714,0.8823529411764706,0.2349896878004074,0.28759933706527996,0.8442639470100403,1.0
65,llama,NousResearch/Meta-Llama-3.1-8B-Instruct,B2_quality_filtered_random,5,5,1.0,True,1.0,0.6363636363636364,0.86,0.19795480370521545,0.4004107542142048,0.8514609336853027,1.0
65,llama,NousResearch/Meta-Llama-3.1-8B-Instruct,B3_full_kazdiv,5,5,1.0,True,1.0,0.6,0.8666666666666667,0.1852087676525116,0.36353865994336326,0.8708566069602967,1.0
66,kazllm,issai/LLama-3.1-KazLLM-1.0-8B,B0_baseline,5,5,1.0,True,1.0,0.5,0.6140350877192983,0.1656154841184616,0.4928392590883604,0.8991514086723328,0.6
66,kazllm,issai/LLama-3.1-KazLLM-1.0-8B,B1_multi_candidate_random,5,5,1.0,True,0.8,0.43478260869565216,0.5853658536585366,0.11481647193431854,0.6682467249269377,0.9389195799827575,0.6
66,kazllm,issai/LLama-3.1-KazLLM-1.0-8B,B2_quality_filtered_random,5,5,1.0,True,1.0,0.4166666666666667,0.6046511627906976,0.14021757245063782,0.7076942647589616,0.8992592573165894,1.0
66,kazllm,issai/LLama-3.1-KazLLM-1.0-8B,B3_full_kazdiv,5,5,1.0,True,1.0,0.41304347826086957,0.5365853658536586,0.08698058128356934,0.7177566345932932,0.9424853205680848,1.0
66,llama,NousResearch/Meta-Llama-3.1-8B-Instruct,B0_baseline,5,5,1.0,True,1.0,0.47297297297297297,0.6666666666666666,0.2231031358242035,0.43863576158293915,0.8395832061767579,0.6
66,llama,NousResearch/Meta-Llama-3.1-8B-Instruct,B1_multi_candidate_random,5,5,1.0,True,1.0,0.6268656716417911,0.8064516129032258,0.2759963870048523,0.25849655835521157,0.8027456760406494,0.8
66,llama,NousResearch/Meta-Llama-3.1-8B-Instruct,B2_quality_filtered_random,5,5,1.0,True,1.0,0.7142857142857143,0.9019607843137255,0.22015807032585144,0.2514460997842395,0.851917827129364,1.0
66,llama,NousResearch/Meta-Llama-3.1-8B-Instruct,B3_full_kazdiv,5,5,1.0,True,1.0,0.6666666666666666,0.7959183673469388,0.19748345017433167,0.3780660913894399,0.8849168658256531,1.0
67,kazllm,issai/LLama-3.1-KazLLM-1.0-8B,B0_baseline,5,5,1.0,True,0.8,0.2903225806451613,0.45614035087719296,0.06389778852462769,0.8202243902822351,0.9688252806663513,0.6
67,kazllm,issai/LLama-3.1-KazLLM-1.0-8B,B1_multi_candidate_random,5,5,1.0,True,1.0,0.3442622950819672,0.5714285714285714,0.09604403376579285,0.7097767030716865,0.9348081231117249,1.0
67,kazllm,issai/LLama-3.1-KazLLM-1.0-8B,B2_quality_filtered_random,5,5,1.0,True,1.0,0.3142857142857143,0.5076923076923077,0.08290860056877136,0.7548374137841432,0.938608181476593,1.0
67,kazllm,issai/LLama-3.1-KazLLM-1.0-8B,B3_full_kazdiv,5,5,1.0,True,0.8,0.3333333333333333,0.4,0.0994468629360199,0.8200230391856614,0.9498332023620606,1.0
67,llama,NousResearch/Meta-Llama-3.1-8B-Instruct,B0_baseline,5,5,1.0,True,1.0,0.36619718309859156,0.4696969696969697,0.15155550837516785,0.7566990383615855,0.9046997427940369,1.0
67,llama,NousResearch/Meta-Llama-3.1-8B-Instruct,B1_multi_candidate_random,5,5,1.0,True,1.0,0.5079365079365079,0.6896551724137931,0.20278295874595642,0.6003343244316465,0.8661581873893738,1.0
67,llama,NousResearch/Meta-Llama-3.1-8B-Instruct,B2_quality_filtered_random,5,5,1.0,True,1.0,0.46551724137931033,0.6037735849056604,0.16776500642299652,0.6418118651731526,0.8921358108520507,1.0
67,llama,NousResearch/Meta-Llama-3.1-8B-Instruct,B3_full_kazdiv,5,5,1.0,True,1.0,0.4696969696969697,0.6557377049180327,0.17301803827285767,0.6110054926896991,0.8737884998321533,1.0
68,kazllm,issai/LLama-3.1-KazLLM-1.0-8B,B0_baseline,5,5,1.0,True,1.0,0.47619047619047616,0.7027027027027027,0.0847289189696312,0.6008362131950149,0.945793092250824,1.0
68,kazllm,issai/LLama-3.1-KazLLM-1.0-8B,B1_multi_candidate_random,5,5,1.0,True,1.0,0.4782608695652174,0.6341463414634146,0.12006251513957977,0.6707977150763065,0.8513656616210937,1.0
68,kazllm,issai/LLama-3.1-KazLLM-1.0-8B,B2_quality_filtered_random,5,5,1.0,True,1.0,0.5555555555555556,0.775,0.1361752450466156,0.49077496522202557,0.8382970452308655,1.0
68,kazllm,issai/LLama-3.1-KazLLM-1.0-8B,B3_full_kazdiv,5,5,1.0,True,1.0,0.5227272727272727,0.7435897435897436,0.10799167305231094,0.5926115982320865,0.8833698749542236,1.0
68,llama,NousResearch/Meta-Llama-3.1-8B-Instruct,B0_baseline,5,5,1.0,True,0.8,0.6296296296296297,0.7755102040816326,0.2173723429441452,0.5751257247876821,0.8409908533096313,0.6
68,llama,NousResearch/Meta-Llama-3.1-8B-Instruct,B1_multi_candidate_random,5,5,1.0,True,1.0,0.7924528301886793,0.9583333333333334,0.32658761739730835,0.14453804673528456,0.7411635994911194,0.4
68,llama,NousResearch/Meta-Llama-3.1-8B-Instruct,B2_quality_filtered_random,5,5,1.0,True,1.0,0.7291666666666666,0.9302325581395349,0.2622887194156647,0.22017092566315677,0.8163873553276062,1.0
68,llama,NousResearch/Meta-Llama-3.1-8B-Instruct,B3_full_kazdiv,5,5,1.0,True,1.0,0.717391304347826,0.975609756097561,0.24803192913532257,0.14894597218407932,0.786379361152649,1.0
69,kazllm,issai/LLama-3.1-KazLLM-1.0-8B,B0_baseline,5,5,1.0,True,0.8,0.28,0.35555555555555557,0.03469981625676155,0.9019531622912721,0.97862628698349,0.8
69,kazllm,issai/LLama-3.1-KazLLM-1.0-8B,B1_multi_candidate_random,5,5,1.0,True,0.8,0.3181818181818182,0.48717948717948717,0.1021978110074997,0.8394384563853208,0.9357213973999023,1.0
69,kazllm,issai/LLama-3.1-KazLLM-1.0-8B,B2_quality_filtered_random,5,5,1.0,True,1.0,0.34782608695652173,0.6097560975609756,0.13247844576835632,0.7218781307827024,0.9232983827590943,1.0
69,kazllm,issai/LLama-3.1-KazLLM-1.0-8B,B3_full_kazdiv,5,5,1.0,True,1.0,0.2826086956521739,0.4146341463414634,0.11004893481731415,0.8634985909113304,0.8978691339492798,1.0
69,llama,NousResearch/Meta-Llama-3.1-8B-Instruct,B0_baseline,5,5,1.0,True,1.0,0.3103448275862069,0.4339622641509434,0.12234474718570709,0.7766863914209837,0.8824394106864929,1.0
69,llama,NousResearch/Meta-Llama-3.1-8B-Instruct,B1_multi_candidate_random,5,5,1.0,True,1.0,0.4375,0.6976744186046512,0.17910629510879517,0.5296820638634243,0.8588498950004577,1.0
69,llama,NousResearch/Meta-Llama-3.1-8B-Instruct,B2_quality_filtered_random,5,5,1.0,True,1.0,0.3958333333333333,0.6511627906976745,0.16043789684772491,0.6398819076730032,0.8716748237609864,1.0
69,llama,NousResearch/Meta-Llama-3.1-8B-Instruct,B3_full_kazdiv,5,5,1.0,True,1.0,0.35714285714285715,0.6756756756756757,0.13750220835208893,0.6253926581520141,0.8973139643669128,1.0
70,kazllm,issai/LLama-3.1-KazLLM-1.0-8B,B0_baseline,5,5,1.0,True,0.8,0.2826086956521739,0.36585365853658536,0.054399680346250534,0.8938582124011913,0.9136903524398804,0.8
70,kazllm,issai/LLama-3.1-KazLLM-1.0-8B,B1_multi_candidate_random,5,5,1.0,True,0.8,0.32,0.4,0.07667292654514313,0.8958980250119044,0.9387012958526612,0.6
70,kazllm,issai/LLama-3.1-KazLLM-1.0-8B,B2_quality_filtered_random,5,5,1.0,True,1.0,0.45098039215686275,0.6304347826086957,0.08615617454051971,0.6828055402160162,0.9476785898208618,1.0
70,kazllm,issai/LLama-3.1-KazLLM-1.0-8B,B3_full_kazdiv,5,5,1.0,True,1.0,0.45098039215686275,0.6739130434782609,0.10517363250255585,0.6489864522810295,0.9326845884323121,1.0
70,llama,NousResearch/Meta-Llama-3.1-8B-Instruct,B0_baseline,5,5,1.0,True,1.0,0.31868131868131866,0.4883720930232558,0.1242586225271225,0.6073846407776913,0.9005882859230041,0.6
70,llama,NousResearch/Meta-Llama-3.1-8B-Instruct,B1_multi_candidate_random,5,5,1.0,True,1.0,0.5869565217391305,0.7560975609756098,0.15107420086860657,0.48460877689378296,0.8966639876365662,1.0
70,llama,NousResearch/Meta-Llama-3.1-8B-Instruct,B2_quality_filtered_random,5,5,1.0,True,1.0,0.6458333333333334,0.7674418604651163,0.12518098950386047,0.44065549420313993,0.9114346027374267,1.0
70,llama,NousResearch/Meta-Llama-3.1-8B-Instruct,B3_full_kazdiv,5,5,1.0,True,1.0,0.6511627906976745,0.7894736842105263,0.20298564434051514,0.4210909835261104,0.8738824963569641,1.0
71,kazllm,issai/LLama-3.1-KazLLM-1.0-8B,B0_baseline,5,5,1.0,True,0.8,0.3620689655172414,0.4528301886792453,0.05734945461153984,0.7871338634889781,0.9605414628982544,1.0
71,kazllm,issai/LLama-3.1-KazLLM-1.0-8B,B1_multi_candidate_random,5,5,1.0,True,0.6,0.3,0.38181818181818183,0.014211380854249,0.8529774842786344,0.9670522570610046,1.0
71,kazllm,issai/LLama-3.1-KazLLM-1.0-8B,B2_quality_filtered_random,5,5,1.0,True,0.6,0.3,0.38181818181818183,0.014211380854249,0.8529774842786344,0.9670522570610046,1.0
71,kazllm,issai/LLama-3.1-KazLLM-1.0-8B,B3_full_kazdiv,5,5,1.0,True,0.8,0.2786885245901639,0.35714285714285715,0.07206299155950546,0.8615427710362062,0.9332467079162597,1.0
71,llama,NousResearch/Meta-Llama-3.1-8B-Instruct,B0_baseline,5,5,1.0,True,1.0,0.4931506849315068,0.6470588235294118,0.24257159233093262,0.6286354991381986,0.7801146745681763,0.8
71,llama,NousResearch/Meta-Llama-3.1-8B-Instruct,B1_multi_candidate_random,5,5,1.0,True,1.0,0.5434782608695652,0.7317073170731707,0.17241181433200836,0.4935654749388486,0.811368215084076,1.0
71,llama,NousResearch/Meta-Llama-3.1-8B-Instruct,B2_quality_filtered_random,5,5,1.0,True,1.0,0.5581395348837209,0.8157894736842105,0.23686976730823517,0.45328721532986516,0.8156782507896423,1.0
71,llama,NousResearch/Meta-Llama-3.1-8B-Instruct,B3_full_kazdiv,5,5,1.0,True,1.0,0.45652173913043476,0.7317073170731707,0.1479959487915039,0.594226733867377,0.8257565975189209,1.0
72,kazllm,issai/LLama-3.1-KazLLM-1.0-8B,B0_baseline,5,5,1.0,True,0.4,0.3150684931506849,0.35294117647058826,0.11257865279912949,0.8915475416434127,0.9092541933059692,0.8
72,kazllm,issai/LLama-3.1-KazLLM-1.0-8B,B1_multi_candidate_random,4,4,1.0,False,0.75,0.3333333333333333,0.40425531914893614,0.1066771149635315,0.8780586912021588,0.9303945451974869,0.75
72,kazllm,issai/LLama-3.1-KazLLM-1.0-8B,B2_quality_filtered_random,4,4,1.0,False,0.75,0.3469387755102041,0.4,0.06719229370355606,0.8658728446444113,0.9243417084217072,1.0
72,kazllm,issai/LLama-3.1-KazLLM-1.0-8B,B3_full_kazdiv,5,4,0.8,False,0.75,0.32653061224489793,0.4,0.08180070668458939,0.8768799401596277,0.9382897317409515,1.0
72,llama,NousResearch/Meta-Llama-3.1-8B-Instruct,B0_baseline,5,5,1.0,True,0.8,0.3055555555555556,0.373134328358209,0.08823873102664948,0.8494978609662731,0.912001657485962,1.0
72,llama,NousResearch/Meta-Llama-3.1-8B-Instruct,B1_multi_candidate_random,5,5,1.0,True,1.0,0.4262295081967213,0.6071428571428571,0.12682153284549713,0.6955179767953166,0.8923502206802368,1.0
72,llama,NousResearch/Meta-Llama-3.1-8B-Instruct,B2_quality_filtered_random,5,5,1.0,True,1.0,0.49206349206349204,0.7241379310344828,0.17597199976444244,0.5441901941481787,0.8703402638435364,1.0
72,llama,NousResearch/Meta-Llama-3.1-8B-Instruct,B3_full_kazdiv,5,5,1.0,True,1.0,0.4262295081967213,0.5357142857142857,0.13390056788921356,0.7246912142264816,0.9112209558486939,1.0
73,kazllm,issai/LLama-3.1-KazLLM-1.0-8B,B0_baseline,5,5,1.0,True,0.8,0.32786885245901637,0.44642857142857145,0.0571715421974659,0.8102170691447957,0.9675545215606689,1.0
73,kazllm,issai/LLama-3.1-KazLLM-1.0-8B,B1_multi_candidate_random,5,5,1.0,True,1.0,0.3050847457627119,0.4444444444444444,0.07630465924739838,0.8203517522569698,0.9547593593597412,1.0
73,kazllm,issai/LLama-3.1-KazLLM-1.0-8B,B2_quality_filtered_random,5,5,1.0,True,1.0,0.2711864406779661,0.42592592592592593,0.07606787979602814,0.8635768479296548,0.947333562374115,1.0
73,kazllm,issai/LLama-3.1-KazLLM-1.0-8B,B3_full_kazdiv,5,5,1.0,True,0.8,0.2711864406779661,0.37037037037037035,0.053471893072128296,0.882075916355013,0.9700007915496827,1.0
73,llama,NousResearch/Meta-Llama-3.1-8B-Instruct,B0_baseline,5,5,1.0,True,1.0,0.543046357615894,0.7808219178082192,0.24252858757972717,0.5488286681552008,0.8560546636581421,0.8
73,llama,NousResearch/Meta-Llama-3.1-8B-Instruct,B1_multi_candidate_random,5,5,1.0,True,1.0,0.45614035087719296,0.6346153846153846,0.15370292961597443,0.6497607681371529,0.9098729372024537,1.0
73,llama,NousResearch/Meta-Llama-3.1-8B-Instruct,B2_quality_filtered_random,5,5,1.0,True,1.0,0.47619047619047616,0.6551724137931034,0.10854778438806534,0.6143240786975728,0.9337731838226319,1.0
73,llama,NousResearch/Meta-Llama-3.1-8B-Instruct,B3_full_kazdiv,5,5,1.0,True,1.0,0.5285714285714286,0.7384615384615385,0.13756947219371796,0.5000063146712297,0.9214317321777343,1.0
74,kazllm,issai/LLama-3.1-KazLLM-1.0-8B,B0_baseline,5,5,1.0,True,0.8,0.3620689655172414,0.4716981132075472,0.07784298062324524,0.8711434046212527,0.9448604702949523,0.6
74,kazllm,issai/LLama-3.1-KazLLM-1.0-8B,B1_multi_candidate_random,5,5,1.0,True,1.0,0.39285714285714285,0.5490196078431373,0.08450748026371002,0.7488419995175581,0.9359042406082153,1.0
74,kazllm,issai/LLama-3.1-KazLLM-1.0-8B,B2_quality_filtered_random,5,5,1.0,True,1.0,0.3684210526315789,0.5384615384615384,0.08873370289802551,0.7488708668397349,0.9434564471244812,1.0
74,kazllm,issai/LLama-3.1-KazLLM-1.0-8B,B3_full_kazdiv,5,5,1.0,True,1.0,0.4,0.6,0.07292734831571579,0.6771204630479539,0.9580475926399231,1.0
74,llama,NousResearch/Meta-Llama-3.1-8B-Instruct,B0_baseline,5,5,1.0,True,1.0,0.45454545454545453,0.6476190476190476,0.15738935768604279,0.6192483668751052,0.8957671046257019,0.4
74,llama,NousResearch/Meta-Llama-3.1-8B-Instruct,B1_multi_candidate_random,5,5,1.0,True,1.0,0.6666666666666666,0.8372093023255814,0.2345631867647171,0.3528284272114752,0.8463866829872131,1.0
74,llama,NousResearch/Meta-Llama-3.1-8B-Instruct,B2_quality_filtered_random,5,5,1.0,True,1.0,0.6888888888888889,0.875,0.23522892594337463,0.30909360166028266,0.834002161026001,1.0
74,llama,NousResearch/Meta-Llama-3.1-8B-Instruct,B3_full_kazdiv,5,5,1.0,True,1.0,0.625,0.8627450980392157,0.2557896673679352,0.3531613203440108,0.833970308303833,1.0
75,kazllm,issai/LLama-3.1-KazLLM-1.0-8B,B0_baseline,5,5,1.0,True,0.8,0.30612244897959184,0.38636363636363635,0.05323055386543274,0.8921113863984225,0.9708110213279724,0.8
75,kazllm,issai/LLama-3.1-KazLLM-1.0-8B,B1_multi_candidate_random,5,5,1.0,True,1.0,0.3877551020408163,0.5681818181818182,0.1684391349554062,0.7710962208265559,0.8958529114723206,1.0
75,kazllm,issai/LLama-3.1-KazLLM-1.0-8B,B2_quality_filtered_random,5,5,1.0,True,1.0,0.39622641509433965,0.5208333333333334,0.14627747237682343,0.7878360216470129,0.9040496587753296,1.0
75,kazllm,issai/LLama-3.1-KazLLM-1.0-8B,B3_full_kazdiv,5,5,1.0,True,1.0,0.40816326530612246,0.5454545454545454,0.1125582903623581,0.7685780156346902,0.9223461270332336,1.0
75,llama,NousResearch/Meta-Llama-3.1-8B-Instruct,B0_baseline,5,5,1.0,True,1.0,0.4,0.6166666666666667,0.19109515845775604,0.6394778309010057,0.8777276992797851,1.0
75,llama,NousResearch/Meta-Llama-3.1-8B-Instruct,B1_multi_candidate_random,5,5,1.0,True,1.0,0.6785714285714286,0.8431372549019608,0.28390300273895264,0.3304529360352849,0.8284025907516479,0.6
75,llama,NousResearch/Meta-Llama-3.1-8B-Instruct,B2_quality_filtered_random,5,5,1.0,True,1.0,0.5614035087719298,0.7307692307692307,0.21288137137889862,0.48100705907448493,0.8700503706932068,1.0
75,llama,NousResearch/Meta-Llama-3.1-8B-Instruct,B3_full_kazdiv,5,5,1.0,True,1.0,0.5483870967741935,0.7017543859649122,0.22146129608154297,0.49879099796637283,0.8637220382690429,1.0
76,kazllm,issai/LLama-3.1-KazLLM-1.0-8B,B0_baseline,5,5,1.0,True,1.0,0.42857142857142855,0.5517241379310345,0.1252327710390091,0.7247848082461914,0.9324167966842651,0.8
76,kazllm,issai/LLama-3.1-KazLLM-1.0-8B,B1_multi_candidate_random,5,5,1.0,True,1.0,0.28125,0.4067796610169492,0.047385264188051224,0.8868657936388289,0.9698496699333191,0.8
76,kazllm,issai/LLama-3.1-KazLLM-1.0-8B,B2_quality_filtered_random,5,5,1.0,True,1.0,0.28125,0.3898305084745763,0.030236531049013138,0.8461242189164547,0.9817504763603211,1.0
76,kazllm,issai/LLama-3.1-KazLLM-1.0-8B,B3_full_kazdiv,5,5,1.0,True,0.6,0.25,0.288135593220339,0.019422436133027077,0.9186623249355328,0.9877931714057923,1.0
76,llama,NousResearch/Meta-Llama-3.1-8B-Instruct,B0_baseline,5,5,1.0,True,1.0,0.5416666666666666,0.6716417910447762,0.2101004421710968,0.5863096957849966,0.8423164367675782,0.8
76,llama,NousResearch/Meta-Llama-3.1-8B-Instruct,B1_multi_candidate_random,5,5,1.0,True,1.0,0.39344262295081966,0.5535714285714286,0.07210967689752579,0.745001617849639,0.9612180709838867,1.0
76,llama,NousResearch/Meta-Llama-3.1-8B-Instruct,B2_quality_filtered_random,5,5,1.0,True,1.0,0.36065573770491804,0.6071428571428571,0.07828565686941147,0.7047049436042545,0.9542773365974426,1.0
76,llama,NousResearch/Meta-Llama-3.1-8B-Instruct,B3_full_kazdiv,5,5,1.0,True,1.0,0.42857142857142855,0.6470588235294118,0.1022874116897583,0.6474429563759839,0.940881884098053,1.0
77,kazllm,issai/LLama-3.1-KazLLM-1.0-8B,B0_baseline,5,5,1.0,True,1.0,0.4444444444444444,0.6122448979591837,0.06999168545007706,0.6345207545061257,0.9616891503334045,0.8
77,kazllm,issai/LLama-3.1-KazLLM-1.0-8B,B1_multi_candidate_random,5,5,1.0,True,1.0,0.425531914893617,0.6190476190476191,0.10121698677539825,0.6900686825093145,0.9237014055252075,1.0
77,kazllm,issai/LLama-3.1-KazLLM-1.0-8B,B2_quality_filtered_random,5,5,1.0,True,0.8,0.375,0.5116279069767442,0.08748271316289902,0.83496566365081,0.9328184723854065,1.0
77,kazllm,issai/LLama-3.1-KazLLM-1.0-8B,B3_full_kazdiv,5,5,1.0,True,1.0,0.40384615384615385,0.5957446808510638,0.08112266659736633,0.747065867548847,0.9468448877334594,1.0
77,llama,NousResearch/Meta-Llama-3.1-8B-Instruct,B0_baseline,5,5,1.0,True,1.0,0.36619718309859156,0.48484848484848486,0.23081739246845245,0.5924243226644529,0.8522967457771301,0.8
77,llama,NousResearch/Meta-Llama-3.1-8B-Instruct,B1_multi_candidate_random,5,5,1.0,True,1.0,0.40816326530612246,0.5909090909090909,0.11132945865392685,0.6784499911199455,0.9314311027526856,1.0
77,llama,NousResearch/Meta-Llama-3.1-8B-Instruct,B2_quality_filtered_random,5,5,1.0,True,1.0,0.4423076923076923,0.6382978723404256,0.10611610114574432,0.6591466849625529,0.9344190359115601,1.0
77,llama,NousResearch/Meta-Llama-3.1-8B-Instruct,B3_full_kazdiv,5,5,1.0,True,1.0,0.3877551020408163,0.5454545454545454,0.08860929310321808,0.6873499956164225,0.9440249681472779,1.0
78,kazllm,issai/LLama-3.1-KazLLM-1.0-8B,B0_baseline,5,5,1.0,True,0.8,0.26666666666666666,0.38181818181818183,0.05698540806770325,0.8721944392484259,0.9687209725379944,0.6
78,kazllm,issai/LLama-3.1-KazLLM-1.0-8B,B1_multi_candidate_random,5,5,1.0,True,1.0,0.375,0.5423728813559322,0.10323653370141983,0.7691678959786008,0.9262994050979614,1.0
78,kazllm,issai/LLama-3.1-KazLLM-1.0-8B,B2_quality_filtered_random,5,5,1.0,True,0.8,0.36666666666666664,0.509090909090909,0.08004143089056015,0.7850102461928935,0.9468120217323304,1.0
78,kazllm,issai/LLama-3.1-KazLLM-1.0-8B,B3_full_kazdiv,5,5,1.0,True,1.0,0.359375,0.5084745762711864,0.0686180368065834,0.7463715812734202,0.95894855260849,1.0
78,llama,NousResearch/Meta-Llama-3.1-8B-Instruct,B0_baseline,5,5,1.0,True,1.0,0.5166666666666667,0.7636363636363637,0.23796582221984863,0.5152238586930017,0.8101834535598755,1.0
78,llama,NousResearch/Meta-Llama-3.1-8B-Instruct,B1_multi_candidate_random,5,5,1.0,True,1.0,0.4918032786885246,0.6964285714285714,0.17287053167819977,0.4933572365559991,0.8487659931182862,1.0
78,llama,NousResearch/Meta-Llama-3.1-8B-Instruct,B2_quality_filtered_random,5,5,1.0,True,1.0,0.5,0.7346938775510204,0.16443416476249695,0.4812635476474192,0.8579222917556762,1.0
78,llama,NousResearch/Meta-Llama-3.1-8B-Instruct,B3_full_kazdiv,5,5,1.0,True,1.0,0.46153846153846156,0.6595744680851063,0.17944025993347168,0.5753304146425875,0.8762806534767151,1.0
79,kazllm,issai/LLama-3.1-KazLLM-1.0-8B,B0_baseline,5,5,1.0,True,1.0,0.46,0.6,0.10384850203990936,0.6724077186309239,0.9119488000869751,1.0
79,kazllm,issai/LLama-3.1-KazLLM-1.0-8B,B1_multi_candidate_random,5,5,1.0,True,1.0,0.5098039215686274,0.6304347826086957,0.09537206590175629,0.5961515826197588,0.9147507548332214,1.0
79,kazllm,issai/LLama-3.1-KazLLM-1.0-8B,B2_quality_filtered_random,5,5,1.0,True,1.0,0.44,0.6444444444444445,0.0997045561671257,0.6490175763150872,0.9151079893112183,1.0
79,kazllm,issai/LLama-3.1-KazLLM-1.0-8B,B3_full_kazdiv,5,5,1.0,True,1.0,0.4444444444444444,0.5306122448979592,0.10403462499380112,0.7130936481949222,0.9165559411048889,1.0
79,llama,NousResearch/Meta-Llama-3.1-8B-Instruct,B0_baseline,5,5,1.0,True,1.0,0.6125,0.84,0.2900591194629669,0.36434285391888965,0.7396092772483825,0.4
79,llama,NousResearch/Meta-Llama-3.1-8B-Instruct,B1_multi_candidate_random,5,5,1.0,True,1.0,0.6666666666666666,0.918918918918919,0.24782049655914307,0.2759782095592858,0.8047862768173217,0.6
79,llama,NousResearch/Meta-Llama-3.1-8B-Instruct,B2_quality_filtered_random,5,5,1.0,True,1.0,0.6530612244897959,0.9090909090909091,0.19529783725738525,0.3314300932288342,0.8411383152008056,1.0
79,llama,NousResearch/Meta-Llama-3.1-8B-Instruct,B3_full_kazdiv,5,5,1.0,True,1.0,0.7142857142857143,0.8409090909090909,0.22222737967967987,0.3280689183048887,0.8266313433647156,1.0
80,kazllm,issai/LLama-3.1-KazLLM-1.0-8B,B0_baseline,5,5,1.0,True,1.0,0.4927536231884058,0.671875,0.1784685105085373,0.6066462933669372,0.8973841071128845,1.0
80,kazllm,issai/LLama-3.1-KazLLM-1.0-8B,B1_multi_candidate_random,5,5,1.0,True,1.0,0.4375,0.5932203389830508,0.12605705857276917,0.6587915080963871,0.8597577214241028,1.0
80,kazllm,issai/LLama-3.1-KazLLM-1.0-8B,B2_quality_filtered_random,5,5,1.0,True,1.0,0.42857142857142855,0.5862068965517241,0.10877647250890732,0.6681090740178796,0.8647364020347595,1.0
80,kazllm,issai/LLama-3.1-KazLLM-1.0-8B,B3_full_kazdiv,5,5,1.0,True,1.0,0.453125,0.6440677966101694,0.13017849624156952,0.6082159004042758,0.8628395438194275,1.0
80,llama,NousResearch/Meta-Llama-3.1-8B-Instruct,B0_baseline,5,5,1.0,True,1.0,0.35,0.5037037037037037,0.240922212600708,0.5520216873314314,0.8151732683181763,0.4
80,llama,NousResearch/Meta-Llama-3.1-8B-Instruct,B1_multi_candidate_random,5,5,1.0,True,1.0,0.5409836065573771,0.7857142857142857,0.187360480427742,0.4731273405584974,0.8226274847984314,0.8
80,llama,NousResearch/Meta-Llama-3.1-8B-Instruct,B2_quality_filtered_random,5,5,1.0,True,1.0,0.4696969696969697,0.6885245901639344,0.18828484416007996,0.5807525283083462,0.837033474445343,1.0
80,llama,NousResearch/Meta-Llama-3.1-8B-Instruct,B3_full_kazdiv,5,5,1.0,True,1.0,0.5081967213114754,0.75,0.1797315776348114,0.5375709951699897,0.8611639380455017,1.0
81,kazllm,issai/LLama-3.1-KazLLM-1.0-8B,B0_baseline,5,5,1.0,True,0.8,0.3333333333333333,0.43636363636363634,0.012286430224776268,0.826193424615095,0.9903910279273986,1.0
81,kazllm,issai/LLama-3.1-KazLLM-1.0-8B,B1_multi_candidate_random,5,5,1.0,True,1.0,0.40350877192982454,0.5384615384615384,0.1175309419631958,0.752710844463574,0.9248088836669922,1.0
81,kazllm,issai/LLama-3.1-KazLLM-1.0-8B,B2_quality_filtered_random,5,5,1.0,True,1.0,0.30357142857142855,0.5098039215686274,0.1147390753030777,0.822321052378479,0.9253405094146728,1.0
81,kazllm,issai/LLama-3.1-KazLLM-1.0-8B,B3_full_kazdiv,5,5,1.0,True,1.0,0.39655172413793105,0.6226415094339622,0.11064614355564117,0.6559077645471094,0.9137498497962951,1.0
81,llama,NousResearch/Meta-Llama-3.1-8B-Instruct,B0_baseline,5,5,1.0,True,1.0,0.38461538461538464,0.5333333333333333,0.06480016559362411,0.7570893251701059,0.9625679612159729,1.0
81,llama,NousResearch/Meta-Llama-3.1-8B-Instruct,B1_multi_candidate_random,5,5,1.0,True,1.0,0.6730769230769231,0.8723404255319149,0.23126034438610077,0.3168018666010955,0.8292185068130493,0.8
81,llama,NousResearch/Meta-Llama-3.1-8B-Instruct,B2_quality_filtered_random,5,5,1.0,True,1.0,0.5714285714285714,0.8431372549019608,0.1701934039592743,0.3933633538694476,0.8865985035896301,1.0
81,llama,NousResearch/Meta-Llama-3.1-8B-Instruct,B3_full_kazdiv,5,5,1.0,True,1.0,0.6346153846153846,0.8723404255319149,0.21028542518615723,0.32793595661430675,0.848558759689331,1.0
82,kazllm,issai/LLama-3.1-KazLLM-1.0-8B,B0_baseline,5,5,1.0,True,0.8,0.3448275862068966,0.4716981132075472,0.0386887863278389,0.7910244000496602,0.9772361636161804,0.6
82,kazllm,issai/LLama-3.1-KazLLM-1.0-8B,B1_multi_candidate_random,5,5,1.0,True,1.0,0.3442622950819672,0.4642857142857143,0.0761207714676857,0.7855436181166184,0.9561354994773865,1.0
82,kazllm,issai/LLama-3.1-KazLLM-1.0-8B,B2_quality_filtered_random,5,5,1.0,True,1.0,0.40625,0.5423728813559322,0.09561920166015625,0.6947493749799237,0.9488634586334228,1.0
82,kazllm,issai/LLama-3.1-KazLLM-1.0-8B,B3_full_kazdiv,5,5,1.0,True,0.8,0.32786885245901637,0.42857142857142855,0.06999430805444717,0.8688481019090546,0.9598494887351989,1.0
82,llama,NousResearch/Meta-Llama-3.1-8B-Instruct,B0_baseline,5,5,1.0,True,1.0,0.42592592592592593,0.5510204081632653,0.16937783360481262,0.694071830596962,0.8940171241760254,1.0
82,llama,NousResearch/Meta-Llama-3.1-8B-Instruct,B1_multi_candidate_random,5,5,1.0,True,1.0,0.5862068965517241,0.8113207547169812,0.16533735394477844,0.4357484866836819,0.896481740474701,1.0
82,llama,NousResearch/Meta-Llama-3.1-8B-Instruct,B2_quality_filtered_random,5,5,1.0,True,1.0,0.5285714285714286,0.7384615384615385,0.18317730724811554,0.3938977457928728,0.8571822285652161,1.0
82,llama,NousResearch/Meta-Llama-3.1-8B-Instruct,B3_full_kazdiv,5,5,1.0,True,1.0,0.5818181818181818,0.84,0.18328818678855896,0.386648259241457,0.8916118144989014,1.0
83,kazllm,issai/LLama-3.1-KazLLM-1.0-8B,B0_baseline,5,5,1.0,True,1.0,0.36538461538461536,0.5106382978723404,0.048209816217422485,0.7668961409497496,0.9737305879592896,0.8
83,kazllm,issai/LLama-3.1-KazLLM-1.0-8B,B1_multi_candidate_random,5,5,1.0,True,1.0,0.44680851063829785,0.5714285714285714,0.10250799357891083,0.6849258590472015,0.9393076539039612,0.8
83,kazllm,issai/LLama-3.1-KazLLM-1.0-8B,B2_quality_filtered_random,5,5,1.0,True,0.8,0.391304347826087,0.4878048780487805,0.09680373966693878,0.7805680488805709,0.9415971875190735,1.0
83,kazllm,issai/LLama-3.1-KazLLM-1.0-8B,B3_full_kazdiv,5,5,1.0,True,0.8,0.3333333333333333,0.4418604651162791,0.059036917984485626,0.8576036704495872,0.9622642874717713,1.0
83,llama,NousResearch/Meta-Llama-3.1-8B-Instruct,B0_baseline,5,5,1.0,True,1.0,0.36363636363636365,0.47540983606557374,0.10088346153497696,0.6916534533373431,0.9447500944137573,0.8
83,llama,NousResearch/Meta-Llama-3.1-8B-Instruct,B1_multi_candidate_random,5,5,1.0,True,1.0,0.5517241379310345,0.7358490566037735,0.1324605792760849,0.5342174707553805,0.9233906984329223,1.0
83,llama,NousResearch/Meta-Llama-3.1-8B-Instruct,B2_quality_filtered_random,5,5,1.0,True,1.0,0.5106382978723404,0.6190476190476191,0.1168750673532486,0.5900547403488534,0.9373854398727417,1.0
83,llama,NousResearch/Meta-Llama-3.1-8B-Instruct,B3_full_kazdiv,5,5,1.0,True,1.0,0.52,0.6444444444444445,0.10823316872119904,0.5721282814748019,0.9416473507881165,1.0
84,kazllm,issai/LLama-3.1-KazLLM-1.0-8B,B0_baseline,5,5,1.0,True,1.0,0.36538461538461536,0.48936170212765956,0.07665269076824188,0.8012850434836066,0.9532897353172303,0.8
84,kazllm,issai/LLama-3.1-KazLLM-1.0-8B,B1_multi_candidate_random,4,4,1.0,False,0.75,0.43902439024390244,0.5675675675675675,0.03988422825932503,0.735874364923958,0.9678623527288437,1.0
84,kazllm,issai/LLama-3.1-KazLLM-1.0-8B,B2_quality_filtered_random,4,4,1.0,False,0.75,0.43902439024390244,0.5675675675675675,0.03988422825932503,0.735874364923958,0.9678623527288437,1.0
84,kazllm,issai/LLama-3.1-KazLLM-1.0-8B,B3_full_kazdiv,5,4,0.8,False,0.75,0.325,0.4444444444444444,0.036488890647888184,0.8758316733001856,0.9773955792188644,1.0
84,llama,NousResearch/Meta-Llama-3.1-8B-Instruct,B0_baseline,5,5,1.0,True,1.0,0.5256410256410257,0.6986301369863014,0.24668331444263458,0.5144130717708861,0.8517579436302185,0.8
84,llama,NousResearch/Meta-Llama-3.1-8B-Instruct,B1_multi_candidate_random,5,5,1.0,True,1.0,0.4117647058823529,0.5217391304347826,0.13995635509490967,0.6767839767008708,0.9137005567550659,1.0
84,llama,NousResearch/Meta-Llama-3.1-8B-Instruct,B2_quality_filtered_random,5,5,1.0,True,1.0,0.37254901960784315,0.45652173913043476,0.11658737808465958,0.7413977467273128,0.9320680260658264,1.0
84,llama,NousResearch/Meta-Llama-3.1-8B-Instruct,B3_full_kazdiv,5,5,1.0,True,1.0,0.3,0.4222222222222222,0.07259786128997803,0.8167939002791821,0.9590545177459717,1.0
85,kazllm,issai/LLama-3.1-KazLLM-1.0-8B,B0_baseline,5,5,1.0,True,0.8,0.42857142857142855,0.5227272727272727,0.04518912360072136,0.8366856896531921,0.9687372922897339,1.0
85,kazllm,issai/LLama-3.1-KazLLM-1.0-8B,B1_multi_candidate_random,5,5,1.0,True,1.0,0.4318181818181818,0.5897435897435898,0.09194457530975342,0.7184995332478834,0.9270288586616516,1.0
85,kazllm,issai/LLama-3.1-KazLLM-1.0-8B,B2_quality_filtered_random,5,5,1.0,True,1.0,0.37209302325581395,0.5,0.07386644184589386,0.846390329789408,0.9374804377555848,1.0
85,kazllm,issai/LLama-3.1-KazLLM-1.0-8B,B3_full_kazdiv,5,5,1.0,True,1.0,0.3695652173913043,0.5365853658536586,0.08477909862995148,0.7811998809812892,0.9427823424339294,1.0
85,llama,NousResearch/Meta-Llama-3.1-8B-Instruct,B0_baseline,5,5,1.0,True,1.0,0.5507246376811594,0.734375,0.1847577691078186,0.5108981102955428,0.8676786661148072,1.0
85,llama,NousResearch/Meta-Llama-3.1-8B-Instruct,B1_multi_candidate_random,5,5,1.0,True,1.0,0.48,0.6888888888888889,0.10065627098083496,0.5512654549603078,0.9172244668006897,1.0
85,llama,NousResearch/Meta-Llama-3.1-8B-Instruct,B2_quality_filtered_random,5,5,1.0,True,1.0,0.5166666666666667,0.6727272727272727,0.11259482055902481,0.518525090666289,0.903152334690094,1.0
85,llama,NousResearch/Meta-Llama-3.1-8B-Instruct,B3_full_kazdiv,5,5,1.0,True,1.0,0.5087719298245614,0.6538461538461539,0.1354883462190628,0.6148048562413183,0.9165216684341431,1.0
86,kazllm,issai/LLama-3.1-KazLLM-1.0-8B,B0_baseline,5,5,1.0,True,1.0,0.3333333333333333,0.41304347826086957,0.019365709275007248,0.853861885190458,0.9844265699386596,0.8
86,kazllm,issai/LLama-3.1-KazLLM-1.0-8B,B1_multi_candidate_random,5,5,1.0,True,1.0,0.4583333333333333,0.6744186046511628,0.06403979659080505,0.6452341280709974,0.9566327333450317,0.8
86,kazllm,issai/LLama-3.1-KazLLM-1.0-8B,B2_quality_filtered_random,5,5,1.0,True,1.0,0.5294117647058824,0.7391304347826086,0.07697038352489471,0.5820561436288283,0.9461960315704345,1.0
86,kazllm,issai/LLama-3.1-KazLLM-1.0-8B,B3_full_kazdiv,5,5,1.0,True,1.0,0.30612244897959184,0.4318181818181818,0.019981104880571365,0.8905822704713675,0.9836828112602234,1.0
86,llama,NousResearch/Meta-Llama-3.1-8B-Instruct,B0_baseline,5,5,1.0,True,1.0,0.3364485981308411,0.4803921568627451,0.10760439932346344,0.6036595028066648,0.9236624956130981,0.6
86,llama,NousResearch/Meta-Llama-3.1-8B-Instruct,B1_multi_candidate_random,5,5,1.0,True,1.0,0.4222222222222222,0.575,0.04109690338373184,0.690786009852862,0.9611474633216858,1.0
86,llama,NousResearch/Meta-Llama-3.1-8B-Instruct,B2_quality_filtered_random,5,5,1.0,True,1.0,0.38095238095238093,0.5135135135135135,0.049980901181697845,0.6904860944770582,0.9524937033653259,1.0
86,llama,NousResearch/Meta-Llama-3.1-8B-Instruct,B3_full_kazdiv,5,5,1.0,True,1.0,0.4,0.525,0.06582643836736679,0.6753018068006907,0.9530421376228333,1.0
87,kazllm,issai/LLama-3.1-KazLLM-1.0-8B,B0_baseline,5,5,1.0,True,0.4,0.21818181818181817,0.22,0.006557583808898926,0.9809068067466582,0.9974485754966735,0.2
87,kazllm,issai/LLama-3.1-KazLLM-1.0-8B,B1_multi_candidate_random,5,5,1.0,True,1.0,0.38181818181818183,0.52,0.04746963456273079,0.7514498805542286,0.9725581526756286,0.8
87,kazllm,issai/LLama-3.1-KazLLM-1.0-8B,B2_quality_filtered_random,5,5,1.0,True,1.0,0.35714285714285715,0.5098039215686274,0.0446021631360054,0.7684668735547283,0.972926652431488,1.0
87,kazllm,issai/LLama-3.1-KazLLM-1.0-8B,B3_full_kazdiv,5,5,1.0,True,1.0,0.2909090909090909,0.4,0.021408552303910255,0.8714739642001064,0.9864553332328796,1.0
87,llama,NousResearch/Meta-Llama-3.1-8B-Instruct,B0_baseline,5,5,1.0,True,1.0,0.47692307692307695,0.6666666666666666,0.18584014475345612,0.6355299101805543,0.8717617392539978,0.6
87,llama,NousResearch/Meta-Llama-3.1-8B-Instruct,B1_multi_candidate_random,5,5,1.0,True,1.0,0.41818181818181815,0.6,0.14049282670021057,0.6165773593391545,0.898618197441101,1.0
87,llama,NousResearch/Meta-Llama-3.1-8B-Instruct,B2_quality_filtered_random,5,5,1.0,True,1.0,0.3508771929824561,0.5576923076923077,0.1309615671634674,0.6701006696688554,0.9214442014694214,1.0
87,llama,NousResearch/Meta-Llama-3.1-8B-Instruct,B3_full_kazdiv,5,5,1.0,True,1.0,0.2833333333333333,0.45454545454545453,0.12077973037958145,0.6902307086417775,0.9317717313766479,1.0
88,kazllm,issai/LLama-3.1-KazLLM-1.0-8B,B0_baseline,5,5,1.0,True,0.6,0.2916666666666667,0.37209302325581395,0.023387689143419266,0.9,0.9842738747596741,0.4
88,kazllm,issai/LLama-3.1-KazLLM-1.0-8B,B1_multi_candidate_random,5,5,1.0,True,0.8,0.3333333333333333,0.37209302325581395,0.05222427845001221,0.8715182627382048,0.9685764074325561,0.6
88,kazllm,issai/LLama-3.1-KazLLM-1.0-8B,B2_quality_filtered_random,5,5,1.0,True,1.0,0.375,0.4883720930232558,0.06181111931800842,0.7389846800238663,0.962239933013916,1.0
88,kazllm,issai/LLama-3.1-KazLLM-1.0-8B,B3_full_kazdiv,5,5,1.0,True,1.0,0.3541666666666667,0.46511627906976744,0.060029037296772,0.7602573366626372,0.9633208990097046,1.0
88,llama,NousResearch/Meta-Llama-3.1-8B-Instruct,B0_baseline,5,5,1.0,True,1.0,0.2916666666666667,0.4186046511627907,0.13999590277671814,0.8457400801458548,0.9056833148002624,0.8
88,llama,NousResearch/Meta-Llama-3.1-8B-Instruct,B1_multi_candidate_random,5,5,1.0,True,1.0,0.5208333333333334,0.7674418604651163,0.20462588965892792,0.4724082390305247,0.8710745453834534,1.0
88,llama,NousResearch/Meta-Llama-3.1-8B-Instruct,B2_quality_filtered_random,5,5,1.0,True,1.0,0.5,0.6666666666666666,0.19472821056842804,0.6037882813680739,0.8733213424682618,1.0
88,llama,NousResearch/Meta-Llama-3.1-8B-Instruct,B3_full_kazdiv,5,5,1.0,True,1.0,0.4489795918367347,0.6136363636363636,0.1753545105457306,0.6235410258717196,0.886804735660553,1.0
89,kazllm,issai/LLama-3.1-KazLLM-1.0-8B,B0_baseline,5,5,1.0,True,1.0,0.5,0.6181818181818182,0.06898166984319687,0.6332253717177301,0.9585608005523681,1.0
89,kazllm,issai/LLama-3.1-KazLLM-1.0-8B,B1_multi_candidate_random,5,5,1.0,True,0.8,0.3220338983050847,0.48148148148148145,0.023556673899292946,0.7925720641455587,0.9847456574440002,1.0
89,kazllm,issai/LLama-3.1-KazLLM-1.0-8B,B2_quality_filtered_random,5,5,1.0,True,0.8,0.2833333333333333,0.38181818181818183,0.03278440237045288,0.86795391667209,0.981762170791626,1.0
89,kazllm,issai/LLama-3.1-KazLLM-1.0-8B,B3_full_kazdiv,5,5,1.0,True,0.8,0.25862068965517243,0.32075471698113206,0.012724781408905983,0.9427204202399745,0.9936102509498597,1.0
89,llama,NousResearch/Meta-Llama-3.1-8B-Instruct,B0_baseline,5,5,1.0,True,1.0,0.42592592592592593,0.5102040816326531,0.11466825008392334,0.7598675621707465,0.9203934073448181,0.8
89,llama,NousResearch/Meta-Llama-3.1-8B-Instruct,B1_multi_candidate_random,5,5,1.0,True,1.0,0.6071428571428571,0.8235294117647058,0.14538000524044037,0.3983987995661261,0.9008272051811218,1.0
89,llama,NousResearch/Meta-Llama-3.1-8B-Instruct,B2_quality_filtered_random,5,5,1.0,True,1.0,0.5272727272727272,0.78,0.16493679583072662,0.4936137737439597,0.8948543071746826,1.0
89,llama,NousResearch/Meta-Llama-3.1-8B-Instruct,B3_full_kazdiv,5,5,1.0,True,1.0,0.5789473684210527,0.8269230769230769,0.13160143792629242,0.39323515226773714,0.908584189414978,1.0
90,kazllm,issai/LLama-3.1-KazLLM-1.0-8B,B0_baseline,5,5,1.0,True,0.6,0.3392857142857143,0.4117647058823529,0.037330854684114456,0.8160020577478573,0.9819264888763428,0.4
90,kazllm,issai/LLama-3.1-KazLLM-1.0-8B,B1_multi_candidate_random,5,5,1.0,True,0.8,0.32727272727272727,0.42,0.024959897622466087,0.8425226046484477,0.9864538073539734,0.6
90,kazllm,issai/LLama-3.1-KazLLM-1.0-8B,B2_quality_filtered_random,5,5,1.0,True,1.0,0.5,0.7254901960784313,0.06424437463283539,0.512214179178937,0.9582211971282959,1.0
90,kazllm,issai/LLama-3.1-KazLLM-1.0-8B,B3_full_kazdiv,5,5,1.0,True,1.0,0.45454545454545453,0.64,0.08531497418880463,0.6146428223427896,0.9489692807197571,1.0
90,llama,NousResearch/Meta-Llama-3.1-8B-Instruct,B0_baseline,5,5,1.0,True,1.0,0.2524271844660194,0.3469387755102041,0.16803021728992462,0.5899572065188233,0.8823959589004516,0.6
90,llama,NousResearch/Meta-Llama-3.1-8B-Instruct,B1_multi_candidate_random,5,5,1.0,True,1.0,0.5671641791044776,0.7903225806451613,0.1743670403957367,0.3815314823806696,0.8941015839576721,1.0
90,llama,NousResearch/Meta-Llama-3.1-8B-Instruct,B2_quality_filtered_random,5,5,1.0,True,1.0,0.5333333333333333,0.7090909090909091,0.1876436471939087,0.5137387629894479,0.8765482902526855,1.0
90,llama,NousResearch/Meta-Llama-3.1-8B-Instruct,B3_full_kazdiv,5,5,1.0,True,1.0,0.5185185185185185,0.673469387755102,0.1505342423915863,0.5408162545826769,0.9149639725685119,1.0
91,kazllm,issai/LLama-3.1-KazLLM-1.0-8B,B0_baseline,5,5,1.0,True,0.8,0.2727272727272727,0.4,0.021980393677949905,0.9308308129530595,0.987003231048584,0.6
91,kazllm,issai/LLama-3.1-KazLLM-1.0-8B,B1_multi_candidate_random,5,5,1.0,True,1.0,0.3392857142857143,0.43137254901960786,0.014593517407774925,0.8085686271429221,0.9830269932746887,1.0
91,kazllm,issai/LLama-3.1-KazLLM-1.0-8B,B2_quality_filtered_random,5,5,1.0,True,1.0,0.34545454545454546,0.44,0.017494523897767067,0.8037298693859031,0.9836229681968689,1.0
91,kazllm,issai/LLama-3.1-KazLLM-1.0-8B,B3_full_kazdiv,5,5,1.0,True,0.8,0.2545454545454545,0.36,0.019781583920121193,0.9084531514757919,0.9861320972442627,1.0
91,llama,NousResearch/Meta-Llama-3.1-8B-Instruct,B0_baseline,5,5,1.0,True,1.0,0.359375,0.4406779661016949,0.14146919548511505,0.7888980343897497,0.9105220079421997,1.0
91,llama,NousResearch/Meta-Llama-3.1-8B-Instruct,B1_multi_candidate_random,5,5,1.0,True,1.0,0.423728813559322,0.6666666666666666,0.06087713688611984,0.622538770890191,0.9523730874061584,1.0
91,llama,NousResearch/Meta-Llama-3.1-8B-Instruct,B2_quality_filtered_random,5,5,1.0,True,1.0,0.43333333333333335,0.6545454545454545,0.08747127652168274,0.603547760753055,0.9466152429580689,1.0
91,llama,NousResearch/Meta-Llama-3.1-8B-Instruct,B3_full_kazdiv,5,5,1.0,True,1.0,0.35714285714285715,0.5686274509803921,0.09588463604450226,0.71185484214034,0.9427169322967529,1.0
92,kazllm,issai/LLama-3.1-KazLLM-1.0-8B,B0_baseline,5,5,1.0,True,1.0,0.32,0.4666666666666667,0.04830644279718399,0.8140566926150079,0.9718240737915039,1.0
92,kazllm,issai/LLama-3.1-KazLLM-1.0-8B,B1_multi_candidate_random,5,5,1.0,True,0.8,0.26,0.35555555555555557,0.015308159403502941,0.9552688589376224,0.9857691168785095,1.0
92,kazllm,issai/LLama-3.1-KazLLM-1.0-8B,B2_quality_filtered_random,5,5,1.0,True,0.8,0.3137254901960784,0.43478260869565216,0.019143158569931984,0.8777604440176052,0.9844418048858643,1.0
92,kazllm,issai/LLama-3.1-KazLLM-1.0-8B,B3_full_kazdiv,5,5,1.0,True,0.8,0.26,0.37777777777777777,0.017340313643217087,0.9200988467820939,0.9885650634765625,1.0
92,llama,NousResearch/Meta-Llama-3.1-8B-Instruct,B0_baseline,5,5,1.0,True,1.0,0.5370370370370371,0.7755102040816326,0.12719830870628357,0.4788431732698829,0.9262360572814942,1.0
92,llama,NousResearch/Meta-Llama-3.1-8B-Instruct,B1_multi_candidate_random,5,5,1.0,True,1.0,0.391304347826087,0.5609756097560976,0.0571095235645771,0.7218111218701108,0.9636163830757141,1.0
92,llama,NousResearch/Meta-Llama-3.1-8B-Instruct,B2_quality_filtered_random,5,5,1.0,True,1.0,0.3958333333333333,0.5581395348837209,0.04334316775202751,0.6790181064617636,0.9727807164192199,1.0
92,llama,NousResearch/Meta-Llama-3.1-8B-Instruct,B3_full_kazdiv,5,5,1.0,True,1.0,0.42,0.6,0.0692756250500679,0.6719192487814762,0.9604440808296204,1.0
93,kazllm,issai/LLama-3.1-KazLLM-1.0-8B,B0_baseline,5,5,1.0,True,0.8,0.3050847457627119,0.37037037037037035,0.021669209003448486,0.8941392772412445,0.9865056037902832,0.8
93,kazllm,issai/LLama-3.1-KazLLM-1.0-8B,B1_multi_candidate_random,5,5,1.0,True,0.8,0.2833333333333333,0.38181818181818183,0.049372464418411255,0.864527025392329,0.9676963448524475,1.0
93,kazllm,issai/LLama-3.1-KazLLM-1.0-8B,B2_quality_filtered_random,5,5,1.0,True,0.8,0.2542372881355932,0.3148148148148148,0.057521335780620575,0.9018588580633672,0.9626980423927307,1.0
93,kazllm,issai/LLama-3.1-KazLLM-1.0-8B,B3_full_kazdiv,5,5,1.0,True,0.4,0.25,0.2909090909090909,0.04203391820192337,0.9279204298133663,0.9723415851593018,1.0
93,llama,NousResearch/Meta-Llama-3.1-8B-Instruct,B0_baseline,5,5,1.0,True,1.0,0.48484848484848486,0.5901639344262295,0.20704522728919983,0.6476362103821532,0.8833222389221191,1.0
93,llama,NousResearch/Meta-Llama-3.1-8B-Instruct,B1_multi_candidate_random,5,5,1.0,True,1.0,0.6458333333333334,0.7906976744186046,0.20715022087097168,0.38355966962339455,0.8410154938697815,0.8
93,llama,NousResearch/Meta-Llama-3.1-8B-Instruct,B2_quality_filtered_random,5,5,1.0,True,1.0,0.7,0.9111111111111111,0.21764712035655975,0.2689340862207051,0.8511820077896118,1.0
93,llama,NousResearch/Meta-Llama-3.1-8B-Instruct,B3_full_kazdiv,5,5,1.0,True,1.0,0.6304347826086957,0.926829268292683,0.19734492897987366,0.2595763036918887,0.8738934636116028,1.0
94,kazllm,issai/LLama-3.1-KazLLM-1.0-8B,B0_baseline,5,5,1.0,True,0.6,0.2222222222222222,0.2857142857142857,0.002269274089485407,0.9411449192467009,0.9814351081848145,1.0
94,kazllm,issai/LLama-3.1-KazLLM-1.0-8B,B1_multi_candidate_random,5,5,1.0,True,1.0,0.37037037037037035,0.4489795918367347,0.04957744479179382,0.7474082490424211,0.9555677652359009,1.0
94,kazllm,issai/LLama-3.1-KazLLM-1.0-8B,B2_quality_filtered_random,5,5,1.0,True,1.0,0.32075471698113206,0.4583333333333333,0.06078950688242912,0.8050995454539427,0.9512064695358277,1.0
94,kazllm,issai/LLama-3.1-KazLLM-1.0-8B,B3_full_kazdiv,5,5,1.0,True,0.8,0.32142857142857145,0.39215686274509803,0.040146954357624054,0.8564427065658444,0.9643869757652282,1.0
94,llama,NousResearch/Meta-Llama-3.1-8B-Instruct,B0_baseline,5,5,1.0,True,1.0,0.6176470588235294,0.8571428571428571,0.1336372196674347,0.33332227831097727,0.9085867047309876,1.0
94,llama,NousResearch/Meta-Llama-3.1-8B-Instruct,B1_multi_candidate_random,5,5,1.0,True,1.0,0.5396825396825397,0.7758620689655172,0.07962210476398468,0.4694806497220497,0.9334731698036194,1.0
94,llama,NousResearch/Meta-Llama-3.1-8B-Instruct,B2_quality_filtered_random,5,5,1.0,True,1.0,0.5161290322580645,0.7543859649122807,0.07369288802146912,0.5249053649903066,0.9348057627677917,1.0
94,llama,NousResearch/Meta-Llama-3.1-8B-Instruct,B3_full_kazdiv,5,5,1.0,True,1.0,0.4576271186440678,0.6851851851851852,0.08887247741222382,0.6112682545782308,0.9261988401412964,1.0
95,kazllm,issai/LLama-3.1-KazLLM-1.0-8B,B0_baseline,5,5,1.0,True,1.0,0.3469387755102041,0.4772727272727273,0.05774000287055969,0.8056018395079937,0.9672869563102722,1.0
95,kazllm,issai/LLama-3.1-KazLLM-1.0-8B,B1_multi_candidate_random,5,5,1.0,True,1.0,0.391304347826087,0.4878048780487805,0.11435241997241974,0.7401888964634706,0.9211317420005798,1.0
95,kazllm,issai/LLama-3.1-KazLLM-1.0-8B,B2_quality_filtered_random,5,5,1.0,True,1.0,0.37777777777777777,0.45,0.11231029033660889,0.7883203228059716,0.921497356891632,1.0
95,kazllm,issai/LLama-3.1-KazLLM-1.0-8B,B3_full_kazdiv,5,5,1.0,True,1.0,0.3404255319148936,0.40476190476190477,0.10454857349395752,0.83845810972717,0.9330415010452271,1.0
95,llama,NousResearch/Meta-Llama-3.1-8B-Instruct,B0_baseline,5,5,1.0,True,1.0,0.3333333333333333,0.4482758620689655,0.1427653431892395,0.6618198894178322,0.9157161593437195,1.0
95,llama,NousResearch/Meta-Llama-3.1-8B-Instruct,B1_multi_candidate_random,5,5,1.0,True,1.0,0.5576923076923077,0.7446808510638298,0.13228675723075867,0.4723709405104838,0.9305336117744446,1.0
95,llama,NousResearch/Meta-Llama-3.1-8B-Instruct,B2_quality_filtered_random,5,5,1.0,True,1.0,0.5106382978723404,0.7380952380952381,0.10622382164001465,0.512881162668094,0.9360886216163635,1.0
95,llama,NousResearch/Meta-Llama-3.1-8B-Instruct,B3_full_kazdiv,5,5,1.0,True,1.0,0.625,0.813953488372093,0.16697773337364197,0.40787298037884023,0.9040286660194397,1.0
96,kazllm,issai/LLama-3.1-KazLLM-1.0-8B,B0_baseline,5,5,1.0,True,1.0,0.3728813559322034,0.5185185185185185,0.04364863038063049,0.7913058819372409,0.9697457313537597,0.8
96,kazllm,issai/LLama-3.1-KazLLM-1.0-8B,B1_multi_candidate_random,5,5,1.0,True,1.0,0.41379310344827586,0.5660377358490566,0.10694916546344757,0.6680964160568295,0.9134283423423767,1.0
96,kazllm,issai/LLama-3.1-KazLLM-1.0-8B,B2_quality_filtered_random,5,5,1.0,True,1.0,0.3898305084745763,0.5185185185185185,0.0727316290140152,0.7279300167226987,0.9338759422302246,1.0
96,kazllm,issai/LLama-3.1-KazLLM-1.0-8B,B3_full_kazdiv,5,5,1.0,True,1.0,0.4166666666666667,0.5818181818181818,0.08751233667135239,0.7180827426846188,0.9328280329704285,1.0
96,llama,NousResearch/Meta-Llama-3.1-8B-Instruct,B0_baseline,5,5,1.0,True,1.0,0.3875,0.5866666666666667,0.24692007899284363,0.6420646804497907,0.842711341381073,0.8
96,llama,NousResearch/Meta-Llama-3.1-8B-Instruct,B1_multi_candidate_random,5,5,1.0,True,1.0,0.5957446808510638,0.7857142857142857,0.16579821705818176,0.43654897073137144,0.8130005359649658,0.8
96,llama,NousResearch/Meta-Llama-3.1-8B-Instruct,B2_quality_filtered_random,5,5,1.0,True,1.0,0.6415094339622641,0.9166666666666666,0.2112240046262741,0.24744912972055116,0.8398626804351806,1.0
96,llama,NousResearch/Meta-Llama-3.1-8B-Instruct,B3_full_kazdiv,5,5,1.0,True,1.0,0.5869565217391305,0.7804878048780488,0.16235025227069855,0.4684664381276127,0.8290702819824218,1.0
97,kazllm,issai/LLama-3.1-KazLLM-1.0-8B,B0_baseline,5,5,1.0,True,0.8,0.39655172413793105,0.49056603773584906,0.0761108323931694,0.8118545804848984,0.9536175727844238,0.6
97,kazllm,issai/LLama-3.1-KazLLM-1.0-8B,B1_multi_candidate_random,5,5,1.0,True,1.0,0.39655172413793105,0.5471698113207547,0.07578209787607193,0.7466720963259025,0.9498532891273499,1.0
97,kazllm,issai/LLama-3.1-KazLLM-1.0-8B,B2_quality_filtered_random,5,5,1.0,True,1.0,0.36065573770491804,0.5,0.11389193683862686,0.7955510795768099,0.9252661824226379,1.0
97,kazllm,issai/LLama-3.1-KazLLM-1.0-8B,B3_full_kazdiv,5,5,1.0,True,1.0,0.3770491803278688,0.5357142857142857,0.11415718495845795,0.7552697645339952,0.9124158024787903,1.0
97,llama,NousResearch/Meta-Llama-3.1-8B-Instruct,B0_baseline,5,5,1.0,True,1.0,0.23529411764705882,0.35,0.15152354538440704,0.810383973824842,0.9095970392227173,1.0
97,llama,NousResearch/Meta-Llama-3.1-8B-Instruct,B1_multi_candidate_random,5,5,1.0,True,1.0,0.5689655172413793,0.6981132075471698,0.23023681342601776,0.49291008664311275,0.8642932772636414,1.0
97,llama,NousResearch/Meta-Llama-3.1-8B-Instruct,B2_quality_filtered_random,5,5,1.0,True,1.0,0.4642857142857143,0.6470588235294118,0.18865709006786346,0.6262507798224376,0.8997848510742188,1.0
97,llama,NousResearch/Meta-Llama-3.1-8B-Instruct,B3_full_kazdiv,5,5,1.0,True,1.0,0.4426229508196721,0.6607142857142857,0.1887282133102417,0.61238882911178,0.8815936088562012,1.0
98,kazllm,issai/LLama-3.1-KazLLM-1.0-8B,B0_baseline,5,5,1.0,True,0.8,0.23728813559322035,0.25925925925925924,0.015997666865587234,0.9383994098483956,0.992010486125946,0.6
98,kazllm,issai/LLama-3.1-KazLLM-1.0-8B,B1_multi_candidate_random,5,5,1.0,True,1.0,0.3728813559322034,0.5,0.07319178432226181,0.7434492174144522,0.9559794425964355,1.0
98,kazllm,issai/LLama-3.1-KazLLM-1.0-8B,B2_quality_filtered_random,5,5,1.0,True,1.0,0.3770491803278688,0.5714285714285714,0.10003525018692017,0.6795117418199965,0.9393126487731933,1.0
98,kazllm,issai/LLama-3.1-KazLLM-1.0-8B,B3_full_kazdiv,5,5,1.0,True,0.6,0.23333333333333334,0.2909090909090909,0.027494126930832863,0.9632993161855452,0.984344744682312,1.0
98,llama,NousResearch/Meta-Llama-3.1-8B-Instruct,B0_baseline,5,5,1.0,True,1.0,0.47297297297297297,0.6231884057971014,0.16521981358528137,0.6451692805499492,0.8837226033210754,1.0
98,llama,NousResearch/Meta-Llama-3.1-8B-Instruct,B1_multi_candidate_random,5,5,1.0,True,1.0,0.5344827586206896,0.7169811320754716,0.20893335342407227,0.5252150586875616,0.8853666186332703,1.0
98,llama,NousResearch/Meta-Llama-3.1-8B-Instruct,B2_quality_filtered_random,5,5,1.0,True,1.0,0.39622641509433965,0.6041666666666666,0.12390444427728653,0.6830708957947383,0.9298013567924499,1.0
98,llama,NousResearch/Meta-Llama-3.1-8B-Instruct,B3_full_kazdiv,5,5,1.0,True,1.0,0.532258064516129,0.7543859649122807,0.12458459287881851,0.443772604515284,0.9203628063201904,1.0
99,kazllm,issai/LLama-3.1-KazLLM-1.0-8B,B0_baseline,5,5,1.0,True,1.0,0.3188405797101449,0.40625,0.05465192720293999,0.8974976922349779,0.9642618060111999,0.8
99,kazllm,issai/LLama-3.1-KazLLM-1.0-8B,B1_multi_candidate_random,5,5,1.0,True,0.8,0.328125,0.4745762711864407,0.08099251240491867,0.8196091090046383,0.9541836977005005,0.8
99,kazllm,issai/LLama-3.1-KazLLM-1.0-8B,B2_quality_filtered_random,5,5,1.0,True,0.6,0.2857142857142857,0.3448275862068966,0.03855270892381668,0.8822936738809097,0.9715059995651245,1.0
99,kazllm,issai/LLama-3.1-KazLLM-1.0-8B,B3_full_kazdiv,5,5,1.0,True,0.6,0.2857142857142857,0.3448275862068966,0.03855270892381668,0.8822936738809097,0.9715059995651245,1.0
99,llama,NousResearch/Meta-Llama-3.1-8B-Instruct,B0_baseline,5,5,1.0,True,1.0,0.35714285714285715,0.47692307692307695,0.06725289672613144,0.7349770970376379,0.9595342397689819,1.0
99,llama,NousResearch/Meta-Llama-3.1-8B-Instruct,B1_multi_candidate_random,5,5,1.0,True,1.0,0.42424242424242425,0.5573770491803278,0.11046626418828964,0.7026128342761179,0.9251726984977722,1.0
99,llama,NousResearch/Meta-Llama-3.1-8B-Instruct,B2_quality_filtered_random,5,5,1.0,True,1.0,0.38571428571428573,0.6,0.10651814937591553,0.6949820364732965,0.919693899154663,1.0
99,llama,NousResearch/Meta-Llama-3.1-8B-Instruct,B3_full_kazdiv,5,5,1.0,True,1.0,0.41333333333333333,0.5857142857142857,0.10120415687561035,0.6927859133060087,0.9309953093528748,1.0
100,kazllm,issai/LLama-3.1-KazLLM-1.0-8B,B0_baseline,5,5,1.0,True,1.0,0.49019607843137253,0.6521739130434783,0.09465007483959198,0.5929035358815842,0.9473951578140258,1.0
100,kazllm,issai/LLama-3.1-KazLLM-1.0-8B,B1_multi_candidate_random,5,5,1.0,True,1.0,0.33962264150943394,0.5208333333333334,0.12128806114196777,0.734418008700074,0.9128680944442749,1.0
100,kazllm,issai/LLama-3.1-KazLLM-1.0-8B,B2_quality_filtered_random,5,5,1.0,True,1.0,0.3269230769230769,0.5106382978723404,0.13087141513824463,0.7631621336704268,0.9094886898994445,1.0
100,kazllm,issai/LLama-3.1-KazLLM-1.0-8B,B3_full_kazdiv,5,5,1.0,True,1.0,0.24074074074074073,0.3673469387755102,0.08822152018547058,0.897828393470751,0.9383653402328491,1.0
100,llama,NousResearch/Meta-Llama-3.1-8B-Instruct,B0_baseline,5,5,1.0,True,1.0,0.3048780487804878,0.4935064935064935,0.15126320719718933,0.5647481770819617,0.8981850266456604,0.8
100,llama,NousResearch/Meta-Llama-3.1-8B-Instruct,B1_multi_candidate_random,5,5,1.0,True,1.0,0.4117647058823529,0.6304347826086957,0.1251385509967804,0.6215816694158283,0.9270383954048157,1.0
100,llama,NousResearch/Meta-Llama-3.1-8B-Instruct,B2_quality_filtered_random,5,5,1.0,True,1.0,0.3469387755102041,0.5454545454545454,0.09117188304662704,0.7525860995504352,0.9421789407730102,1.0
100,llama,NousResearch/Meta-Llama-3.1-8B-Instruct,B3_full_kazdiv,5,5,1.0,True,1.0,0.40350877192982454,0.6153846153846154,0.10835494846105576,0.6385750337866993,0.9409779191017151,1.0
